Distance_km,Depth_km,Lon,Lat,Strike,Dip,Rake,ux_m,uy_m,uz_m,sxx_bar,syy_bar,szz_bar,syz_bar,sxz_bar,sxy_bar,Shear_bar,Normal_bar,Coulomb_bar
0,0,120.5,-9.2,90,32,90.00003038757863,0.04522769688521028,0.12082816763885823,-0.031821246878691756,0.33530814836689066,0.6980684690927892,-0.0000000000000018735013540549517,0.0000000000000005123671464995694,0.0000000000000007146468283014566,0.7942126850320863,-0.31370966875158296,0.1960276968796419,-0.2352985899997262
0,2,120.5,-9.2,90,32,90.00003038757863,0.044582159643680425,0.11970174792388788,-0.03114058798552838,0.3259519362146234,0.6798206545720524,-0.0004236578858604291,0.012184721303393029,0.01086748233378569,0.7781689884724469,-0.3003581249656283,0.1796472037053303,-0.22849924348349618
0,4,120.5,-9.2,90,32,90.00003038757863,0.04389622981215072,0.11850640146878888,-0.030472831202036088,0.3169298181052024,0.6630652927441917,-0.0016493747632193054,0.023934872226891404,0.020962013115378805,0.7623960183179269,-0.28822823059226815,0.16349957279265281,-0.22282840147520702
0,6,120.5,-9.2,90,32,90.00003038757863,0.04317386513578428,0.11724421772025106,-0.02981499247463304,0.30823311345161103,0.6476222249815797,-0.0035699079248890974,0.03557918735618274,0.030475168451753663,0.7468946662272751,-0.27704672065578495,0.14731587571932858,-0.2181203703680535
0,8,120.5,-9.2,90,32,90.00003038757863,0.04241818007323345,0.11591599347331061,-0.02916456449412136,0.2998384678866512,0.6332538981294948,-0.006033934976128204,0.0473932346587097,0.03957601496985978,0.7316291732271634,-0.2665180346820601,0.1308905541671675,-0.2141618130151931
0,10,120.5,-9.2,90,32,90.00003038757863,0.04163154512630521,0.1145214654150768,-0.028519652611271096,0.2917106084406951,0.6196797426819708,-0.008856834728162712,0.059594001416947116,0.04840766015581407,0.7165339161561639,-0.2563379964766325,0.11408257018912682,-0.2107049684009818
0,12,120.5,-9.2,90,32,90.00003038757863,0.040815697196014855,0.11305955900223563,-0.027879072915212633,0.28380513776915567,0.6065905167153339,-0.011831493003045196,0.07233690752481026,0.05708499561712251,0.7015203831697674,-0.24620642562397077,0.09681434724522552,-0.20748068672588055
0,14,120.5,-9.2,90,32,90.00003038757863,0.0399718565101638,0.11152864450101874,-0.02724241297625929,0.27607129067574143,0.5936622283637782,-0.01473881986108862,0.08571505429406315,0.06569356056795736,0.6864841221042328,-0.23583844991638342,0.07906879116462512,-0.20421093345053337
0,16,120.5,-9.2,90,32,90.00003038757863,0.03910084599575098,0.10992679179391884,-0.02661005673023409,0.26845458743837475,0.5805693160436555,-0.017357720990258133,0.09976049576197996,0.07428943642593777,0.6713114758612968,-0.22497435231375162,0.060884677419601824,-0.2006204813459109
0,18,120.5,-9.2,90,32,90.00003038757863,0.03820320934752158,0.10825201639996074,-0.025983175783421242,0.26089932866807714,0.5669968214482839,-0.01947431234560431,0.11444730897325774,0.08290007262972947,0.6558859466204963,-0.2133878365582689,0.04235068289125586,-0.19644756340176656
0,20,120.5,-9.2,90,32,90.00003038757863,0.03727932445389748,0.10650251003511091,-0.02536369007784489,0.2533508855192572,0.5526513359867897,-0.020890204002279502,0.12969623444105272,0.09152593656631017,0.6400940552751981,-0.20089263496522575,0.023598331341125028,-0.19145330242877573
0,22,120.5,-9.2,90,32,90.00003038757863,0.03632950927229528,0.10467684994355875,-0.024754201403702103,0.24575774715521587,0.5372705389262326,-0.021429708520557065,0.14538065380008064,0.10014287514891206,0.6238305843975989,-0.18734741382241268,0.004794115027949614,-0.18542976781123283
0,24,120.5,-9.2,90,32,90.00003038757863,0.03535411769159849,0.10277418215839773,-0.024157903699492222,0.2380732947394642,0.5206311781375831,-0.020945853808768424,0.16133366589542505,0.10870507095536992,0.6070031131188126,-0.17265896012319867,-0.013868948494493176,-0.17820653952099594
0,26,120.5,-9.2,90,32,90.00003038757863,0.034353623377678305,0.10079437480737502,-0.02357847445061667,0.23025727822991354,0.5025553755507469,-0.019325103770776057,0.17735601418136915,0.11714847135689567,0.5895357716423422,-0.15678366152174053,-0.03218006583508452,-0.16965568785577434
0,28,120.5,-9.2,90,32,90.00003038757863,0.03332869006703232,0.0987381385724807,-0.02301995178350813,0.2222769792508456,0.4829151724678483,-0.016490715012019385,0.19322460785873655,0.12539456475116995,0.5713721627591027,-0.13972732205707608,-0.049919464217892465,-0.15969510774423307
0,30,120.5,-9.2,90,32,90.00003038757863,0.0322802272519179,0.09660711244352715,-0.02248660204514974,0.21410805058796334,0.4616352672891325,-0.01240468694376373,0.20870136847760903,0.13335437436645722,0.552477418540135,-0.12154339075587828,-0.0668669764499375,-0.14829018133585328
0,32,120.5,-9.2,90,32,90.00003038757863,0.031209430683752565,0.09440391396991438,-0.021982782741723828,0.20573503055064887,0.4386939413323805,-0.007068297110086393,0.22354212549448607,0.1409325379842311,0.53283938279947,-0.10232971871320806,-0.08281016121100344,-0.13545378319760945
0,34,120.5,-9.2,90,32,90.00003038757863,0.030117807603049412,0.09213215429544463,-0.02151280566714453,0.19715153857400075,0.41412221724169956,-0.0005212535290574583,0.23750528162568324,0.14803134236881174,0.5124689339036573,-0.08222400130939701,-0.09755171812864004,-0.12124468856085303
0,36,120.5,-9.2,90,32,90.00003038757863,0.02900718707343697,0.08979641933152727,-0.021080804866665637,0.1883601668271872,0.3880013475146461,0.0071604599658172926,0.25035997477303024,0.15455458520029486,0.4913994874980382,-0.06139810331361968,-0.1109159793268526,-0.10576449504436072
0,38,120.5,-9.2,90,32,90.00003038757863,0.027879716241104163,0.08740221944822701,-0.020690613742908592,0.17937209094276946,0.3604587851857363,0.015867923409959125,0.2618934801526874,0.1604111456704549,0.46968574369906135,-0.04005150239910734,-0.1227542920527987,-0.08915321922022681
0,40,120.5,-9.2,90,32,90.00003038757863,0.026737843744181478,0.08495591099792299,-0.02034565512136921,0.17020643085984444,0.3316628410173378,0.025463638956986556,0.2719176252890248,0.16551815802871184,0.44740176689659716,-0.018404117370134677,-0.13294915038296945,-0.07158377752332246
0,42,120.5,-9.2,90,32,90.00003038757863,0.025584291843339324,0.08246459378849741,-0.020048847461198394,0.160889399702467,0.3018162775546687,0.0357867019593997,0.28027403164113884,0.16980370018080346,0.42463850698333555,0.0033111922947810183,-0.14141698628104057,-0.053255602217635215
0,44,120.5,-9.2,90,32,90.00003038757863,0.02442201912077735,0.07993598925070511,-0.01980252964834983,0.15145328411952014,0.271149126108686,0.0466585487007733,0.2868380482656634,0.1732089313470185,0.4015008870771572,0.024856161885622383,-0.14810958855934608,-0.03438767353811605
0,46,120.5,-9.2,90,32,90.00003038757863,0.02325417578802308,0.07737830446441668,-0.01960840597661162,0.14193530318949732,0.23991103481845658,0.05788902598621821,0.2915213022280463,0.17568963769848947,0.3781045933669096,0.045994405899867516,-0.15301417878593065,-0.015211265614504747
0,48,120.5,-9.2,90,32,90.00003038757863,0.02208405374612943,0.0748000873996153,-0.019467512050378888,0.13237639456467654,0.20836346222643076,0.06928252299246963,0.29427285359973376,0.17721717135389797,0.3545727067456463,0.06649818817777058,-0.1561522316077037,0.004037295534689095
0,50,120.5,-9.2,90,32,90.00003038757863,0.020915033552791146,0.07221007868412294,-0.019380201478453207,0.12281997587786037,0.17677202051992583,0.08064391545163062,0.2950790054248227,0.1777787944684443,0.3310323130848713,0.08615445081908163,-0.15757717910665675,0.023123579176418926
0,52,120.5,-9.2,90,32,90.00003038757863,0.019750530372975583,0.0696170649406756,-0.019346152417827,0.11331072662382392,0.14539924652782762,0.09178409566762719,0.29396187659682915,0.17737746469266227,0.30761121961094506,0.10476992243806825,-0.1573711810103608,0.04182145003392393
0,54,120.5,-9.2,90,32,90.00003038757863,0.018593940831828998,0.06702973826589137,-0.01936439231297915,0.10389343099155572,0.11449803891249566,0.10252489702881905,0.290976894241855,0.17603111949613057,0.2844348896783112,0.12217518126383793,-0.15564117215365209,0.059918712402377096
0,56,120.5,-9.2,90,32,90.00003038757863,0.01744859246426561,0.06445656579023884,-0.01943333859390961,0.09461191584036946,0.08430595009390975,0.11270326555549522,0.28620939896876535,0.1737715335402067,0.2616236885477171,0.138227606853028,-0.15251441409097352,0.07722184121663861
0,58,120.5,-9.2,90,32,90.00003038757863,0.01631769718162901,0.061905672507523324,-0.019550852668400953,0.08550811066058171,0.05504046532964889,0.12217457995163519,0.2797705794279596,0.170642834675699,0.2392905101188901,0.1528132115064548,-0.14813377907112146,0.09355969987800622
0,60,120.5,-9.2,90,32,90.00003038757863,0.015204309870682359,0.05938473974521391,-0.019714304281514217,0.0766212484627755,0.026895343329764464,0.13081507177680124,0.27179296153242305,0.16669976995082056,0.21753883061069154,0.16584739500883208,-0.14265298283140898,0.10878620187626849
4.924393419595291,0,120.53148148148148,-9.168518518518518,90,32,90.00003038757863,0.047702041614271495,0.13160993724508735,-0.036179313353793485,0.33134216650501586,0.7937820306801865,-0.0000000000000010061396160665481,0.00000000000000009017274692348575,-0.000000000000000052925936769838034,0.8643461413803087,-0.3567230386930085,0.22290544579517438,-0.2675608603749387
4.924393419595291,2,120.53148148148148,-9.168518518518518,90,32,90.00003038757863,0.04694262565967133,0.13029784379888754,-0.03541762730360126,0.3214180217334064,0.7728354098646052,-0.0007244829837867533,0.010555083099859247,0.010096316415421167,0.8454682463352032,-0.3430082361134254,0.20701544892307,-0.26020205654419737
4.924393419595291,4,120.53148148148148,-9.168518518518518,90,32,90.00003038757863,0.046149451326316565,0.1289259053718093,-0.034669221335859146,0.31205153680209197,0.7544104123057702,-0.002804164070678887,0.02089525392660173,0.019423592360628978,0.827326123835951,-0.331129876299185,0.19105208318663194,-0.25470904302453223
4.924393419595291,6,120.53148148148148,-9.168518518518518,90,32,90.00003038757863,0.04532638396951166,0.12749489739960546,-0.03392911989928932,0.3032076839658783,0.7381779652632299,-0.006045521109958323,0.031493390809414164,0.028244354201666936,0.8098763143619833,-0.32064581057671643,0.17463709832497143,-0.25079097124672783
4.924393419595291,8,120.53148148148148,-9.168518518518518,90,32,90.00003038757863,0.04447615973765537,0.12600374646059587,-0.033193174469450415,0.2948345602463775,0.7237317183366743,-0.010197316984501761,0.04273765720975444,0.03678597249108247,0.7930272196537356,-0.3110903615394932,0.1574881923854116,-0.24809508458532858
4.924393419595291,10,120.53148148148148,-9.168518518518518,90,32,90.00003038757863,0.04360053864247204,0.12444989771830495,-0.03245823803067771,0.28686710661593595,0.7106099523282493,-0.01496653896851851,0.05492570851693076,0.04523678252552438,0.7766491255620136,-0.3019938714945586,0.13941890758960496,-0.2462263084587166
4.924393419595291,12,120.53148148148148,-9.168518518518518,90,32,90.00003038757863,0.04270046920240364,0.12282969810896494,-0.03172228427294149,0.2792307802675142,0.6983168748843923,-0.02003392054988063,0.06826227395272613,0.053743825698896276,0.7605842421520235,-0.29290030814072776,0.12033562075601872,-0.24476605983832028
4.924393419595291,14,120.53148148148148,-9.168518518518518,90,32,90.00003038757863,0.04177625867595536,0.12113878264197026,-0.03098447359452433,0.27184509762478093,0.6863428584843434,-0.02506870336810398,0.08285973865197661,0.06241206770286874,0.7446564987699617,-0.2833827382609278,0.10023208667568508,-0.24328990359065378
4.924393419595291,16,120.53148148148148,-9.168518518518518,90,32,90.00003038757863,0.040827743494649626,0.1193724525897461,-0.030245169031966945,0.2646269814034733,0.6741832805703623,-0.02974238324792056,0.09874136670046448,0.07130494343209978,0.7286808797125341,-0.2730565589580052,0.0791819458962589,-0.2413837805995016
4.924393419595291,18,120.53148148148148,-9.168518518518518,90,32,90.00003038757863,0.039854455108845666,0.11752603568858833,-0.02950590602326658,0.2574938576509965,0.6613556994999304,-0.03374124357612566,0.1158468317703085,0.08044607871121467,0.712472124673577,-0.26159042446611047,0.0573295632512115,-0.23865859916562587
4.924393419595291,20,120.53148148148148,-9.168518518518518,90,32,90.00003038757863,0.03885577705622553,0.11559521973579606,-0.02876932053235781,0.25036645853531314,0.6474151477828128,-0.036777515163038454,0.1340397470486533,0.08982204158115083,0.6958526479651282,-0.2487148331899644,0.03487952855498845,-0.234763021767969
4.924393419595291,22,120.53148148148148,-9.168518518518518,90,32,90.00003038757863,0.03783108964731355,0.11357635216624717,-0.02803904058919071,0.24317129433167226,0.6319673528287799,-0.038599020508111134,0.15311690246782148,0.09938597774721168,0.6786595535105644,-0.2342283538382718,0.012085130795543391,-0.22939430152005447
4.924393419595291,24,120.53148148148148,-9.168518518518518,90,32,90.00003038757863,0.03677989923934827,0.11146669936108211,-0.02731954677403825,0.2358427643750594,0.6146797138549325,-0.03899716977278733,0.1728189202838977,0.10906198395004496,0.6607506414132494,-0.21800148068167177,-0.010763887150641988,-0.22230703554192857
4.924393419595291,26,120.53148148148148,-9.168518518518518,90,32,90.00003038757863,0.03570194964856371,0.10926466062974688,-0.026616007614492232,0.22832488258249659,0.5952898807193744,-0.03781318383666537,0.19284202877582457,0.1187500687496271,0.6420093194169658,-0.19997812422884317,-0.033353977121164516,-0.21331971507730899
4.924393419595291,28,120.53148148148148,-9.168518518518518,90,32,90.00003038757863,0.034597313841778304,0.10696993305935243,-0.025934096261046258,0.2205725993152182,0.5736118044680961,-0.03494243397412107,0.21285063046939406,0.1283315429524262,0.622348351522203,-0.1801747710166251,-0.05536050386456216,-0.20231897256244996
4.924393419595291,30,120.53148148148148,-9.168518518518518,90,32,90.00003038757863,0.03346646465861172,0.10458362477433508,-0.0252797951324385,0.21255270848763827,0.5495391666490964,-0.030336813710034043,0.23249031078104648,0.1376746730929513,0.6017123985646287,-0.15867738802620568,-0.0764601799354527,-0.18926146000038677
4.924393419595291,32,120.53148148148148,-9.168518518518518,90,32,90.00003038757863,0.032310323947363884,0.1021083156056819,-0.02465919543033379,0.20424433731741712,0.5230461486107024,-0.02400509969583995,0.25140090219566913,0.14664042314219716,0.5800793329748142,-0.13563620362373005,-0.09634285120654301,-0.17417334410634727
4.924393419595291,34,120.53148148148148,-9.168518518518518,90,32,90.00003038757863,0.031130290144651462,0.09954806571742131,-0.024078298463172,0.19563902601620412,0.4941855735082034,-0.016011315539570456,0.2692291957971073,0.15508810444647006,0.5574603424170993,-0.11125856492800788,-0.11472226695808244,-0.15714747171124085
4.924393419595291,36,120.53148148148148,-9.168518518518518,90,32,90.00003038757863,0.029928244977179108,0.09690837433633909,-0.023542825543112267,0.18674041578243883,0.46308453971935926,-0.006471183006546144,0.2856408836361117,0.16288075423811144,0.5338988736106195,-0.08580014547378043,-0.13134548756172837,-0.13833834049847177
4.924393419595291,38,120.53148148148148,-9.168518518518518,90,32,90.00003038757863,0.028706540591977053,0.09419609231273818,-0.023058042792427624,0.1775635751187224,0.4299377589512291,0.004453176231126279,0.30033132809037283,0.16989007088904848,0.5094685063927498,-0.059554849384865785,-0.14600062424761298,-0.11795509908391098
4.924393419595291,40,120.53148148148148,-9.168518518518518,90,32,90.00003038757863,0.027467969002241688,0.09141929372200158,-0.02262860650119325,0.16813400597256561,0.3949989074091434,0.0165600452059687,0.313034791664981,0.17600075058986958,0.48426988623979067,-0.032843820567728166,-0.1585226697322087,-0.09625288846061164
4.924393419595291,42,120.53148148148148,-9.168518518518518,90,32,90.00003038757863,0.026215716240376802,0.08858711300821243,-0.02225843372694425,0.15848638158791364,0.358570384777885,0.029616106628935417,0.323531823138902,0.18111409549606985,0.45842687784955455,-0.006004009639882013,-0.1687972627988141,-0.07352291475940766
4.924393419595291,44,120.53148148148148,-9.168518518518518,90,32,90.00003038757863,0.024953304010159327,0.08570955518542023,-0.021950601655910562,0.14866307635407097,0.3209919443950836,0.04336525432695656,0.3316545808296579,0.18515079664662495,0.43208212988975536,0.020623229033284503,-0.17676232856873259,-0.05008170239420853
4.924393419595291,46,120.53148148148148,-9.168518518518518,90,32,90.00003038757863,0.023684521903113875,0.0827972872783212,-0.021707277915953838,0.1387125535773208,0.2826287013264733,0.05753781103983443,0.3372899752621399,0.1880528341596751,0.40539225897837633,0.04670304657739928,-0.18240764131221496,-0.0262600099474867
4.924393419595291,48,120.53148148148148,-9.168518518518518,90,32,90.00003038757863,0.022413353375152018,0.07986141945567421,-0.021529682623023905,0.12868767944002968,0.2438590380877284,0.07185973235077112,0.34038062366037636,0.1897844795914544,0.37852286760034914,0.07191708938049027,-0.1857724592537114,-0.0023918943209942922
4.924393419595291,50,120.53148148148148,-9.168518518518518,90,32,90.00003038757863,0.02114389866325922,0.07691328417147197,-0.02141808154535807,0.11864403022258134,0.20506290876440972,0.08606139396653763,0.3409237182233319,0.19033242771759754,0.35164360529498045,0.09597220804753148,-0.18694147207162212,0.021195619218882633
4.924393419595291,52,120.53148148148148,-9.168518518518518,90,32,90.00003038757863,0.01988029766419891,0.0739642210986286,-0.021371808472183007,0.10863825524902208,0.1666109929695163,0.09988560297087412,0.33896800993856296,0.18970512414556717,0.32492346557665147,0.11860760960297584,-0.18603937411528862,0.04419185995686038
4.924393419595291,54,120.53148148148148,-9.168518518518518,90,32,90.00003038757863,0.01862665551378931,0.07102537476643644,-0.02138931375582387,0.09872655039672056,0.12885507627991827,0.113094538679279,0.3346091918032575,0.1879313882513941,0.29852648428456124,0.13960027583018952,-0.1832244244211475,0.06631050606173051
4.924393419595291,56,120.53148148148148,-9.168518518518518,90,32,90.00003038757863,0.017386973220679336,0.06810751067027954,-0.02146823511972329,0.08896328705776162,0.09211994071769934,0.1254754088772559,0.32798402399779947,0.18505845580678554,0.2726079708652679,0.15876857420704585,-0.17868137583859195,0.08729602387160906
4.924393419595291,58,120.53148148148148,-9.168518518518518,90,32,90.00003038757863,0.0161650852527756,0.06522085430014879,-0.021605486228322257,0.07939982999207532,0.05669694603573478,0.1368446949401455,0.31926357574941616,0.18114958108058987,0.24731136547232274,0.1759740876295064,-0.17261415029592342,0.10692842751113703
4.924393419595291,60,120.53148148148148,-9.168518518518518,90,32,90.00003038757863,0.014964605480355608,0.06237495613012628,-0.0217973582112998,0.07008356546889202,0.02283937879879744,0.14705094690209267,0.30864596413760353,0.17628134388575042,0.22276577486738489,0.191121777518726,-0.16523860835374365,0.12502633417722853
9.848786839190582,0,120.56296296296296,-9.137037037037036,90,32,90.00003038757863,0.0501571680303608,0.1435867435723331,-0.041248253010309044,0.31801205534871585,0.8996230485150335,0.0000000000000009020562075079397,-0.0000000000000006795864756918066,0.00000000000000018554134107779202,0.9361057506355198,-0.4042876568670848,0.2526271305298074,-0.30323680465516184
9.848786839190582,2,120.56296296296296,-9.137037037037036,90,32,90.00003038757863,0.049269444006514757,0.14205730761477853,-0.04039819120654031,0.3079599091853428,0.8759648476890285,-0.0011582383250294962,0.0073023079762568775,0.008651630723817777,0.914089685644285,-0.3909751296552964,0.23858730720311822,-0.29554020677404913
9.848786839190582,4,120.56296296296296,-9.137037037037036,90,32,90.00003038757863,0.04835841483080827,0.1404858575595626,-0.03956090241593374,0.2987241382093124,0.8563532252813804,-0.0044599348204267895,0.01482945278246455,0.016601817826560356,0.8934643008972285,-0.3803458237743403,0.22394019527724351,-0.2907697456634429
9.848786839190582,6,120.56296296296296,-9.137037037037036,90,32,90.00003038757863,0.04742749367065546,0.13887061618797747,-0.03872859599066891,0.2902317188898169,0.8402167567909055,-0.009576824357270534,0.02324764719505329,0.024202336608557858,0.8741136199235978,-0.37170337311469426,0.20816262597647855,-0.28843832272410286
9.848786839190582,8,120.56296296296296,-9.137037037037036,90,32,90.00003038757863,0.04647861272991097,0.13720722323362378,-0.037894847326815806,0.28239154175220577,0.8268839321994341,-0.016107940242920154,0.033091045062638075,0.03175192631526921,0.8558602763700419,-0.36433165238415743,0.1908743047619271,-0.2879819304793866
9.848786839190582,10,120.56296296296296,-9.137037037037036,90,32,90.00003038757863,0.04551245154895847,0.1354893036075548,-0.0370548121846942,0.27509918873670686,0.815615684845665,-0.023602501724103657,0.04475689757438674,0.03949236928463664,0.8384798922092652,-0.3575218044090683,0.17183483906368047,-0.2887878687835961
9.848786839190582,12,120.56296296296296,-9.137037037037036,90,32,90.00003038757863,0.04452867559184989,0.1337090451608462,-0.03620536261999191,0.2682415224902873,0.8056361125119831,-0.031581490789962086,0.058505111744273905,0.04760666896404918,0.8217151054896321,-0.35059593619332763,0.15093724431145128,-0.29022103846874714
9.848786839190582,14,120.56296296296296,-9.137037037037036,90,32,90.00003038757863,0.04352617747408766,0.13185776969002133,-0.03534514956628848,0.26170101497093845,0.7961610176357491,-0.03955766056212934,0.07446154318615208,0.05621907308121486,0.8052889698199123,-0.34292749305399245,0.1281986091655201,-0.29164804938778444
9.848786839190582,16,120.56296296296296,-9.137037037037036,90,32,90.00003038757863,0.042503314162929046,0.12992648324118344,-0.0344745978145129,0.25535976170437946,0.786424038895586,-0.04705383515865668,0.09262446757904284,0.06539670945058906,0.788917517039279,-0.33395838907627845,0.10374845613055038,-0.2924590066240583
9.848786839190582,18,120.56296296296296,-9.137037037037036,90,32,90.00003038757863,0.04145813437333892,0.12790639372445306,-0.03359583954495504,0.2491031408231403,0.7757002217503247,-0.053619418082139506,0.112873787619857,0.07515262803717254,0.7723213216008535,-0.323212982399774,0.07781521275409745,-0.292086897298135
9.848786839190582,20,120.56296296296296,-9.137037037037036,90,32,90.00003038757863,0.04038859117954466,0.12578938544704754,-0.03271259286382977,0.24282308366867686,0.7633268944287033,-0.05884503440848088,0.1349826245516337,0.085450066703831,0.7552359333519897,-0.3103089555895674,0.05071112505819494,-0.2900245055662894
9.848786839190582,22,120.56296296296296,-9.137037037037036,90,32,90.00003038757863,0.03929273557959048,0.12356844150744095,-0.03182999211549131,0.23642092771142476,0.7487216963686083,-0.06237520669347267,0.15863100172740377,0.09620777429542277,0.7374210597134406,-0.29496511559808847,0.022815905150307608,-0.28583875353796545
9.848786839190582,24,120.56296296296296,-9.137037037037036,90,32,90.00003038757863,0.038168887418230574,0.12123800619777492,-0.030954377165181568,0.2298098245286807,0.7313975683948268,-0.06391892294458137,0.18342134508072186,0.10730623036773773,0.7186683848747832,-0.2770060845629846,-0.0054405913819759915,-0.279182321115775
9.848786839190582,26,120.56296296296296,-9.137037037037036,90,32,90.00003038757863,0.03701578072873149,0.11879428078290472,-0.0300930493998105,0.22291667729016096,0.7109744783304444,-0.06325791481484168,0.20889550158137685,0.11859459524800973,0.6988079189323574,-0.2563638290590658,-0.03359632239439388,-0.26980235801682334
9.848786839190582,28,120.56296296296296,-9.137037037037036,90,32,90.00003038757863,0.03583268123265132,0.11623544739681735,-0.02925400284416857,0.21568358518575803,0.687187640611119,-0.06025244136924044,0.23455291793653474,0.12989820868287255,0.6777127798008707,-0.2330759841598482,-0.06117524950944138,-0.2575460839636248
9.848786839190582,30,120.56296296296296,-9.137037037037036,90,32,90.00003038757863,0.034619474466510924,0.11356181742265925,-0.028445639458258176,0.20806877770115997,0.6598920081923016,-0.05484438102245453,0.2598695396730566,0.14102643342453125,0.6553023299334992,-0.20728097678515914,-0.08770528678370342,-0.2423630914986405
9.848786839190582,32,120.56296296296296,-9.137037037037036,90,32,90.00003038757863,0.033376723800190355,0.11077590265358117,-0.02767647825544517,0.20004703033727272,0.6290628782718044,-0.04705747933485466,0.28431690111409186,0.15178061644135601,0.6315436212942518,-0.1792100407780865,-0.11273546678083603,-0.22430422749042092
9.848786839190582,34,120.56296296296296,-9.137037037037036,90,32,90.00003038757863,0.032105698471399574,0.10788240975973501,-0.0269548682324815,0.19160956543554675,0.5947925617989701,-0.03699468505321213,0.30738079752167025,0.16196192044652535,0.6064511463389592,-0.14917633769196825,-0.13585174235094058,-0.2035170346323445
9.848786839190582,36,120.56296296296296,-9.137037037037036,90,32,90.00003038757863,0.030808372663102185,0.10488816104022608,-0.026288715107803173,0.18276345676575673,0.5572832146865857,-0.02483262639062231,0.3285788793220442,0.17137876748213618,0.580084948314845,-0.11756154001814757,-0.15669084073487616,-0.18023787631209803
9.848786839190582,38,120.56296296296296,-9.137037037037036,90,32,90.00003038757863,0.02948739755894919,0.10180194698847916,-0.025685231426258226,0.17353057345075845,0.516836103455143,-0.010813423292229786,0.3474764994064136,0.17985363885796135,0.552547207124513,-0.08480038065967334,-0.17495163288538393,-0.1547810338138269
9.848786839190582,40,120.56296296296296,-9.137037037037036,90,32,90.00003038757863,0.02814604917583516,0.09863431867363798,-0.02515071865256846,0.16394611620868807,0.4738377617585187,0.004765816145769303,0.36370018725521974,0.18722899469452514,0.5239774817533245,-0.051363804773799794,-0.19040357735316202,-0.1275252357150646
9.848786839190582,42,120.56296296296296,-9.137037037037036,90,32,90.00003038757863,0.026788155536627112,0.09539733014707047,-0.024690388444020273,0.154056815114243,0.42874366606140113,0.02156532385065894,0.37694822037041015,0.19337211240409122,0.4945468503330292,-0.01774145921801891,-0.20289193968726024,-0.09889823509292302
9.848786839190582,44,120.56296296296296,-9.137037037037036,90,32,90.00003038757863,0.025418007355258537,0.09210424283511565,-0.024308228426337175,0.14391887144284615,0.3820601980772976,0.039216217378013674,0.38699790895754127,0.19817869507912672,0.4644512378263128,0.015575694222030992,-0.21233966326804826,-0.06936017108518831
9.848786839190582,46,120.56296296296296,-9.137037037037036,90,32,90.00003038757863,0.024040256814962968,0.08876920502153834,-0.024006915610948365,0.13359573522656115,0.33432575118712254,0.05733458196104643,0.3937093917613468,0.20157516420396468,0.43390425356404927,0.048111861964612354,-0.21874595896512153,-0.03938652162143626
9.848786839190582,48,120.56296296296296,-9.137037037037036,90,32,90.00003038757863,0.022659809197987907,0.08540691995386634,-0.023787778243677393,0.12315581392381797,0.28609186665700254,0.07553538596446074,0.3970259420156603,0.2035196209740944,0.4031298727481401,0.07942128364011843,-0.22218186955179303,-0.009451464180598793
9.848786839190582,50,120.56296296296296,-9.137037037037036,90,32,90.00003038757863,0.021281712060862934,0.0820323157921074,-0.023650804541877513,0.1126702056676917,0.23790524936021096,0.09344555943163677,0.39697098262985925,0.20400153053922326,0.37235528617601393,0.10910088317426231,-0.22278323131471545,0.01998759064837613
9.848786839190582,52,120.56296296296296,-9.137037037037036,90,32,90.00003038757863,0.019911046353407486,0.0786602295931974,-0.02359469463585362,0.10221054311464273,0.1902914161261661,0.11071564899484489,0.3936421894031836,0.20304024744335125,0.3418042119559967,0.13680026987139837,-0.2207415837942339,0.048503636353704804
9.848786839190582,54,120.56296296296296,-9.137037037037036,90,32,90.00003038757863,0.018552823382035927,0.07530511589197392,-0.02361695023453847,0.09184702174334775,0.14374058403206666,0.12702958683769097,0.38720320380748885,0.20068255305004465,0.311690915208861,0.16222883743939323,-0.21629365835729886,0.07571137409647369
9.848786839190582,56,120.56296296296296,-9.137037037037036,90,32,90.00003038757863,0.017211890863947976,0.07198078835219196,-0.023713995198142768,0.0816466707707768,0.09869622717478024,0.14211226236532196,0.3778735715430483,0.19699941298365814,0.28221512170741647,0.18515989858152268,-0.20971010301888665,0.10127585737396802
9.848786839190582,58,120.56296296296296,-9.137037037037036,90,32,90.00003038757863,0.015892850563789224,0.0687002006017437,-0.023881319384768784,0.07167190713751662,0.055546537375665325,0.1557347465026848,0.36591756482719534,0.19208218266231258,0.25355794500526735,0.20543197032880547,-0.20128407669891987,0.12491833964923751
9.848786839190582,60,120.56296296296296,-9.137037037037036,90,32,90.00003038757863,0.01459998920683242,0.06547526992467967,-0.024113637853168224,0.0619793948032266,0.014618835256193735,0.1677171742935555,0.35163253673200534,0.18603849188810107,0.22587887984356536,0.22294747599606465,-0.1913202784972693,0.14641936459715693
14.773180258785874,0,120.59444444444445,-9.105555555555554,90,32,90.00003038757863,0.05251533813307724,0.15684925645804437,-0.04713590764721115,0.2923680348720835,1.0138993796915232,-0.000000000000001214306433183765,0.00000000000000000730550753923671,-0.0000000000000007902381556943696,1.006891061603015,-0.4556430800200561,0.284717572943707,-0.3417560508425733
14.773180258785874,2,120.59444444444445,-9.105555555555554,90,32,90.00003038757863,0.05148599039242932,0.1550686986610973,-0.04619126960871617,0.28292775264438963,0.9879000311263881,-0.0017703331461261381,0.0016542951143047695,0.006345410564450256,0.981541221539988,-0.44402944734908767,0.2746565121259189,-0.3341668424987201
14.773180258785874,4,120.59444444444445,-9.105555555555554,90,32,90.00003038757863,0.05044854107120117,0.15327672228799988,-0.04525740167339659,0.27457717720864827,0.968156740218653,-0.006782570922034064,0.004329173836800313,0.012152662779750327,0.958466198080272,-0.43623677536786293,0.2631034170411511,-0.33099540855140247
14.773180258785874,6,120.59444444444445,-9.105555555555554,90,32,90.00003038757863,0.04940541929508563,0.15146701381965483,-0.04432262410384863,0.2671918124611563,0.9537131504822265,-0.014503466416175734,0.008940677197767135,0.017881601263066337,0.9374386784279835,-0.4311940750575711,0.2493499002527928,-0.331454114956454
14.773180258785874,8,120.59444444444445,-9.105555555555554,90,32,90.00003038757863,0.048357157834030995,0.14962974749226193,-0.0433774320426894,0.26062986549828987,0.943490738111541,-0.024313429373175047,0.016203891180800328,0.0239147086451673,0.9181559871413358,-0.42782474620867206,0.23289598206523832,-0.3346663533825767
14.773180258785874,10,120.59444444444445,-9.105555555555554,90,32,90.00003038757863,0.047302722736338315,0.14775244317109826,-0.042414741297026826,0.25473799297218314,0.9363353919600584,-0.0355380834143601,0.026631886862045186,0.030553911246619447,0.9002599993063365,-0.4250821566508855,0.21344142795264484,-0.33970558546982754
14.773180258785874,12,120.59444444444445,-9.105555555555554,90,32,90.00003038757863,0.04623984871494474,0.14582081655472795,-0.0414300275597142,0.249356663217677,0.931059966278096,-0.04747689181802552,0.04053980135404438,0.03801992465210561,0.8833560363399386,-0.4219798406936934,0.19087344280538043,-0.3456304635715412
14.773180258785874,14,120.59444444444445,-9.105555555555554,90,32,90.00003038757863,0.04516537118073291,0.14381960295452834,-0.040421369100425764,0.24432509749225362,0.9264828341852138,-0.05942894758427104,0.058052969936459815,0.04645373146231557,0.8670305277408361,-0.41761685002465826,0.16525164034802087,-0.3515161938854499
14.773180258785874,16,120.59444444444445,-9.105555555555554,90,32,90.00003038757863,0.04407554730229449,0.14173333946342032,-0.03938940247012446,0.23948577175262192,0.9214626332211202,-0.07071615250115129,0.07911834259588803,0.05591986160223475,0.8508673111154805,-0.4111987801751382,0.13679086902330925,-0.3564824325658145
14.773180258785874,18,120.59444444444445,-9.105555555555554,90,32,90.00003038757863,0.0429663596729134,0.13954709279327865,-0.038337200040074515,0.23468846824401376,0.914929415709919,-0.08070401997863347,0.10351870804918015,0.0664112217574537,0.8344624878699077,-0.4020548827294856,0.10584221389828799,-0.3597179971701704
14.773180258785874,20,120.59444444444445,-9.105555555555554,90,32,90.00003038757863,0.04183379710849444,0.13724712160573532,-0.03727007759050144,0.22979386609692926,0.9059123291450875,-0.08882025462215623,0.13088947164682999,0.07785528307184561,0.8174377614898862,-0.3896514994629894,0.07287232767479682,-0.36050256839307065
14.773180258785874,22,120.59444444444445,-9.105555555555554,90,32,90.00003038757863,0.040674107844790475,0.13482146306823117,-0.03619533992507462,0.22467665485237767,0.8935637941239102,-0.09457111986139273,0.160737868331048,0.09012147709150985,0.7994521702250472,-0.373601860990843,0.03844118034746153,-0.3582253888518584
14.773180258785874,24,120.59444444444445,-9.105555555555554,90,32,90.00003038757863,0.03948402103055473,0.13226043397547432,-0.035121972755430386,0.2192281473102941,0.8771799611680559,-0.09755543802465644,0.19246452777785564,0.10302966481558153,0.780212098491545,-0.35367211805910215,0.0031783525011731327,-0.3524007770586329
14.773180258785874,26,120.59444444444445,-9.105555555555554,90,32,90.00003038757863,0.03826093301561062,0.12955703743933705,-0.034060289899751184,0.21335836121216317,0.856217054668713,-0.09747590990870257,0.22538724766165688,0.11635953221962742,0.7594794238925932,-0.3297833519346286,-0.032241883213286214,-0.3426801052199431
14.773180258785874,28,120.59444444444445,-9.105555555555554,90,32,90.00003038757863,0.037003055594864026,0.12670726719174757,-0.0330215460838823,0.20699753562322096,0.8303030904367038,-0.09414732550911238,0.258766686228537,0.1298607311242216,0.7370776409714203,-0.3020092672350438,-0.06712626899288156,-0.3288597748321964
14.773180258785874,30,120.59444444444445,-9.105555555555554,90,32,90.00003038757863,0.035709524159466655,0.12371030321911419,-0.0320175271379779,0.20009704951795723,0.7992444140437392,-0.08750119082185805,0.2918334817330799,0.14326353356468555,0.7128958080552129,-0.2705693211357381,-0.10078842813906135,-0.3108846923913626
14.773180258785874,32,120.59444444444445,-9.105555555555554,90,32,90.00003038757863,0.03438046466537853,0.12056859490037697,-0.031060130888055926,0.19262971825111408,0.7630265703969962,-0.07758633509166346,0.32381607750264885,0.15628971033506422,0.6868901959184354,-0.2358171893487956,-0.13257406659504511,-0.2888468159868136
14.773180258785874,34,120.59444444444445,-9.105555555555554,90,32,90.00003038757863,0.033017019463450176,0.11728783106918572,-0.03016095325405188,0.18458945860607617,0.7218091865093988,-0.06456519408225667,0.3539683166068913,0.1686632911496342,0.6590835783603736,-0.19822469946602958,-0.16188453884399864,-0.262978515003629
14.773180258785874,36,120.59444444444445,-9.105555555555554,90,32,90.00003038757863,0.031621333311996125,0.11387680033691722,-0.029330894692755294,0.1759903341945605,0.6759148186141879,-0.04870567952255473,0.38159570890067546,0.18012082599919188,0.6295621923180111,-0.15836165033052424,-0.1881977410849588,-0.23364074676450775
14.773180258785874,38,120.59444444444445,-9.105555555555554,90,32,90.00003038757863,0.030196502245695783,0.11034714933783724,-0.028579801925092352,0.16686501838068743,0.6258120550180214,-0.030368820738024667,0.40607919966098344,0.1904207543251122,0.5984705014269825,-0.11687224521611445,-0.2110853313443438,-0.20130637775385196
14.773180258785874,40,120.59444444444445,-9.105555555555554,90,32,90.00003038757863,0.02874648930931173,0.1067130509288311,-0.027916158714602735,0.15726273907048136,0.5720935377590538,-0.009992668232346163,0.4268953059942706,0.19935150700230372,0.5660040109269879,-0.07444915392914556,-0.23022542348263433,-0.16653932332219928
14.773180258785874,42,120.59444444444445,-9.105555555555554,90,32,90.00003038757863,0.027276012372295683,0.10299079837837294,-0.027346837291771342,0.14724679564393703,0.5154499221267947,0.011926759262388552,0.4436316418494014,0.20673801790115867,0.5324004902844568,-0.03180644224296523,-0.24541015091944132,-0.12997050261074175
14.773180258785874,44,120.59444444444445,-9.105555555555554,90,32,90.00003038757863,0.025790410213040266,0.09919834480296907,-0.0268769189543544,0.1368917599896028,0.4566410861334876,0.034856463110624535,0.45599711444995245,0.21244640423325845,0.49793004955739445,0.01034726838751499,-0.2565478214214266,-0.09227186018105567
14.773180258785874,46,120.59444444444445,-9.105555555555554,90,32,90.00003038757863,0.02429549370819728,0.09535480921153966,-0.026509588647168125,0.1262804884425616,0.39646609239586134,0.05824821340933979,0.46382641746602654,0.2163866806798969,0.46288457503538216,0.05133404331170651,-0.26365974937008146,-0.05412985643632608
14.773180258785874,48,120.59444444444445,-9.105555555555554,90,32,90.00003038757863,0.022797389222486864,0.09147997127463658,-0.026246104257997893,0.1155010776554323,0.33573346701353696,0.0815598361126023,0.46707883029817987,0.2185134907220483,0.4275670515304233,0.090529031274708,-0.2668722132921066,-0.016219854042134635
14.773180258785874,50,120.59444444444445,-9.105555555555554,90,32,90.00003038757863,0.021302381146211607,0.08759377627238957,-0.02608583732695524,0.10464389434931685,0.27523328647259304,0.1042748829987117,0.4658317137575934,0.218824957172889,0.39228128029513665,0.12737899679591377,-0.26640430185904795,0.02081727605229458
14.773180258785874,52,120.59444444444445,-9.105555555555554,90,32,90.00003038757863,0.01981675999148111,0.08371586967750644,-0.0260263782153749,0.09379879693920165,0.2157123656822204,0.12591969762498909,0.460269427181476,0.21735986043117814,0.35732244552195874,0.16141628156254695,-0.2625526466253836,0.05639522291239352
14.773180258785874,54,120.59444444444445,-9.105555555555554,90,32,90.00003038757863,0.01834668159214961,0.0798651777234356,-0.026063695821242794,0.08305264766640057,0.15785354527940787,0.14607713789554944,0.4506686460029276,0.21419343726596402,0.3229688959055605,0.19226784318022472,-0.2556741728986182,0.08999817402077742
14.773180258785874,56,120.59444444444445,-9.105555555555554,90,32,90.00003038757863,0.01689804184354432,0.07605954642189172,-0.02619233987138203,0.07248718930905192,0.10225972222787554,0.16439650929672373,0.4373812105257621,0.209432148261823,0.2894754011896354,0.21965937713889702,-0.24616802491879802,0.1211921671713778
14.773180258785874,58,120.59444444444445,-9.105555555555554,90,32,90.00003038757863,0.01547637016938147,0.0723154472101386,-0.026405672762833565,0.06217733337160962,0.04944289628885153,0.18059956656909593,0.42081567979055673,0.20320778571958498,0.25706802875971496,0.24341485017813597,-0.2344577461762215,0.14963175170764736
14.773180258785874,60,120.59444444444445,-9.105555555555554,90,32,90.00003038757863,0.014086743620515624,0.06864775310866378,-0.026696117849727585,0.05218987946830363,-0.00018184474735117453,0.19448272270673797,0.40141870689019044,0.19567128711519285,0.2259406736114453,0.26345203150136187,-0.2209746400092958,0.17506217549764355
19.697573678381165,0,120.62592592592593,-9.074074074074073,90,32,90.00003038757863,0.05467209781379076,0.1714619355177351,-0.05395242065359235,0.2511073280882268,1.1329182759843117,0.000000000000003920475055707584,0.00000000000000034696239721544745,-0.00000000000000010039275251299099,1.0729343846600758,-0.5091297991511162,0.31813979606138465,-0.38187388072656236
19.697573678381165,2,120.62592592592593,-9.074074074074073,90,32,90.00003038757863,0.05349077711813183,0.16939705933684784,-0.05290927538283502,0.2434321059353393,1.1056476446228038,-0.002613108670080146,-0.00741611216212412,0.002999054286458551,1.0442607720611958,-0.5012998008561815,0.3152680567532016,-0.3751925781549009
19.697573678381165,4,120.62592592592593,-9.074074074074073,90,32,90.00003038757863,0.05232213846098932,0.1673693870059496,-0.05187251207041027,0.23709443652694834,1.0877521065598685,-0.009959899541514619,-0.012459749458890512,0.005756632443186291,1.019000927096906,-0.498770218675694,0.3094922166618059,-0.3749733320109716
19.697573678381165,6,120.62592592592593,-9.074074074074073,90,32,90.00003038757863,0.05116689516119646,0.16536499775696928,-0.05082521885273311,0.23190460909775817,1.0776801995806848,-0.021204182851066698,-0.013909155458506557,0.008857097193385047,0.9967663954593659,-0.4999324665223032,0.2998798710223572,-0.3799805181133603
19.697573678381165,8,120.62592592592593,-9.074074074074073,90,32,90.00003038757863,0.05002339957355992,0.16336535359338256,-0.04975383820503232,0.22765972558701814,1.073745434624454,-0.03541688033863063,-0.010839692764736324,0.012775873965804017,0.9770807056110723,-0.5032057822201418,0.28579455047077107,-0.38888796203183335
19.697573678381165,10,120.62592592592593,-9.074074074074073,90,32,90.00003038757863,0.048888102917285736,0.16134855763175154,-0.048648416807708816,0.2241499890719055,1.0741895895974967,-0.05161702240578998,-0.0026157959877505473,0.01787826471713103,0.9594057809981117,-0.5070805679636767,0.26687677767267337,-0.40032985689460737
19.697573678381165,12,120.62592592592593,-9.074074074074073,90,32,90.00003038757863,0.04775601127885576,0.1592905682121779,-0.04750271932077843,0.2211643874373107,1.0772382122813644,-0.06880712949765455,0.011121811708688617,0.024421037674397978,0.9431662628889118,-0.5101536295440713,0.24302271787005078,-0.41294454239605094
19.697573678381165,14,120.62592592592593,-9.074074074074073,90,32,90.00003038757863,0.04662112805688923,0.15716635193777734,-0.04631422380341371,0.2184958078115696,1.081149465061987,-0.0860039705502278,0.030472035491863968,0.03255619316781531,0.9277717353531365,-0.5111569722722215,0.21436146815310617,-0.425412385010979
19.697573678381165,16,120.62592592592593,-9.074074074074073,90,32,90.00003038757863,0.04547687517674168,0.15495096356321225,-0.04508401311699295,0.2159456254445792,1.0842575369577128,-0.10226576276362961,0.05529158335009943,0.04233648513378403,0.9126369392130801,-0.5089815665368219,0.18123135137611546,-0.43648902598637573
19.697573678381165,18,120.62592592592593,-9.074074074074073,90,32,90.00003038757863,0.04431648683854822,0.1526205429662093,-0.043816573371282086,0.21332780470972862,1.0850116831458276,-0.11671673861288988,0.08521513820410404,0.05372243890041999,0.8972000802419342,-0.5026970895193157,0.14415508020636084,-0.44503505743677135
19.697573678381165,20,120.62592592592593,-9.074074074074073,90,32,90.00003038757863,0.04313337046822943,0.1501532198080408,-0.04251950792193504,0.21047253368907415,1.0820115956591994,-0.1285697107759313,0.11967772343161102,0.06659073157351922,0.8809392955169065,-0.49156815688959254,0.10381335935496977,-0.45004281314760464
19.697573678381165,22,120.62592592592593,-9.074074074074073,90,32,90.00003038757863,0.04192143006068791,0.14752991556866446,-0.04120317402724338,0.207229391599198,1.0740393333858451,-0.13714687083635882,0.1579397211820517,0.08074388028209657,0.8633872605486091,-0.47506705162082075,0.061016407542165925,-0.45066048860395436
19.697573678381165,24,120.62592592592593,-9.074074074074073,90,32,90.00003038757863,0.04067534741204756,0.1447350311625329,-0.03988024924938338,0.20347002451026483,1.0600875212898986,-0.14189862424563107,0.19911505864517526,0.09592120985214943,0.8441438201817015,-0.4528825049658199,0.016672996761844146,-0.44621330626108224
19.697573678381165,26,120.62592592592593,-9.074074074074073,90,32,90.00003038757863,0.03939081701735153,0.141757007054838,-0.03856523605950768,0.199090283697385,1.039383046194415,-0.14241985550200226,0.24220292806945024,0.11181104511871803,0.8228864303483852,-0.4249237496560189,-0.028243101046499873,-0.4362209900746189
19.697573678381165,28,120.62592592592593,-9.074074074074073,90,32,90.00003038757863,0.03806473083494902,0.13858874240632357,-0.03727391568685967,0.19401176645757426,1.0114051054628805,-0.13846269625957514,0.2861230751949753,0.1280640001247309,0.7993781265071679,-0.3913188994483319,-0.07272894534085424,-0.42041047758467365
19.697573678381165,30,120.62592592592593,-9.074074074074073,90,32,90.00003038757863,0.036695309830519884,0.13522786084958605,-0.036022765653219824,0.18818269450620792,0.9758962719984977,-0.12994469078371182,0.3297542235912216,0.14430712900255993,0.7734727058538575,-0.35240674711815945,-0.11578972780898868,-0.3987226382417549
19.697573678381165,32,120.62592592592593,-9.074074074074073,90,32,90.00003038757863,0.035282180303123356,0.1316768134053558,-0.034828359108526996,0.18157807217372576,0.9328652720273701,-0.11695125888459526,0.3719746660068707,0.16015857881084805,0.7451168365868982,-0.30872132555131376,-0.15647624689671372,-0.37131182430999926
19.697573678381165,34,120.62592592592593,-9.074074074074073,90,32,90.00003038757863,0.0338263944874678,0.12794281387551887,-0.03370676738640277,0.1741990860987166,0.8825804508310255,-0.09973156431134325,0.41170353073938876,0.1752422640547965,0.7143488935097911,-0.26096902455345283,-0.19392086130039252,-0.3385373690736099
19.697573678381165,36,120.62592592592593,-9.074074074074073,90,32,90.00003038757863,0.03233039677180921,0.12403760858304963,-0.032672989473889524,0.16607173877526565,0.8255534101339065,-0.07868729519720251,0.44794080924254215,0.18920198807866134,0.6812944608586768,-0.2099986485656029,-0.22736999245795708,-0.30094664554878575
19.697573678381165,38,120.62592592592593,-9.074074074074073,90,32,90.00003038757863,0.030797938949166298,0.11997709004660018,-0.03174043277349137,0.15724474725720702,0.7625129856646305,-0.05435440932774398,0.4798039905393758,0.20171438764478583,0.6461586269400755,-0.15676545917388063,-0.25621123027763626,-0.2592499512849351
19.697573678381165,40,120.62592592592593,-9.074074074074073,90,32,90.00003038757863,0.029233950053372065,0.11578077231212186,-0.030920468254296063,0.14778678121834604,0.6943705079963287,-0.0273785195427538,0.5065591453288949,0.21250008764618963,0.6092153995089035,-0.1022908753399368,-0.2799933241413223,-0.21428820499646573
19.697573678381165,42,120.62592592592593,-9.074074074074073,90,32,90.00003038757863,0.027644368310567824,0.1114711533074968,-0.03022207973637825,0.13778315622465534,0.6221780469248968,0.001514795527096246,0.5276445594601556,0.22133252826812036,0.5707947694633508,-0.04762000605674999,-0.29843779802148385,-0.16699512526534355
19.697573678381165,44,120.62592592592593,-9.074074074074073,90,32,90.00003038757863,0.026035944349811047,0.10707299582882351,-0.029651621824427488,0.12733213322312806,0.5470819693549687,0.03155296455253816,0.5426855124636315,0.22804406223273196,0.531268116375037,0.006220517083584456,-0.3114415611805076,-0.11835610738861858
19.697573678381165,46,120.62592592592593,-9.074074074074073,90,32,90.00003038757863,0.024416025884322734,0.1026125628435266,-0.029212694379970983,0.11654099937885042,0.4702745499608697,0.06195056544817945,0.5514994719718588,0.23252910069563693,0.4910327595808789,0.058261906280463224,-0.3190706109170732,-0.06936633808636607
19.697573678381165,48,120.62592592592593,-9.074074074074073,90,32,90.00003038757863,0.022792334479054627,0.09811684421067657,-0.028906134084177304,0.10552211546874023,0.39294650402759174,0.09194242673423685,0.5540917394615308,0.23474429138605743,0.4504964980059614,0.10762751599270708,-0.3215456424262968,-0.02099074097781166
19.697573678381165,50,120.62592592592593,-9.074074074074073,90,32,90.00003038757863,0.02117274472088959,0.09361281052477277,-0.028730116381075255,0.09438910998389101,0.3162431486337333,0.1208136245615016,0.5506423341687604,0.23470591675238392,0.4100629460191253,0.15356027483010964,-0.31922099728553466,0.025871875915895765
19.697573678381165,52,120.62592592592593,-9.074074074074073,90,32,90.00003038757863,0.019565075148121114,0.08912672579856723,-0.028680354662070195,0.08325338086469777,0.24122647300190475,0.14792466948488592,0.5414855436083084,0.232484879185109,0.37011836779020674,0.1954420854223273,-0.3125588208114425,0.0704185570977503
19.697573678381165,54,120.62592592592593,-9.074074074074073,90,32,90.00003038757863,0.017976898792495838,0.08468354463691408,-0.02875037857091234,0.07222103513315811,0.1688447799625543,0.1727306880454321,0.5270840269662681,0.2281997757231916,0.3310205543876252,0.23280473527505918,-0.30210051634137414,0.11196452873850953
19.697573678381165,56,120.62592592592593,-9.074074074074073,90,32,90.00003038757863,0.016415379308843875,0.08030641215136447,-0.028931870161592932,0.06139035855361453,0.09991083887148312,0.1947939912988921,0.5079995914886404,0.22200864449036925,0.2930900977346258,0.2653325522564151,-0.28843757509692824,0.1499575222176438
19.697573678381165,58,120.62592592592593,-9.074074074074073,90,32,90.00003038757863,0.014887136608055213,0.07601627694382473,-0.029215035457220706,0.05084986631547314,0.03508876135156537,0.21379000586061558,0.4848627683783306,0.21409998656437534,0.2566042169735336,0.29285763094681444,-0.2721836511404512,0.18398417049063398
19.697573678381165,60,120.62592592592593,-9.074074074074073,90,32,90.00003038757863,0.013398143859487899,0.07183161982730374,-0.029588989615143557,0.04067694586280803,-0.025110841437373892,0.22950705414688524,0.4583431225565056,0.20468363511700857,0.22179310730062823,0.3153488948477154,-0.25394939392105437,0.21376913727929364
24.62196709797646,0,120.6574074074074,-9.042592592592593,90,32,90.00003038757863,0.05649298446920947,0.1868109712469117,-0.060788073575818724,0.19084126153188177,1.2500499554581337,-0.00000000000000971445146547012,0.0000000000000006173459065544181,-0.000000000000000867112551708053,1.1291378511234347,-0.5617684114271926,0.3510320614701506,-0.4213555868391323
24.62196709797646,2,120.6574074074074,-9.042592592592593,90,32,90.00003038757863,0.05515487020180351,0.18445537914744214,-0.05968032240961785,0.1866240547324816,1.223767415331331,-0.003739173331576519,-0.02120678164268163,-0.0015109885581639899,1.0974830592550995,-0.5609339389030205,0.36002291459983227,-0.4169247730630875
24.62196709797646,4,120.6574074074074,-9.042592592592593,90,32,90.00003038757863,0.05385627843333837,0.18220953426602426,-0.0585699199828672,0.18390208392743881,1.2111236065017552,-0.014175003128944307,-0.03785166112665259,-0.002795386492248395,1.0706286528563826,-0.5672383215760585,0.3639273710181384,-0.4216673731688031
24.62196709797646,6,120.6574074074074,-9.042592592592593,90,32,90.00003038757863,0.05259527733189251,0.18004732175977117,-0.05743313875958894,0.1824091698778836,1.2096761163417993,-0.030038657346440546,-0.04836955862973864,-0.0031344928299592172,1.0479671681292477,-0.5783276517954724,0.3615654072996692,-0.4337014888756047
24.62196709797646,8,120.6574074074074,-9.042592592592593,90,32,90.00003038757863,0.051367091325496855,0.1779368250232627,-0.05625127170960248,0.18187485084410407,1.216860419525614,-0.04997962456867628,-0.051619047145550434,-0.001957209655486091,1.0287949310549767,-0.5919421554930945,0.3521622282645558,-0.4510772641872721
24.62196709797646,10,120.6574074074074,-9.042592592592593,90,32,90.00003038757863,0.050164718662002006,0.17584210496636604,-0.05501082507953592,0.18203025963483033,1.2300692287270296,-0.07261415941127791,-0.04685617023222698,0.0011626409885170668,1.0123452734642615,-0.6059621458180894,0.3353121761143462,-0.4718372753723509
24.62196709797646,12,120.6574074074074,-9.042592592592593,90,32,90.00003038757863,0.04897952866989744,0.1737248676450212,-0.053703554111097784,0.18261323687919134,1.2467182701272725,-0.09656407725837868,-0.033706749330802636,0.006511548528325148,0.9978181196257383,-0.6184428770152955,0.3109444105105848,-0.49406511281106164
24.62196709797646,14,120.6574074074074,-9.042592592592593,90,32,90.00003038757863,0.04780183012934641,0.17154601582314216,-0.05232637007734098,0.1833728267822722,1.2643020338348097,-0.12048875772117427,-0.012139214141017674,0.014243291060403946,0.9844063768627718,-0.627642070373353,0.27929112777483944,-0.5159256192634172
24.62196709797646,16,120.6574074074074,-9.042592592592593,90,32,90.00003038757863,0.04662140473533949,0.1692670850899975,-0.05088113769573627,0.18407328480936014,1.2804428538571793,-0.14311306959431405,0.017561427266125283,0.024387193569821348,0.9713196326496703,-0.6320431092556601,0.24085786451921562,-0.5356999634479739
24.62196709797646,18,120.6574074074074,-9.042592592592593,90,32,90.00003038757863,0.04542800105958339,0.16685156548406144,-0.04937437373214082,0.184497694363381,1.2929360604565114,-0.1632534562628526,0.054819017063418636,0.03685749143063301,0.9578056094066509,-0.6303759059658023,0.19639456174300618,-0.5518180812685998
24.62196709797646,20,120.6574074074074,-9.042592592592593,90,32,90.00003038757863,0.044211784909073126,0.1642661062696968,-0.04781685137824482,0.18445124679671548,1.299793030615123,-0.17984370336706218,0.09879245028073746,0.05146384223617203,0.943169685676288,-0.621636341940101,0.14686557153888924,-0.5628901133245453
24.62196709797646,22,120.6574074074074,-9.042592592592593,90,32,90.00003038757863,0.04296374181448895,0.16148159584574157,-0.046223111431703545,0.1837641913586914,1.299282851971589,-0.1919610341007714,0.1484045018979138,0.06792316263411823,0.9267925897811813,-0.6051040815804379,0.09341667994569991,-0.567737409602158
24.62196709797646,24,120.6574074074074,-9.042592592592593,90,32,90.00003038757863,0.0416760268770503,0.1584741021310197,-0.04461088080381037,0.18229441441732636,1.2899721328557971,-0.1988522335838733,0.20237521279306492,0.08587300687223408,0.9081461430219188,-0.5803575675458742,0.037337490817188096,-0.565422571218999
24.62196709797646,26,120.6574074074074,-9.042592592592593,90,32,90.00003038757863,0.040342256689084255,0.15522565262834565,-0.04300040146706485,0.17992956610602184,1.2707613703662093,-0.19995859681845,0.2592614528440105,0.10488664927557854,0.8868067094224321,-0.5472842326763897,-0.01998186278735597,-0.5552769777913321
24.62196709797646,28,120.6574074074074,-9.042592592592593,90,32,90.00003038757863,0.03895773783771994,0.15172482913271218,-0.04141367830934706,0.17658862284737406,1.2409153749055315,-0.19493774067531738,0.317503587974746,0.12448989210375774,0.8624658336192659,-0.5060835174483572,-0.0770998058841417,-0.536923439802014
24.62196709797646,30,120.6574074074074,-9.042592592592593,90,32,90.00003038757863,0.03751962687109292,0.14796715095497737,-0.03987366176906737,0.17222276070461076,1.2000846863616206,-0.18367983643639424,0.3754791808237311,0.1441794119315243,0.8349374503982241,-0.45726024838139195,-0.13257724764354786,-0.5102911474388111
24.62196709797646,32,120.6574074074074,-9.042592592592593,90,32,90.00003038757863,0.036027017736636635,0.1439552234557896,-0.03840338951053823,0.16681542050537107,1.1483148233000875,-0.1663157059967748,0.43156247329628383,0.16344221124808136,0.8041610537655353,-0.4016063575802353,-0.18503426931908548,-0.4756200653078695
24.62196709797646,34,120.6574074074074,-9.042592592592593,90,32,90.00003038757863,0.03448095465947568,0.13969863596995669,-0.03702511941807407,0.16038147231707653,1.0860406498421409,-0.14321454203139342,0.4841872013158894,0.18177549538938972,0.7702003328752167,-0.34016979051086965,-0.2332065240106182,-0.43345240011511693
24.62196709797646,36,120.6574074074074,-9.042592592592593,90,32,90.00003038757863,0.03288437114610368,0.1352136045317776,-0.03575949240234033,0.15296543255006842,1.0140641163881259,-0.11496975805626537,0.5319092725182877,0.1987060903001494,0.7332370123572582,-0.27421066772541275,-0.27599764529677934,-0.3846097258441245
24.62196709797646,38,120.6574074074074,-9.042592592592593,90,32,90.00003038757863,0.03124195906517932,0.1305223691720772,-0.03462476661855063,0.14463874722576045,0.9335150301683797,-0.08237257085077103,0.5734651861022633,0.2138083934849666,0.6935599526119861,-0.20514617371781937,-0.3125237717035386,-0.3301556823992348
24.62196709797646,40,120.6574074074074,-9.042592592592593,90,32,90.00003038757863,0.029559975246311543,0.1256523713279019,-0.03363616376937595,0.13549622271205164,0.8457961535981371,-0.04637421519033712,0.6078219357546992,0.22671983821749422,0.6515499314330033,-0.13448702771010582,-0.3421466417109772,-0.2713456843944967
24.62196709797646,42,120.6574074074074,-9.042592592592593,90,32,90.00003038757863,0.027845996350273183,0.1206352520875793,-0.032805362868642995,0.12565175179737614,0.7525155666121761,-0.008038988547045102,0.6342145763513474,0.23715296221871052,0.6076608905178751,-0.0637695177681212,-0.3644925825385762,-0.20956655078355169
24.62196709797646,44,120.6574074074074,-9.042592592592593,90,32,90.00003038757863,0.026108635492939486,0.11550572453901059,-0.032140167531820696,0.11523353938484461,0.6554106026458334,0.031508592566390235,0.6521686161697553,0.24490339865525612,0.562398735160403,0.005512246014369772,-0.3794559916116989,-0.1462701506303098
24.62196709797646,46,120.6574074074074,-9.042592592592593,90,32,90.00003038757863,0.024357235903960356,0.11030038166406803,-0.03164436055663167,0.1043790706571507,0.5562685537896453,0.07113855506664024,0.6615057815065246,0.24985342148459846,0.5162989765062732,0.07196910350814845,-0.38718740052339284,-0.0829058567012087
24.62196709797646,48,120.6574074074074,-9.042592592592593,90,32,90.00003038757863,0.022601557543721285,0.10505650392363369,-0.03131774577570201,0.09323008024477164,0.45684960083921233,0.10976800073546503,0.6623332781652808,0.2519710358737467,0.4699045736593262,0.1343703795658829,-0.3880676858268596,-0.020856694764860934
24.62196709797646,50,120.6574074074074,-9.042592592592593,90,32,90.00003038757863,0.020851472020153666,0.09981092762418892,-0.031156363634127326,0.08192777216124242,0.3588170330430234,0.1464076012614659,0.6550182020796999,0.25130495792937435,0.42374526019999814,0.1916849201450028,-0.38267122619402305,0.038616429667393565
24.62196709797646,52,120.6574074074074,-9.042592592592593,90,32,90.00003038757863,0.019116679436269407,0.0945990269092567,-0.031152855301568416,0.07060850910045864,0.26367886839373966,0.18019904364112777,0.6401500071331029,0.24797612951666811,0.3783194415190131,0.24310770280053112,-0.3717216323874452,0.09441904984555302
24.62196709797646,54,120.6574074074074,-9.042592592592593,90,32,90.00003038757863,0.0174064581959755,0.0894538500355947,-0.0312969416275628,0.05940014120665393,0.1727436448002791,0.21044150282677654,0.6184947629176538,0.24216662814459822,0.33407945936347205,0.2880715486522224,-0.3560440101367905,0.1456539445975062
24.62196709797646,56,120.6574074074074,-9.042592592592593,90,32,90.00003038757863,0.015729455628360922,0.08440543616080631,-0.03157597858871708,0.04841908563136438,0.08709164755836807,0.23660642137931603,0.5909452578016756,0.2341069401357882,0.29142068235488183,0.32624482123264487,-0.33651756350113105,0.19163779583219245
24.62196709797646,58,120.6574074074074,-9.042592592592593,90,32,90.00003038757863,0.014093523921559242,0.07948032397920973,-0.03197555014541675,0.0377682066513944,0.007561389310899928,0.2583410109548869,0.5584708429957923,0.22406256699747484,0.2506745418433017,0.3575170890002525,-0.31403179341769877,0.23190437163317296
24.62196709797646,60,120.6574074074074,-9.042592592592593,90,32,90.00003038757863,0.012505602625577483,0.07470124980114651,-0.03248006217165167,0.027535488708182367,-0.06525005693309573,0.27546181539528086,0.5220703643101878,0.2123208449757167,0.2121053307863862,0.3819754495991261,-0.2894487288615193,0.2661959580545184
29.54636051757175,0,120.68888888888888,-9.011111111111111,90,32,90.00003038757863,0.057813203723422524,0.20303861144767116,-0.06803342036239018,0.10857242332038736,1.3546444698267404,0.000000000000003851086116668512,0.0000000000000010272749739273575,-0.0000000000000004879199265984681,1.1690928750048677,-0.6087728635928592,0.3804037100486569,-0.4566113795733964
29.54636051757175,2,120.68888888888888,-9.011111111111111,90,32,90.00003038757863,0.05632220419325745,0.2003959781090613,-0.06689480780732981,0.11016776780364931,1.3335135008852612,-0.005186823277439976,-0.041241004328536,-0.007185750105070665,1.1352748766283935,-0.6196864846295896,0.4078067098027403,-0.4565638007084935
29.54636051757175,4,120.68888888888888,-9.011111111111111,90,32,90.00003038757863,0.05490339174856443,0.1979670069305302,-0.06573816120009685,0.11323690232441913,1.3316121412121213,-0.019550219600577245,-0.07452108285917866,-0.01347794964336183,1.1078268158268665,-0.6398759178773898,0.4268547695995187,-0.46913401003758237
29.54636051757175,6,120.68888888888888,-9.011111111111111,90,32,90.00003038757863,0.053551122790801625,0.19570683156930235,-0.06453125928100556,0.117432035218685,1.345216326119717,-0.04122929721464613,-0.09794529943054792,-0.01802532944891858,1.0858646068633555,-0.666000615829836,0.43613728751280995,-0.49154570082471205
29.54636051757175,8,120.68888888888888,-9.011111111111111,90,32,90.00003038757863,0.05225645767855816,0.19356374213495592,-0.06324915040191292,0.12241612898490949,1.3705468824570686,-0.06832814723944527,-0.11019467118105913,-0.02016825892190432,1.0684080601712191,-0.6949320100585242,0.4347710335731276,-0.5210235966292732
29.54636051757175,10,120.68888888888888,-9.011111111111111,90,32,90.00003038757863,0.05100795587155321,0.19148158269561333,-0.061874174318698016,0.12786668271309032,1.4038561306724024,-0.09896380126873472,-0.11046803198120829,-0.019429859332390147,1.0544200254613363,-0.7237884965237396,0.4223377256616699,-0.5548534062590715
29.54636051757175,12,120.68888888888888,-9.011111111111111,90,32,90.00003038757863,0.04979242615633464,0.18940192568740277,-0.06039583506586366,0.1334788200576463,1.4414930773176657,-0.13129917834500154,-0.09843129656340059,-0.015505573794532853,1.0428399454650104,-0.7499572980179678,0.39883304041911244,-0.5904240818503228
29.54636051757175,14,120.68888888888888,-9.011111111111111,90,32,90.00003038757863,0.04859562738035561,0.18726605203512992,-0.058810565719293495,0.1389679648495067,1.479955306166492,-0.1635672586417095,-0.07417607188117989,-0.008252155779846566,1.0326130027460871,-0.7711105038715212,0.3646265997927061,-0.6252598639544388
29.54636051757175,16,120.68888888888888,-9.011111111111111,90,32,90.00003038757863,0.047402917923776516,0.18501676838445902,-0.05712140600419208,0.1440723246808344,1.515934774594257,-0.19409206278804403,-0.03818712558476179,0.0023235168792427943,1.0227160296261213,-0.7852208178715565,0.32043050415227964,-0.6570486162106446
29.54636051757175,18,120.68888888888888,-9.011111111111111,90,32,90.00003038757863,0.04619985308441854,0.18260008734328242,-0.055337596852526816,0.14855533010921856,1.546363248761636,-0.2213109289836968,0.008683723771193742,0.01607585601714774,1.0121811715053495,-0.7905805421863026,0.26727260243988343,-0.6836715012103491
29.54636051757175,20,120.68888888888888,-9.011111111111111,90,32,90.00003038757863,0.044972729028251945,0.17996678496493906,-0.05347408342666177,0.15220809811407035,1.5684612009338224,-0.24380115719228135,0.0652411493284311,0.03273260221610491,1.0001179874264914,-0.7858252050982334,0.2064699011734527,-0.7032372446288523
29.54636051757175,22,120.68888888888888,-9.011111111111111,90,32,90.00003038757863,0.04370907042104799,0.1770738339783572,-0.05155091078155505,0.15485190776353222,1.579791767730754,-0.2603124112720524,0.1299719834467653,0.05190809439959477,0.9857342799651313,-0.7699611192013891,0.1395973437412871,-0.7141221817048743
29.54636051757175,24,120.68888888888888,-9.011111111111111,90,32,90.00003038757863,0.04239805681301895,0.1738856938097182,-0.04959249490862311,0.15634059909933926,1.5783189773980948,-0.26980443707530655,0.20107788407157587,0.07311843506156274,0.968355514734949,-0.7423941789735936,0.06844767481020234,-0.7150151090495127
29.54636051757175,26,120.68888888888888,-9.011111111111111,90,32,90.00003038757863,0.04103088083409809,0.1703754218205938,-0.04762675664219829,0.15656273939369997,1.5624670997195769,-0.27148781547282375,0.27651933040820587,0.095799120795769,0.9474422694038854,-0.7029555603070405,-0.0050207454003300955,-0.7049638584671726
29.54636051757175,28,120.68888888888888,-9.011111111111111,90,32,90.00003038757863,0.03960102980557209,0.1665255571291684,-0.04568411647357251,0.15544335132255238,1.5311759200595985,-0.2648638294718656,0.3540739845140344,0.11932546325673163,0.9226048000606969,-0.6519188926296888,-0.07874954627720887,-0.6834187111405724
29.54636051757175,30,120.68888888888888,-9.011111111111111,90,32,90.00003038757863,0.03810448196131955,0.1623287215013472,-0.04379636360605621,0.152944972343645,1.4839452999176317,-0.24975833346836832,0.4314104762704137,0.14303575586185333,0.8936135868729845,-0.5900031598315671,-0.15065850933820982,-0.6502665635668511
29.54636051757175,32,120.68888888888888,-9.011111111111111,90,32,90.00003038757863,0.03653980945522006,0.15778788321902026,-0.04199543065721567,0.14906781944531433,1.4208618649711924,-0.2263440226577875,0.5061761963270356,0.16625669123502856,0.8604046713269622,-0.5183562157150104,-0.21873299745921357,-0.6058494146986959
29.54636051757175,34,120.68888888888888,-9.011111111111111,90,32,90.00003038757863,0.034908182876905836,0.15291624070952642,-0.04031212358820335,0.14384887132933769,1.34260128137334,-0.19514590456734573,0.5760950422150717,0.18833006827924398,0.8230787550717189,-0.4385154167828375,-0.2811151043286242,-0.5509614585142872
29.54636051757175,36,120.68888888888888,-9.011111111111111,90,32,90.00003038757863,0.03321327602778748,0.1477367028185705,-0.038774871603239336,0.13735974959684158,1.250401403292787,-0.1570261365920503,0.6390686878856003,0.20863942332958715,0.7818933967803829,-0.35234434722711055,-0.33619131083835285,-0.4868208715624517
29.54636051757175,38,120.68888888888888,-9.011111111111111,90,32,90.00003038757863,0.03146107487951008,0.14228097007263701,-0.0374085708937979,0.12970337513435168,1.146004438723614,-0.11314659611903007,0.6932732957639293,0.22663495449236745,0.7372481830907743,-0.2619476117827018,-0.382668730950841,-0.4150151041630382
29.54636051757175,40,120.68888888888888,-9.011111111111111,90,32,90.00003038757863,0.029659600366963162,0.13658825272528896,-0.03623359689759553,0.12100948435699432,1.0315697934701653,-0.06491028326042936,0.7372430451992223,0.24185504311105316,0.6896633913194248,-0.16956871818957822,-0.41963251892954395,-0.33742172576139584
29.54636051757175,42,120.68888888888888,-9.011111111111111,90,32,90.00003038757863,0.027818560222069993,0.13070369238407048,-0.03526505118833978,0.11142919764238761,0.909562844356102,-0.013885461104332805,0.769932610584477,0.2539428406777776,0.6397533081442488,-0.07747861246849846,-0.44657870115157894,-0.25611009292913006
29.54636051757175,44,120.68888888888888,-9.011111111111111,90,32,90.00003038757863,0.025948949667264604,0.12467657988540165,-0.034512291827452524,0.10112892373618554,0.7826279287590205,0.03828119875428648,0.7907527303033901,0.262656771427529,0.588195914992631,0.012136023730659987,-0.4634193471552819,-0.1732317151314528
29.54636051757175,46,120.68888888888888,-9.011111111111111,90,32,90.00003038757863,0.024062623804572913,0.11855847881684889,-0.033978772224164566,0.09028394580936118,0.653455768427114,0.08995472246768774,0.7995759461511723,0.2678743468117435,0.5357010068522219,0.09727536193921198,-0.4704601543843353,-0.09090869981452217
29.54636051757175,48,120.68888888888888,-9.011111111111111,90,32,90.00003038757863,0.022171865538740176,0.11240136917970989,-0.03366218669455512,0.07907205865034693,0.5246560374550988,0.13959712792343057,0.7967129483405456,0.26958931336229525,0.4829789199852302,0.1762116556319132,-0.46835362976504796,-0.011129796274105985
29.54636051757175,50,120.68888888888888,-9.011111111111111,90,32,90.00003038757863,0.020288971753088747,0.1062559186390587,-0.03355489490287644,0.0676676100264442,0.39864479734152003,0.18584069837634026,0.7828631458736578,0.26790276252401946,0.43071189461405457,0.24755108700239942,-0.45803357517174087,0.06433765693370305
29.54636051757175,52,120.68888888888888,-9.011111111111111,90,32,90.00003038757863,0.018425877426411857,0.1001699711442735,-0.03364457581043179,0.05623624693758163,0.27755430757839206,0.22754384409269268,0.7590455734686605,0.2630093303779657,0.37952972622437,0.31026911346185887,-0.4406381385826663,0.13401385802879234
29.54636051757175,54,120.68888888888888,-9.011111111111111,90,32,90.00003038757863,0.016593832911856232,0.09418731753029269,-0.03391504723945593,0.04493058896331871,0.16316974248366403,0.2638265489664096,0.7265177011762082,0.2551799433195974,0.32999083448030403,0.36371924499085356,-0.4174291187781126,0.19674759747960852
29.54636051757175,56,120.68888888888888,-9.011111111111111,90,32,90.00003038757863,0.014803144324655959,0.08834678398393764,-0.03434718086464672,0.033886958785200684,0.0568941560805754,0.29408490586239816,0.6866900240123363,0.2447426952801601,0.28256929044717766,0.40761787952264134,-0.3897145837690236,0.25173204601503185
29.54636051757175,58,120.68888888888888,-9.011111111111111,90,32,90.00003038757863,0.013062981568166487,0.08268164595119343,-0.034919844108376896,0.02322320719968596,-0.040259853427658386,0.3179864588484918,0.6410435948556931,0.23206338217692074,0.23764777773591456,0.44200980452470273,-0.3587804403913686,0.2984976283681553
29.54636051757175,60,120.68888888888888,-9.011111111111111,90,32,90.00003038757863,0.011381253552067677,0.07721935045189021,-0.03561080860189397,0.013037587514470664,-0.1276555503873044,0.3354497054210044,0.5910562052405114,0.21752700802616912,0.1955159903996349,0.4672200669850116,-0.3258347297451314,0.33688617508695906
34.47075393716704,0,120.72037037037038,-8.97962962962963,90,32,90.00003038757863,0.058442746244022764,0.22027889736705392,-0.07618096426245147,0.002400124145934685,1.431002686717134,0.0000000000000021510571102112408,-0.0000000000000002264015210711146,-0.0000000000000008705599511345878,1.1854381563042429,-0.6430880143625719,0.40184619894134815,-0.4823495347860326
34.47075393716704,2,120.72037037037038,-8.97962962962963,90,32,90.00003038757863,0.05681498162975787,0.21737076733594812,-0.07503965839892918,0.01291381082025884,1.4220564043535482,-0.0069537307022656935,-0.06911092557722552,-0.013822973250895711,1.1508732566506723,-0.6724888067756901,0.4564494194298605,-0.48990903900374594
34.47075393716704,4,120.72037037037038,-8.97962962962963,90,32,90.00003038757863,0.055296541369769275,0.214819307087614,-0.07385681062793198,0.024598402764560677,1.4392720146708298,-0.026048695683788627,-0.12520086630507618,-0.025885715586802874,1.1242846166764189,-0.7133948849112423,0.4979642926140511,-0.5142091678656218
34.47075393716704,6,120.72037037037038,-8.97962962962963,90,32,90.00003038757863,0.05387701192408845,0.2125519783825085,-0.07259021688012357,0.03702873791747368,1.4771738150590603,-0.05465755041867708,-0.16616250907975313,-0.03522166933002214,1.1044692268601168,-0.7612409790188381,0.5248486700132279,-0.551301511013547
34.47075393716704,8,120.72037037037038,-8.97962962962963,90,32,90.00003038757863,0.052542321545734544,0.21048891907690487,-0.07120780403010668,0.049812499871746824,1.530394783869912,-0.09022642468194714,-0.190621844655712,-0.041101737424155196,1.0901396587798426,-0.8118651385510137,0.5361971698133114,-0.5973862706256892
34.47075393716704,10,120.72037037037038,-8.97962962962963,90,32,90.00003038757863,0.051275717884103095,0.20854596607303244,-0.06968729265633022,0.0625892581891304,1.593745768004925,-0.13030372107530966,-0.197829394856988,-0.043016763960079876,1.079966740623297,-0.8615050839749795,0.5316421299206227,-0.6488482320067304
34.47075393716704,12,120.72037037037038,-8.97962962962963,90,32,90.00003038757863,0.05005866817642818,0.2066372895648863,-0.06801578414736104,0.07502937759126284,1.6622545671281042,-0.17254804024543885,-0.1875776042308108,-0.04066051361098547,1.0726144858241413,-0.9067831195532092,0.511284635780082,-0.7022692652411764
34.47075393716704,14,120.72037037037038,-8.97962962962963,90,32,90.00003038757863,0.04887168522584895,0.2046777363142237,-0.06618932337025585,0.08683320583742743,1.731190521759901,-0.21472680707627745,-0.16014492344041853,-0.03391415632993669,1.066769518989029,-0.9446920535460841,0.47565215557576884,-0.7544311913157765
34.47075393716704,16,120.72037037037038,-8.97962962962963,90,32,90.00003038757863,0.047695084862304005,0.20258497406606368,-0.06421245177127383,0.09773082350487593,1.796087976677718,-0.25471558521010124,-0.11626346884119479,-0.022832451903794234,1.0611670812936098,-0.972591257432248,0.42567655469841875,-0.8023206355528805
34.47075393716704,18,120.72037037037038,-8.97962962962963,90,32,90.00003038757863,0.04650968039036765,0.20028151136294964,-0.06209773556040182,0.10748251621095002,1.8527791735799106,-0.29050609027318264,-0.0571042252063694,-0.007631167135929215,1.0546153301728622,-0.9882185621943783,0.36268426978167,-0.8431448542817103
34.47075393716704,20,120.72037037037038,-8.97962962962963,90,32,90.00003038757863,0.04529741723472114,0.19769663963558115,-0.05986523084010065,0.1158800097879837,1.8974437694125392,-0.3202285454637221,0.015728496197640978,0.01132523679600359,1.0460191213070493,-0.9897201288214725,0.2883891552973823,-0.8743644667025197
34.47075393716704,22,120.72037037037038,-8.97962962962963,90,32,90.00003038757863,0.044041947246722196,0.1947683102644221,-0.05754183353630005,0.12274839125455128,1.9266782804200009,-0.34219122747116804,0.10020315379766202,0.03353691720992973,1.0344038177283565,-0.9756967556839578,0.20487806437616715,-0.8937455299334909
34.47075393716704,24,120.72037037037038,-8.97962962962963,90,32,90.00003038757863,0.04272913765270278,0.19144492154534326,-0.0551604581733125,0.12794852551775857,1.9375843854264727,-0.3549368375324492,0.1938780249169735,0.058384329485686004,1.0189389618837401,-0.945261420872004,0.11457978066999384,-0.8994295086040065
34.47075393716704,26,120.72037037037038,-8.97962962962963,90,32,90.00003038757863,0.041347505196176554,0.187686953214818,-0.052758997027960275,0.13137967569860437,1.9278704173331598,-0.3573118476248596,0.2939389880079015,0.08514750198792126,0.9989609378585131,-0.8980994935065819,0.02020968740159165,-0.8900156185459452
34.47075393716704,28,120.72037037037038,-8.97962962962963,90,32,90.00003038757863,0.03988856248462114,0.1834683543604358,-0.05037903031332969,0.13298195366332502,1.8959559838069522,-0.3485415502171176,0.39726574375069096,0.11302975563097609,0.9739931273142394,-0.8345204476861684,-0.07531434746450819,-0.8646461866719717
34.47075393716704,30,120.72037037037038,-8.97962962962963,90,32,90.00003038757863,0.03834706169977525,0.1787775696585659,-0.04806428765048815,0.13273817919786582,1.84106615335679,-0.32830070468829325,0.5005305680778342,0.141186116908197,0.9437616216225123,-0.7554886472512886,-0.16898508892856942,-0.8230826828227163
34.47075393716704,32,120.72037037037038,-8.97962962962963,90,32,90.00003038757863,0.03672112132714864,0.17361808412676788,-0.045858898121174496,0.13067472375814046,1.763299798796069,-0.29676805783340965,0.6003287546288641,0.16875591164906567,0.9082043897838835,-0.6626213782895773,-0.2578431943882777,-0.7657586560448885
34.47075393716704,34,120.72037037037038,-8.97962962962963,90,32,90.00003038757863,0.035012224780988005,0.16800838159947518,-0.04380550554533058,0.12686096686857554,1.6636572024215155,-0.2546532070812417,0.6933342405667285,0.19489820687526674,0.8674719879161625,-0.5581451052192462,-0.33912865690216737,-0.6937965679801131
34.47075393716704,36,120.72037037037038,-8.97962962962963,90,32,90.00003038757863,0.03322508570878058,0.1619812477317415,-0.04194336063432824,0.12140710181610882,1.544015267628622,-0.20318661062138063,0.7764684631517734,0.21882802599837,0.8219184526235728,-0.44480581971256167,-0.4104323488364993,-0.6089787592471614
34.47075393716704,38,120.72037037037038,-8.97962962962963,90,32,90.00003038757863,0.03136738283345242,0.1555824015142575,-0.040306525272938876,0.11446018410484132,1.4070444812413767,-0.1440679303888254,0.8470663941126986,0.2398507443053592,0.7720819001556534,-0.32573572464838657,-0.4698314197648732,-0.5136682925543359
34.47075393716704,40,120.72037037037038,-8.97962962962963,90,32,90.00003038757863,0.02944937644981302,0.14886850312023586,-0.038922330526838356,0.1061985024487765,1.2560693262223237,-0.07937370142972215,0.9030219754370402,0.2573918999281057,0.7186554362221118,-0.20428525605475611,-0.515992808555476,-0.4106823794769465
34.47075393716704,42,120.72037037037038,-8.97962962962963,90,32,90.00003038757863,0.027483427830481133,0.14190465049578777,-0.03781021604264179,0.09682454095941564,1.0948818169467114,-0.011431487385144106,0.9428964473526853,0.27101989549468075,0.6624500918816041,-0.08383524442433091,-0.5482324643404304,-0.30312823016050305
34.47075393716704,44,120.72037037037038,-8.97962962962963,90,32,90.00003038757863,0.025483450426004334,0.13476153151233805,-0.036981045224977915,0.08655696266626864,0.9275246418160652,0.05732706376010479,0.965977275255626,0.28045970181461083,0.6043524427126614,0.03239240850539119,-0.5665235261846977,-0.1942170019684879
34.47075393716704,46,120.72037037037038,-8.97962962962963,90,32,90.00003038757863,0.023464326670528418,0.1275124332269938,-0.03643694290580224,0.07562215224580124,0.758064650306849,0.12451863551016609,0.9722817975947344,0.28559660805555587,0.5452801701824403,0.14150661833285189,-0.5714535946197273,-0.08707481951503906
34.47075393716704,48,120.72037037037038,-8.97962962962963,90,32,90.00003038757863,0.02144132568131593,0.12023031904722126,-0.036171648152858005,0.06424589327005945,0.5903782813960936,0.18794998906273166,0.9625070476184968,0.2864701309143695,0.48613898130483396,0.24108524943380355,-0.564137944696354,0.015430071555261937
34.47075393716704,50,120.72037037037038,-8.97962962962963,90,32,90.00003038757863,0.019429555016479916,0.11298516758611593,-0.036171323522693866,0.05264571936744845,0.42796795755021605,0.24573509449708414,0.93793397954052,0.28325921228939804,0.4277840020953487,0.3292682808735377,-0.5461007651886831,0.11082797479806444
34.47075393716704,52,120.72037037037038,-8.97962962962963,90,32,90.00003038757863,0.017443474381706514,0.10584172791964452,-0.036415721556673386,0.04102437997436992,0.2738231913146161,0.2963779864274677,0.9002992992964418,0.27626063554628716,0.3709880791214481,0.40480127407875394,-0.519139375524305,0.19714552386903192
34.47075393716704,54,120.72037037037038,-8.97962962962963,90,32,90.00003038757863,0.015496491675651564,0.09885779267913891,-0.03687958498579191,0.029564720654697337,0.13033341489214068,0.3388170259280159,0.8516505289780485,0.2658630661075737,0.31641850445711345,0.4670309025777143,-0.48518660473466557,0.27295626068384804
34.47075393716704,56,120.72037037037038,-8.97962962962963,90,32,90.00003038757863,0.01360065320443965,0.09208303236211413,-0.03753415066590232,0.018426120768728453,-0.0007472654343735504,0.3724315222871475,0.7941997324868596,0.2525192387460662,0.2646226920663653,0.515859644610045,-0.4461844561397731,0.3373858621541357
34.47075393716704,58,120.72037037037038,-8.97962962962963,90,32,90.00003038757863,0.011766431447106984,0.08555838024228885,-0.038348636968434546,0.007742481885495579,-0.11828889609426733,0.3970159411031358,0.7301889705916949,0.23671860839748904,0.21602243403865287,0.5516701905053025,-0.40397859072260633,0.39007875421626
34.47075393716704,60,120.72037037037038,-8.97962962962963,90,32,90.00003038757863,0.010002606377140871,0.07931591386180287,-0.03929161598489295,-0.0023783627008066265,-0.22173747247804296,0.4127296562619444,0.6617768509407771,0.2189623406479787,0.17091566574992828,0.5752314655596301,-0.3602389602993702,0.431135881439882
39.39514735676233,0,120.75185185185185,-8.948148148148148,90,32,90.00003038757863,0.0581797185587708,0.23823224813291355,-0.08516252192630364,-0.12761614269515287,1.457801099961204,-0.0000000000000021163626406917047,-0.0000000000000007831539629337718,0.00000000000000048342590133948,1.1707148709817166,-0.6551311456375654,0.4093715799904154,-0.4913825136413992
39.39514735676233,2,120.75185185185185,-8.948148148148148,90,32,90.00003038757863,0.05644652487426133,0.23512521436848366,-0.08405841406741515,-0.10430037366919338,1.472119131647252,-0.008955781276052179,-0.10615211561970873,-0.020949554947327642,1.1374593460046365,-0.7121243524822622,0.5023603106772939,-0.5111802282113447
39.39514735676233,4,120.75185185185185,-8.948148148148148,90,32,90.00003038757863,0.05486147773569802,0.23256275682648647,-0.08287868290785294,-0.08048885237875221,1.5205383438093887,-0.0333236840772501,-0.1920823331266012,-0.03911643768827987,1.1135877539895331,-0.7825039918008732,0.575665647721178,-0.552237732712402
39.39514735676233,6,120.75185185185185,-8.948148148148148,90,32,90.00003038757863,0.05340858290699019,0.23043327753120407,-0.08157035194395201,-0.05666938150384243,1.5953463146383586,-0.06955706588197966,-0.25576685598498394,-0.0534518143380296,1.097571375046006,-0.8603231004928197,0.6278535496722932,-0.6091816806239023
39.39514735676233,8,120.75185185185185,-8.948148148148148,90,32,90.00003038757863,0.05206796983881018,0.22861861678493223,-0.08009393233664286,-0.033267192096247955,1.6892551650268182,-0.11438760423777475,-0.2960292740301612,-0.06318693918574275,1.0878210038098133,-0.9403220495207721,0.6581706548429216,-0.6770537875836036
39.39514735676233,10,120.75185185185185,-8.948148148148148,90,32,90.00003038757863,0.05081703656993031,0.22699750601709606,-0.07842244730505399,-0.0106546501261999,1.7954027542350124,-0.16479967179016908,-0.3123601299580672,-0.06780513515919782,1.0827294946604598,-1.017838468609278,0.6664008736122712,-0.7512781191643696
39.39514735676233,12,120.75185185185185,-8.948148148148148,90,32,90.00003038757863,0.049631479424618236,0.22544841489222328,-0.07654057365604855,0.010840335792890177,1.9073177535112253,-0.2179797877327613,-0.3047960525597463,-0.06701738399462241,1.080704599533482,-1.0887158495650393,0.6527833000538534,-0.8276025295434979
39.39514735676233,14,120.75185185185185,-8.948148148148148,90,32,90.00003038757863,0.04848622227119162,0.2238520121679906,-0.07444395202963566,0.03092768412204551,2.0188747051193947,-0.2712598154773101,-0.2738550512025388,-0.060742403596352815,1.0801956001443511,-1.149229458108725,0.6179822863432218,-0.9020365435714363
39.39514735676233,16,120.75185185185185,-8.948148148148148,90,32,90.00003038757863,0.04735626160348483,0.22209343650203456,-0.07213865916380235,0.049350568201537784,2.124260972592655,-0.32206969066592445,-0.22052012582639283,-0.049091023461653276,1.0797168680740745,-1.196043052622392,0.5630974280062963,-0.9708040814198735
39.39514735676233,18,120.75185185185185,-8.948148148148148,90,32,90.00003038757863,0.046217441683544885,0.2200645345998427,-0.0696407870718429,0.0658830184724371,2.2179731532109566,-0.36791263054194956,-0.14625959856388024,-0.0323538043939613,1.0778708992911263,-1.2262050438873582,0.4896986594931582,-1.030325580090095
39.39514735676233,20,120.75185185185185,-8.948148148148148,90,32,90.00003038757863,0.04504716920525695,0.21766617200209304,-0.06697603591439844,0.08032966537666095,2.2948556865139302,-0.4063726482778178,-0.05306919866947383,-0.010990187099262912,1.073372600897504,-1.2371876713682841,0.39986951749314253,-1.077239864371027
39.39514735676233,22,120.75185185185185,-8.948148148148148,90,32,90.00003038757863,0.04382507020089457,0.2148106582929929,-0.0641792012976044,0.09252743768982559,2.3501885749681746,-0.4351603199123742,0.056481993449430175,0.014382981873883007,1.0650756857985553,-1.2269671326806206,0.2962401534642058,-1.1084710712949384
39.39514735676233,24,120.75185185185185,-8.948148148148148,90,32,90.00003038757863,0.0425335841147888,0.21142425650272106,-0.061293425846703053,0.10234886992000702,2.3798239887926624,-0.45219776014858676,0.17922162858341,0.043005865128123336,1.052000997190685,-1.194136276295698,0.18199147067573612,-1.1213396880254036
39.39514735676233,26,120.75185185185185,-8.948148148148148,90,32,90.00003038757863,0.04115848216529047,0.20744967127297104,-0.05836909299318277,0.1097065042263317,2.3803630999206917,-0.45573759246254075,0.3113803220020608,0.07399515195570508,1.0333655124551389,-1.1380348025197091,0.060813617714238516,-1.1137093554340136
39.39514735676233,28,120.75185185185185,-8.948148148148148,90,32,90.00003038757863,0.03968929051524972,0.20284834037679367,-0.055462271132203644,0.11455771228466101,2.349355433404722,-0.4445037829415741,0.4486517106822962,0.1063703178372938,1.0086097806211045,-1.0588758143772787,-0.06319329551008987,-1.0841531325813147
39.39514735676233,30,120.75185185185185,-8.948148148148148,90,32,90.00003038757863,0.03811959464258982,0.19760230073590584,-0.052632669347644156,0.11690913783881453,2.285494692950054,-0.41783557558564755,0.5863181509788028,0.1390873761825662,0.9774207826801776,-0.957843402896126,-0.1856806996384909,-1.0321156827515223
39.39514735676233,32,120.75185185185185,-8.948148148148148,90,32,90.00003038757863,0.036447200794232304,0.19171537573398034,-0.049941138154341425,0.1168199059678619,2.1887793252863372,-0.37581095115424856,0.7194445395408469,0.17107968346080882,0.9397468389081647,-0.8371353208125161,-0.3022694719794029,-0.9580431096042772
39.39514735676233,34,120.75185185185185,-8.948148148148148,90,32,90.00003038757863,0.03467413428658597,0.18521344624493696,-0.04744683114869508,0.11440279369445892,2.0606050737846253,-0.31932472154327274,0.8431308516512611,0.20130402006606213,0.89580136590389,-0.6999289657701411,-0.40880709042231594,-0.8634518019390675
39.39514735676233,36,120.75185185185185,-8.948148148148148,90,32,90.00003038757863,0.03280646280393312,0.1781436287619732,-0.04520422206149011,0.10982272873329903,1.9037619153520149,-0.2500998525250264,0.9528015609182698,0.22878890550631537,0.8460530765781555,-0.5502582189576175,-0.5016367654491038,-0.750912925137259
39.39514735676233,38,120.75185185185185,-8.948148148148148,90,32,90.00003038757863,0.030853945027290747,0.1705722868730441,-0.043260229821762974,0.10329227492629216,1.722319273939946,-0.17061914554664456,1.044499921873163,0.2526811780825141,0.7912015680054931,-0.3928021534323889,-0.5778450398186135,-0.6239401693598343
39.39514735676233,40,120.75185185185185,-8.948148148148148,90,32,90.00003038757863,0.02882951933861644,0.16258193335920806,-0.04165172670793249,0.0950641398994915,1.5213997195071312,-0.08397684879124304,1.1151499894372598,0.27228650848870495,0.732138967941533,-0.232601787815732,-0.6354541195154799,-0.48678343562192394
39.39514735676233,42,120.75185185185185,-8.948148148148148,90,32,90.00003038757863,0.02674866179600871,0.15426721704411644,-0.0404036825031992,0.08542114124967555,1.3068593241162296,0.006336402069236215,1.1627511211548218,0.2870998578180023,0.6699001116011326,-0.074734528149469,-0.6735317843105135,-0.34414724187367446
39.39514735676233,44,120.75185185185185,-8.948148148148148,90,32,90.00003038757863,0.024628654667685407,0.1457303050542439,-0.03952813153050638,0.07466441696272079,1.0849084247701515,0.0966899350151354,1.186478739872676,0.29682291754784523,0.6056052492726709,0.07601563502363566,-0.692204083881494,-0.20086599852896192
39.39514735676233,46,120.75185185185185,-8.948148148148148,90,32,90.00003038757863,0.022487814476108647,0.1370760441840313,-0.03902405077758747,0.06310089504100928,0.8617160521146529,0.18357814907598843,1.1866795246496924,0.30136710656190957,0.5404002373259115,0.2154529255136721,-0.6925714361430482,-0.061575648943547195
39.39514735676233,48,120.75185185185185,-8.948148148148148,90,32,90.00003038757863,0.020344730477418166,0.1284073007681723,-0.03887812521485745,0.051031103897127734,0.6430425824889303,0.26386120642367195,1.16476563102168,0.3008424525912261,0.4753993595006219,0.3401966620738123,-0.6765436073732709,0.06957921912450388
39.39514735676233,50,120.75185185185185,-8.948148148148148,90,32,90.00003038757863,0.018217560611222816,0.11982083601076066,-0.03906627274102942,0.03873830433429589,0.43393832562751367,0.33495390355008536,1.1230272308791094,0.29553431554882464,0.4116353529288,0.44781941322247154,-0.646620031667352,0.18917140055553072
39.39514735676233,52,120.75185185185185,-8.948148148148148,90,32,90.00003038757863,0.01612342310620088,0.11140398487840164,-0.03955572459943396,0.02647968862611752,0.23853292182089292,0.39494566661669284,1.0643925331850372,0.28587112873891446,0.35002003106580126,0.5368903670956207,-0.605646960378926,0.29463158294405023
39.39514735676233,54,120.75185185185185,-8.948148148148148,90,32,90.00003038757863,0.014077909820393697,0.1032322917157561,-0.040307418442657894,0.014480080392974949,0.059924991560453264,0.4426467482746822,0.99216798718012,0.27238696814427893,0.2913173729134621,0.6069317958716335,-0.5565817221925788,0.3842991069946019
39.39514735676233,56,120.75185185185185,-8.948148148148148,90,32,90.00003038757863,0.012094734086062708,0.09536813743553518,-0.04127846183697126,0.002928245924679919,-0.09983303265018034,0.47756678712576717,0.9097888466104694,0.2556827815281694,0.23612938697119817,0.6583068915636066,-0.5022882109095881,0.45739160719977134
39.39514735676233,58,120.75185185185185,-8.948148148148148,90,32,90.00003038757863,0.01018551325851047,0.08786029092198794,-0.04242445701377934,-0.00802435130257989,-0.23967092246440377,0.4998398763725934,0.8206033376237193,0.23638961704174583,0.18489371839854102,0.6920627233997977,-0.4453788188007886,0.5139111958794822
39.39514735676233,60,120.75185185185185,-8.948148148148148,90,32,90.00003038757863,0.008359675808133793,0.08074424359060844,-0.04370153126443793,-0.018262721226738405,-0.359379697339517,0.5101142947803124,0.7277046148378075,0.21513636421379498,0.13789101474007268,0.7097526602267309,-0.3881087373343607,0.5545091652929865
44.31954077635763,0,120.78333333333333,-8.916666666666666,90,32,90.00003038757863,0.056833909512694736,0.2564376030137693,-0.09478593913101002,-0.27864362404390514,1.4085894902512932,0.0000000000000002775557561562892,-0.00000000000000043319592572280383,0.00000000000000027843882920705463,1.1187856945529637,-0.6330156093242151,0.3955522500273964,-0.4747947093132565
44.31954077635763,2,120.78333333333333,-8.916666666666666,90,32,90.00003038757863,0.05504318742559014,0.2532659550768781,-0.09377182183378308,-0.23791921688550347,1.4625250808741326,-0.010970966654924462,-0.15290642770617946,-0.027813590546139803,1.0894191741499324,-0.7292141847563297,0.5402393679005493,-0.51311843759611
44.31954077635763,4,120.78333333333333,-8.916666666666666,90,32,90.00003038757863,0.05343690811057583,0.25087313284165835,-0.09263507220351969,-0.1977929989471755,1.5585937404181776,-0.040517581376473856,-0.2758528851276493,-0.051766238799658894,1.0703497333752128,-0.8395614891930876,0.6564708783387716,-0.5769731378575789
44.31954077635763,6,120.78333333333333,-8.916666666666666,90,32,90.00003038757863,0.051993227019099364,0.2490951272016414,-0.09131264711529558,-0.15879185101225304,1.6864868630676375,-0.08411043470647711,-0.36746151596586757,-0.0707699207242964,1.0597703758024821,-0.9567853512924414,0.743371053011328,-0.6594369300879102
44.31954077635763,8,120.78333333333333,-8.916666666666666,90,32,90.00003038757863,0.05068637384388727,0.24776433737578363,-0.08975846401739501,-0.12134187596429466,1.836845021508817,-0.13783685644704483,-0.4271848423466787,-0.08405120227567286,1.0558459455554408,-1.0746813323018394,0.800633495809769,-0.7544279339779318
44.31954077635763,10,120.78333333333333,-8.916666666666666,90,32,90.00003038757863,0.049487930547195774,0.2467128969060408,-0.08794141843736653,-0.0857929920938584,2.0011054486852116,-0.19826433414616443,-0.45503760544047284,-0.09111217082538883,1.056751702410998,-1.1878652521588675,0.8283355209251326,-0.8565310437888145
44.31954077635763,12,120.78333333333333,-8.916666666666666,90,32,90.00003038757863,0.04836795600415619,0.24577515639395647,-0.0858438989068136,-0.05243944693276208,2.1713170289514316,-0.26228128445439025,-0.45143923988378126,-0.09169879990200792,1.0607008781392604,-1.291549435526292,0.8268591315860472,-0.960805782891873
44.31954077635763,14,120.78333333333333,-8.916666666666666,90,32,90.00003038757863,0.04729598605502211,0.24478972844419905,-0.08346082838031715,-0.02153584130267165,2.3399603197291396,-0.326940793606838,-0.4171559705454829,-0.08577731907092313,1.065965920906887,-1.3813662243954323,0.7969008160525015,-1.0626058979744317
44.31954077635763,16,120.78333333333333,-8.916666666666666,90,32,90.00003038757863,0.04624193763595352,0.24360144779418308,-0.08079918099898509,0.006691518030095267,2.499803974350479,-0.3893289019613124,-0.3533281070783773,-0.07351789125390536,1.0708975460257375,-1.4532562275487995,0.7395504891193703,-1.1574360319010513
44.31954077635763,18,120.78333333333333,-8.916666666666666,90,32,90.00003038757863,0.04517694133722347,0.24206353309528095,-0.07787785450735268,0.032037977663917014,2.643824116303727,-0.44647633159285355,-0.2615645031388159,-0.0552838653557371,1.07394492416346,-1.5034338264254619,0.6564172348661923,-1.240866932478985
44.31954077635763,20,120.78333333333333,-8.916666666666666,90,32,90.00003038757863,0.04407411907948644,0.24004015432552384,-0.0747277192588271,0.054318531470742976,2.7652083367323916,-0.4953300938274457,-0.1440814661327396,-0.03162404864863115,1.0736793621916683,-1.528437106116896,0.549775699917447,-1.3085268261499172
44.31954077635763,22,120.78333333333333,-8.916666666666666,90,32,90.00003038757863,0.042909313447362846,0.2374095079662511,-0.07139161633714419,0.07337021930165284,2.8574593598237423,-0.5327977223746242,-0.003857610739065634,-0.0032648539306931075,1.0688226624035504,-1.5252622038343093,0.42270257377322606,-1.356181174325019
44.31954077635763,24,120.78333333333333,-8.916666666666666,90,32,90.00003038757863,0.041661763567646865,0.23406737932575472,-0.0679240464196425,0.08905847082956449,2.914603462675032,-0.5558705347475144,0.15522980642771228,0.02890110758686511,1.058279997452851,-1.4915721306696035,0.279169005062461,-1.379904528644619
44.31954077635763,26,120.78333333333333,-8.916666666666666,90,32,90.00003038757863,0.04031471054595956,0.22993103160328682,-0.06439028804368363,0.10128661004592074,2.9314945506483077,-0.5618223923872849,0.32832569588188754,0.06383329128093214,1.0411756778035672,-1.4259574593823188,0.12405422121672634,-1.3763357708956283
44.31954077635763,28,120.78333333333333,-8.916666666666666,90,32,90.00003038757863,0.03885590499868824,0.22494311676594525,-0.060864720646276904,0.11000733585118758,2.904186844602162,-0.5484670367518117,0.5096133900622689,0.10037100837760227,1.0168887580733759,-1.3282123293733963,-0.0369494976945777,-1.3429921284512274
44.31954077635763,30,120.78333333333333,-8.916666666666666,90,32,90.00003038757863,0.037277982001898885,0.21907517604144733,-0.05742821274630433,0.115234583923597,2.8303298271803623,-0.5144419362475257,0.6924571248705564,0.13727220637931364,0.985084248774565,-1.1995770345510848,-0.19755811252548086,-1.2786002795612772
44.31954077635763,32,120.78333333333333,-8.916666666666666,90,32,90.00003038757863,0.03557866666857071,0.2123302173389799,-0.054164568889492615,0.1170538618021201,2.7095228152912605,-0.4594731199697274,0.8696852146223987,0.17326300164873987,0.9457350398211039,-1.0428922469302901,-0.3512412365514008,-1.1833887415508504
44.31954077635763,34,120.78333333333333,-8.916666666666666,90,32,90.00003038757863,0.03376077795292831,0.20474385381062332,-0.051156196950876254,0.11562906088271972,2.543558882090562,-0.3845682741658979,1.0340040711599086,0.20709571286586773,0.8991297557209087,-0.8626139174120501,-0.49166462876148637,-1.0592797689166447
44.31954077635763,36,120.78333333333333,-8.916666666666666,90,32,90.00003038757863,0.03183200961821467,0.1963835835881661,-0.048479331572606754,0.11120399451584065,2.3364939093957364,-0.29208873345812403,1.1785048824210522,0.23761116817772332,0.8458628001798382,-0.6646545471393689,-0.6131779776745909,-0.9099257382092053
44.31954077635763,38,120.78333333333333,-8.916666666666666,90,32,90.00003038757863,0.029804484713900625,0.18734598697394128,-0.046199290562416784,0.10409753106198096,2.0944985275623114,-0.1856669919750983,1.2971992392961853,0.26379954701175984,0.7868047727158702,-0.4560447761429835,-0.7112785721838765,-0.7405562050165341
44.31954077635763,40,120.78333333333333,-8.916666666666666,90,32,90.00003038757863,0.027694101077918643,0.17775188852978818,-0.044366309046619645,0.09469211923157198,1.8254860855765265,-0.06996322177578447,1.3855051275994503,0.2848533726814649,0.7230539838463221,-0.24444372949251247,-0.78297747117528,-0.5576347179626245
44.31954077635763,42,120.78333333333333,-8.916666666666666,90,32,90.00003038757863,0.02551970687238997,0.1677398267464073,-0.04301246412656373,0.08341656563862543,1.5385510649238143,0.04971392135636906,1.440606450956405,0.3002067415751973,0.6558724894772975,-0.03755862898850869,-0.8270076310436156,-0.368361681405955
44.31954077635763,44,120.78333333333333,-8.916666666666666,90,32,90.00003038757863,0.023302163126159292,0.1574584290350225,-0.04215006838234919,0.07072487936012159,1.2432888930437127,0.16786875584244554,1.4616289604682744,0.3095564492537599,0.5866123477008444,0.15744538092414354,-0.8438411625367397,-0.18009108409055238
44.31954077635763,46,120.78333333333333,-8.916666666666666,90,32,90.00003038757863,0.021063361358305915,0.14705844606572105,-0.041771699855677635,0.05707361334248238,0.9490898673800391,0.27929244107292106,1.4496087153321213,0.3128630616195409,0.516639175292045,0.334461669923624,-0.8355184615207265,0.00025428531533339127
44.31954077635763,48,120.78333333333333,-8.916666666666666,90,32,90.00003038757863,0.018825266623727466,0.13668522284473666,-0.04185179683362428,0.04290026599432173,0.6645011480732747,0.3794793145208838,1.4072670867052774,0.31033267864803993,0.44726026309509864,0.48881730922930133,-0.8053257218035412,0.1666870205078848
44.31954077635763,50,120.78333333333333,-8.916666666666666,90,32,90.00003038757863,0.016609049628472927,0.12647227523965393,-0.042349532112387234,0.02860495432161419,0.3967322167103133,0.4649312549641661,1.3386387232817807,0.3023825826420546,0.379663510075151,0.6174690077347881,-0.7573805334893161,0.3145167943390616
44.31954077635763,52,120.78333333333333,-8.916666666666666,90,32,90.00003038757863,0.014434357570363265,0.11653643368340583,-0.04321253716569917,0.014536859783630118,0.15134734876017022,0.533321206549052,1.248618145860838,0.28959568534563324,0.3148715431634364,0.7190160413559239,-0.6961931189050348,0.44053879379391
44.31954077635763,54,120.78333333333333,-8.916666666666666,90,32,90.00003038757863,0.012318754975436108,0.10697476399233619,-0.04438099295616954,0.000986083845582117,-0.06784700335830081,0.5835148569981998,1.1424938690110618,0.27266943976886965,0.2537130650156469,0.7935563772616202,-0.6262636377309201,0.5430509221692521
44.31954077635763,56,120.78333333333333,-8.916666666666666,90,32,90.00003038757863,0.01027734636014474,0.0978632339308389,-0.04579163689666066,-0.011819260746301977,-0.25874258086982177,0.6154724784201869,1.0255282906372103,0.2523646693372547,0.19681120326498291,0.8424315998753974,-0.5517584441202825,0.6217282222272844
44.31954077635763,58,120.78333333333333,-8.916666666666666,90,32,90.00003038757863,0.00832257502460143,0.08925690529411523,-0.04738133127934768,-0.023711504810598368,-0.42073994319098,0.6300668317622132,0.9026224624829463,0.22945880343459732,0.14458681057380815,0.8679130179970626,-0.47628656555496707,0.6773983917750757
44.31954077635763,60,120.78333333333333,-8.916666666666666,90,32,90.00003038757863,0.006464178728737585,0.0811913157560295,-0.04908996530513504,-0.03457854529888109,-0.5544794585087375,0.6288569960736448,0.7780835026313861,0.20470661983395375,0.09727349822453567,0.8728771726868247,-0.4027777715899385,0.7117660640508493
49.24393419595292,0,120.81481481481481,-8.885185185185184,90,32,90.00003038757863,0.05426010942866505,0.27425936876254653,-0.1046850797466472,-0.4446503218970102,1.2541079306739518,-0.000000000000020261570199409107,0.0000000000000006864863662755368,0.00000000000000011060783898050643,1.026655337048086,-0.5635920822118833,0.35217159945355203,-0.42272344243046245
49.24393419595292,2,120.81481481481481,-8.885185185185184,90,32,90.00003038757863,0.05247467616469806,0.27125134291952296,-0.10382626185354915,-0.3813148961068206,1.370232533438495,-0.01257462571278207,-0.20837898150254103,-0.03348698214908372,1.0039480494629536,-0.7127764567795375,0.5630273617385787,-0.48756551208410603
49.24393419595292,4,120.81481481481481,-8.885185185185184,90,32,90.00003038757863,0.05090241583514493,0.2692962166262182,-0.10278319970759958,-0.32007306005482594,1.5348912812982463,-0.046036266218113193,-0.3743976674103526,-0.06212687104767647,0.99167907550293,-0.8745889618325714,0.7344173909591919,-0.5808220054488946
49.24393419595292,6,120.81481481481481,-8.885185185185184,90,32,90.00003038757863,0.04951615262366174,0.26816375280869287,-0.10148607036482998,-0.26145853131963054,1.7351835700699771,-0.09500314695826532,-0.49823152280128014,-0.08483480074039143,0.9878707715690344,-1.0408904706598552,0.8667472129373104,-0.694191585484931
49.24393419595292,8,120.81481481481481,-8.885185185185184,90,32,90.00003038757863,0.04828488193972233,0.26762647685468116,-0.09988483269533582,-0.20585601135669832,1.9599235157431993,-0.15520803131498015,-0.5806053449818033,-0.1008638656403183,0.9905497133752016,-1.2050541279694595,0.9605960485864032,-0.8208157085348982
49.24393419595292,10,120.81481481481481,-8.885185185185184,90,32,90.00003038757863,0.04717513689831018,0.2674617797693916,-0.09794582366111781,-0.1535500995829578,2.199211846854418,-0.22317445334444858,-0.6224405075096178,-0.10975628481117701,0.9977788858644907,-1.3614728215215157,1.016512388887897,-0.9548678659663569
49.24393419595292,12,120.81481481481481,-8.885185185185184,90,32,90.00003038757863,0.0461521689711345,0.26745299741417844,-0.09564948001966722,-0.10476542702326619,2.44399911835334,-0.29588583627062315,-0.6246778015503763,-0.11130578395425281,1.0076785043428187,-1.5051365333492746,1.034970075115766,-1.0911485033029682
49.24393419595292,14,120.81481481481481,-8.885185185185184,90,32,90.00003038757863,0.045180985383751565,0.26739011019704106,-0.09298915361438181,-0.059697980319452365,2.685683788217034,-0.3704747777371128,-0.5882534600993156,-0.10553136118637416,1.0184410219602733,-1.6313015720212518,1.016457345228819,-1.2247186339297242
49.24393419595292,16,120.81481481481481,-8.885185185185184,90,32,90.00003038757863,0.04422728383610158,0.2670706187668152,-0.08997090105480215,-0.018537679272853033,2.915782474269655,-0.44395601990431477,-0.5142079333684492,-0.09266121230223298,1.028345115746162,-1.7352700685886888,0.9616740479528052,-1.3506004494075667
49.24393419595292,18,120.81481481481481,-8.885185185185184,90,32,90.00003038757863,0.04325831850071296,0.2663010622246525,-0.08661404726013416,0.018517828988796756,3.1257080906468624,-0.5130270619065697,-0.40390621173100133,-0.07312444387721481,1.0357725255880545,-1.812297250825723,0.8718107618939327,-1.4635729460681497
49.24393419595292,20,120.81481481481481,-8.885185185185184,90,32,90.00003038757863,0.042243720855635936,0.26489954259578585,-0.08295223739530833,0.051258329041888595,3.3066914098850897,-0.5739625816697872,-0.25934298977357695,-0.047547244505557015,1.0392305211928852,-1.8576425220558488,0.7488769789808067,-1.558091730463526
49.24393419595292,22,120.81481481481481,-8.885185185185184,90,32,90.00003038757863,0.041156285521047414,0.2626994848851239,-0.07903460292129116,0.07946532414467938,3.4498789140826407,-0.6226296086265144,-0.08349501355573351,-0.01674943752552098,1.0373814434451003,-1.8667747126109075,0.5960343581034726,-1.6283609693695185
49.24393419595292,24,120.81481481481481,-8.885185185185184,90,32,90.00003038757863,0.03997271587099879,0.25955467939182025,-0.07492658613471825,0.10292535179419499,3.546630123335599,-0.6546459667654716,0.11933231081760544,0.01826309526996185,1.0290791851349665,-1.8357288453704115,0.41787779899350913,-1.668577725773008
49.24393419595292,26,120.81481481481481,-8.885185185185184,90,32,90.00003038757863,0.03867430820949319,0.25534541473604166,-0.07070991718462899,0.12145156475605769,3.5890169875049045,-0.6656913161626917,0.34323290643220783,0.05631458587897938,1.0134106899047814,-1.7615895837393625,0.22059646370999145,-1.6733509982553658
49.24393419595292,28,120.81481481481481,-8.885185185185184,90,32,90.00003038757863,0.03724753873463066,0.24998522742700469,-0.06648125078986511,0.13491174190743013,3.5704947447219637,-0.6519562127745631,0.5805817472380586,0.09608791377302689,0.9897387163539949,-1.6430463694042696,0.011945513916970156,-1.6382681638374816
49.24393419595292,30,120.81481481481481,-8.885185185185184,90,32,90.00003038757863,0.035684506872844635,0.24342750421362785,-0.06234907999192629,0.1432595412886444,3.486670687995514,-0.6106815549461297,0.8221459879752115,0.13616778472343521,0.9577405195737637,-1.4809326132682619,-0.19902585342473814,-1.560542954638157
49.24393419595292,32,120.81481481481481,-8.885185185185184,90,32,90.00003038757863,0.03398318450870122,0.23567094178954962,-0.05842877073024966,0.14656448671247171,3.336053386250362,-0.5407052175115385,1.0574767960552596,0.17509860048610765,0.9174361204966496,-1.2786362811199226,-0.4025093215023377,-1.4396400097208577
49.24393419595292,34,120.81481481481481,-8.885185185185184,90,32,90.00003038757863,0.032147425354025316,0.22676277613406548,-0.05483589270478839,0.1450353464229203,3.1206344456216812,-0.4429060989361217,1.2755855781367649,0.21145431343463236,0.8691998453118561,-1.0422644506997374,-0.5887012274052141,-1.277744941661823
49.24393419595292,36,120.81481481481481,-8.885185185185184,90,32,90.00003038757863,0.03018670313469174,0.21679881384007266,-0.051678405664174254,0.13903169451871894,2.846153861860159,-0.32043156887715435,1.465843905391189,0.24391477057432848,0.8137500775351236,-0.7804702733041469,-0.7487004718169681,-1.0799504620309341
49.24393419595292,38,120.81481481481481,-8.885185185185184,90,32,90.00003038757863,0.028115570444597615,0.20591966083791374,-0.04904860390385202,0.12905983688182956,2.5219390521157594,-0.1786217956780213,1.618981468007553,0.27134085603902075,0.7521146663865544,-0.5039091537323611,-0.8753962542055264,-0.8540676554145716
49.24393419595292,40,120.81481481481481,-8.885185185185184,90,32,90.00003038757863,0.025952858869763173,0.19430310976950815,-0.047015918428636394,0.11575184652772699,2.1602847894144452,-0.024602838930051985,1.728012838785256,0.2928397612064684,0.685572826956798,-0.22437096532132922,-0.9641825238078361,-0.6100439748444637
49.24393419595292,42,120.81481481481481,-8.885185185185184,90,32,90.00003038757863,0.02372067039583514,0.1821532996844316,-0.04562164374995281,0.09982964782657214,1.7754387848775457,0.13340419120808145,1.7889207811485397,0.30781234360949283,0.615577990633939,0.046285830605363946,-1.0133601533014587,-0.35905823071521953
49.24393419595292,44,120.81481481481481,-8.885185185185184,90,32,90.00003038757863,0.021443234556434543,0.1696878372015272,-0.044876376084161396,0.08205905336193704,1.3823466120352492,0.2869416084106055,1.8009677580074976,0.31597677942792723,0.5436691098182641,0.297220564315832,-1.0241519620696846,-0.11244022051204189
49.24393419595292,46,120.81481481481481,-8.885185185185184,90,32,90.00003038757863,0.01914572039385795,0.15712441177812186,-0.044760483524111605,0.06320052449861356,0.9953612034940728,0.4281858576973918,1.7665870693874774,0.317366125466331,0.4713796746478854,0.5195338772434366,-1.0003410630225171,0.1193974520344297
49.24393419595292,48,120.81481481481481,-8.885185185185184,90,32,90.00003038757863,0.016853094322721,0.1446684611697463,-0.04522740067321768,0.04396367763037916,0.6271202466868538,0.5506787032359457,1.690895565524981,0.3123012142996795,0.40015377216490483,0.7068871980861268,-0.9476222757785671,0.3278382877746999
49.24393419595292,50,120.81481481481481,-8.885185185185184,90,32,90.00003038757863,0.014589104468380493,0.13250315748142,-0.046209090573866796,0.02497122474339253,0.2877431139957124,0.6498100582742928,1.58094283334422,0.3013436540719465,0.331276966734814,0.8557514873695048,-0.8728055692252092,0.5066292596794211
49.24393419595292,52,120.81481481481481,-8.885185185185184,90,32,90.00003038757863,0.012375451720493924,0.1207824894824936,-0.04762275037183661,0.006735653985615216,-0.015581964912475406,0.7230084898485569,1.4448475887270902,0.2852359153577774,0.2658270671496892,0.9652997925209418,-0.7830187757590453,0.6520922822173236
49.24393419595292,54,120.81481481481481,-8.885185185185184,90,32,90.00003038757863,0.010231182060715854,0.10962765792515328,-0.049377791151631045,-0.010350698778726214,-0.27863273564772295,0.7696598913277,1.2909666200936916,0.26483624625630564,0.20464666375703708,1.037022042068698,-0.6850289137423047,0.763010476571776
49.24393419595292,56,120.81481481481481,-8.885185185185184,90,32,90.00003038757863,0.008172308580834092,0.09912651260180505,-0.05138226543397595,-0.026013758498636963,-0.4998845811008388,0.7908210533685712,1.1272050715922806,0.24105554689399028,0.14833636328898597,1.0741733830626454,-0.5847529165967623,0.8402722164239405
49.24393419595292,58,120.81481481481481,-8.885185185185184,90,32,90.00003038757863,0.006211649108163464,0.08933542873986616,-0.053548173254419185,-0.04008694776685785,-0.680045328266858,0.7888151449186042,0.9605263336740965,0.21480173995616966,0.09726542852274096,1.0811684852095784,-0.4869774166422429,0.8863775185526812
49.24393419595292,60,120.81481481481481,-8.885185185185184,90,32,90.00003038757863,0.00435884906833417,0.08028287063371886,-0.05579536557783288,-0.052494963388981485,-0.8215012547195552,0.7667926855057235,0.7966717147592367,0.18693511021610304,0.05159527668033379,1.0630123922594044,-0.39526696068011696,0.9049056079873575
54.16832761554821,0,120.8462962962963,-8.853703703703703,90,32,90.00003038757863,0.05039634441189855,0.29090116590132553,-0.1142690835249256,-0.6166912720379112,0.9670450590204324,0.0000000000000002775557561562892,-0.00000000000000033677018796432093,0.00000000000000022267924718349815,0.8962014029024232,-0.434586918898073,0.2715602037504676,-0.32596283739788595
54.16832761554821,2,120.8462962962963,-8.853703703703703,90,32,90.00003038757863,0.048688364078285196,0.2884053125633412,-0.11364050789379221,-0.5251100195796297,1.1742934739679305,-0.013083346450032432,-0.2691755426695552,-0.03709566566592637,0.8825804237642946,-0.651602135046544,0.5622825697009971,-0.4266891071661451
54.16832761554821,4,120.8462962962963,-8.853703703703703,90,32,90.00003038757863,0.04721009172471219,0.28725780533798834,-0.11275129461800792,-0.4374629393025303,1.4321906917519927,-0.04736344080057826,-0.48133471742744954,-0.06861129734690731,0.8786228988963928,-0.8759101970294569,0.8007374828647961,-0.5556152038835385
54.16832761554821,6,120.8462962962963,-8.853703703703703,90,32,90.00003038757863,0.04593039068005758,0.28715074895582987,-0.11153199059823327,-0.35423666905087103,1.7259421978285239,-0.09706446645001697,-0.6394819190796638,-0.09349599228990135,0.8823315632720777,-1.0995839002952312,0.9896246462620635,-0.7037340417904059
54.16832761554821,8,120.8462962962963,-8.853703703703703,90,32,90.00003038757863,0.04481447566468261,0.2877898973254021,-0.10993384963526359,-0.2757101868719484,2.04343819903257,-0.1581701317688785,-0.7464603591738612,-0.1110489240117399,0.8917363677821427,-1.316622613117804,1.1309873758787412,-0.8642276627663075
54.16832761554821,10,120.8462962962963,-8.853703703703703,90,32,90.00003038757863,0.04382532442366868,0.28889377396213917,-0.10792366070655901,-0.20204135729497494,2.374411598471157,-0.22783303349249853,-0.8045588096619677,-0.12086381587055178,0.9049203765750026,-1.5221360504730292,1.2260474687412364,-1.0317170629765346
54.16832761554821,12,120.8462962962963,-8.853703703703703,90,32,90.00003038757863,0.042924882290049815,0.29019178106878957,-0.10548058161275892,-0.13333763055885267,2.7096430060076133,-0.30381400197585035,-0.8153543814864852,-0.12278744363099446,0.9200349331013334,-1.7116661302263902,1.2752438635252275,-1.2015685848162994
54.16832761554821,14,120.8462962962963,-8.853703703703703,90,32,90.00003038757863,0.04207511245980902,0.29142217237887325,-0.10259483503017702,-0.06971200073809546,3.0402445187746006,-0.38396549160929233,-0.7797561820782487,-0.1168919640289372,0.9353099135817149,-1.88065208161526,1.2784422930502402,-1.3692751643951642
54.16832761554821,16,120.8462962962963,-8.853703703703703,90,32,90.00003038757863,0.041238941182349914,0.2923306499648568,-0.09926807303868784,-0.011324855022095542,3.3570526938719008,-0.4657729067390789,-0.6982298435419836,-0.10345942801305615,0.9490640410169012,-2.0240499489026558,1.235296498633105,-1.5299313494494138
54.16832761554821,18,120.8462962962963,-8.853703703703703,90,32,90.00003038757863,0.04038113866267315,0.2926702679175418,-0.09551515059991589,0.041588540298238,3.650170281659077,-0.5459766772206873,-0.5711908028268697,-0.08297563463501688,0.9597192751336335,-2.1361292122399407,1.1457448178710155,-1.6778312850915345
54.16832761554821,20,120.8462962962963,-8.853703703703703,90,32,90.00003038757863,0.03946916402621417,0.2922032515471258,-0.09136694415581798,0.08870616156614823,3.908711099225315,-0.6203125619489233,-0.399550984721387,-0.05612943580548014,0.9658221674825842,-2.210481077788843,1.0106166668068393,-1.8062344110661073
54.16832761554821,22,120.8462962962963,-8.853703703703703,90,32,90.00003038757863,0.03847398689124415,0.29070522297635837,-0.0868736985860522,0.12962492597298536,4.120816005485741,-0.6834229588811034,-0.18538602467907087,-0.023812733645720105,0.966073695180995,-2.2402782910975256,0.8323005064218063,-1.907358088528803
54.16832761554821,24,120.8462962962963,-8.853703703703703,90,32,90.00003038757863,0.037370879846553295,0.28797210995356537,-0.08210819558358295,0.16388595420632715,4.274010613061735,-0.7290002648561186,0.06734256207694025,0.012884151525306708,0.9593674071990663,-2.2188168953205736,0.615390272269983,-1.9726607864125802
54.16832761554821,26,120.8462962962963,-8.853703703703703,90,32,90.00003038757863,0.036140156945173196,0.2838296587501842,-0.07716784979791136,0.19102024803062778,4.355955409791088,-0.7502146182549276,0.3521198796532937,0.05268710632232399,0.9448337632499051,-2.140338173000353,0.36718833890484653,-1.9934628374384145
54.16832761554821,28,120.8462962962963,-8.853703703703703,90,32,90.00003038757863,0.034767815495687526,0.27814495835851805,-0.07217472934746405,0.2106130335493265,4.355585934086215,-0.740442989443112,0.659418155143681,0.0941674739854283,0.9218864819862945,-2.0010701184921977,0.09791433881790099,-1.9619043829650373
54.16832761554821,30,120.8462962962963,-8.853703703703703,90,32,90.00003038757863,0.03324602501217791,0.27083875500199867,-0.06727256118128627,0.22238104619892302,4.26455185620736,-0.6942504766245096,0.9766219166235689,0.1357888612035674,0.8902648656554841,-1.800347948057522,-0.1795292070270497,-1.872159630868342
54.16832761554821,32,120.8462962962963,-8.853703703703703,90,32,90.00003038757863,0.0315734015630979,0.2618967179975217,-0.06262010878838409,0.22625241077174585,4.078752175226438,-0.6084863078326642,1.288492946720071,0.1759717570596802,0.8500648837889563,-1.5415927306323405,-0.45033191005984,-1.7217254946562766
54.16832761554821,34,120.8462962962963,-8.853703703703703,90,32,90.00003038757863,0.029755010863760645,0.2513774121952052,-0.05838093207463735,0.22243493228952957,3.799662290477097,-0.4832720821163554,1.578245506642408,0.21317283729229855,0.8017517550455877,-1.23288053527421,-0.6990799870563127,-1.512512530096735
54.16832761554821,36,120.8462962962963,-8.853703703703703,90,32,90.00003038757863,0.027802060696261705,0.2394147659118147,-0.05471037926107186,0.21145738953385218,3.4351050692931158,-0.32261724940228453,1.8291579728893448,0.24597233572790986,0.746148199372505,-0.8868590465375622,-0.9114309069088875,-1.2514314093011172
54.16832761554821,38,120.8462962962963,-8.853703703703703,90,32,90.00003038757863,0.025731271553782742,0.2262134503623186,-0.051741510957135695,0.19417129057333027,2.9991750944571174,-0.1344334676239153,2.0264783150844177,0.2731600871639331,0.6843954575700466,-0.5198846670994699,-1.0758576206094084,-0.9502277153432332
54.16832761554821,40,120.8462962962963,-8.853703703703703,90,32,90.00003038757863,0.023563949851867633,0.2120367783594621,-0.049572226185419455,0.17170771545817434,2.511193846161268,0.07015350995208297,2.1592500750998567,0.29380960907115056,0.6178881761397446,-0.1504432873450161,-1.1850882596853127,-0.6244785912191413
54.16832761554821,42,120.8462962962963,-8.853703703703703,90,32,90.00003038757863,0.021324824299005007,0.19718822309997303,-0.04825589032079891,0.1453937247603769,1.9938136845966459,0.2781092947009521,2.221656061680903,0.30733042746952505,0.5481885194734891,0.20287748594526384,-1.2369074019892663,-0.2918854748504427
54.16832761554821,44,120.8462962962963,-8.853703703703703,90,32,90.00003038757863,0.019040735795189556,0.18198901657222466,-0.04779716486981073,0.11664227721481658,1.4706172715303336,0.4761498516255913,2.2135774479761015,0.31349176220948954,0.4769283965216031,0.5234577792914941,-1.23413958133907,0.029801946755866005
54.16832761554821,46,120.8462962962963,-8.853703703703703,90,32,90.00003038757863,0.01673928829034757,0.16675507507845144,-0.04815365902040514,0.08683540744157948,0.9636879150586174,0.6523917706569002,2.1402677596669277,0.3124150625265734,0.40571060043309637,0.7983360451375053,-1.1838517009231315,0.3247953647682527
54.16832761554821,48,120.8462962962963,-8.853703703703703,90,32,90.00003038757863,0.014447569000586719,0.1517764747937983,-0.049242805951223434,0.05722065236498996,0.49160713485470525,0.7976521969801699,2.011268525754373,0.30453768415047006,0.33601950996832575,1.0192177874695776,-1.0960058481129586,0.5808154482243941
54.16832761554821,50,120.8462962962963,-8.853703703703703,90,32,90.00003038757863,0.012191031654022577,0.1373019211999406,-0.05095239679098601,0.028835701287142183,0.06818543947848024,0.9061810603564898,1.8388617772190654,0.29055409155953044,0.2691499171165279,1.1826966284618765,-0.981898216749857,0.7899373417619338
54.16832761554821,52,120.8462962962963,-8.853703703703703,90,32,90.00003038757863,0.009992609908740235,0.12352943473805755,-0.053152739328443,0.0024682157740544067,-0.2979804021924998,0.9757783165882788,1.636413343674022,0.27134349669963975,0.20615915602082238,1.2897797064158953,-0.8527100782385759,0.9486956751204649
54.16832761554821,54,120.8462962962963,-8.853703703703703,90,32,90.00003038757863,0.007872095765393772,0.11060321799722872,-0.05570849068297551,-0.021350349339855947,-0.6032244179223597,1.0073983754976572,1.416911519552978,0.247893465231912,0.1478439020908286,1.344942146560282,-0.7183993786211933,1.0575823951118046
54.16832761554821,56,120.8462962962963,-8.853703703703703,90,32,90.00003038757863,0.005845785999889663,0.09861570657361368,-0.058488699015124435,-0.04232399219610529,-0.8480239411752967,1.0044295487398789,1.1918899770840317,0.22122792705248523,0.09473963275626257,1.3549771871155507,-0.587029731090715,1.1201652946792646
54.16832761554821,58,120.8462962962963,-8.853703703703703,90,32,90.00003038757863,0.003926373393835142,0.0876132908826377,-0.06137424828326005,-0.06035426951359831,-1.0359615626421685,0.9718503691730173,0.9707953410845709,0.1923457892596172,0.0471383651134586,1.3278732989066786,-0.46451725993304904,1.142066394933459
54.16832761554821,60,120.8462962962963,-8.853703703703703,90,32,90.00003038757863,0.002123041692703165,0.07760411069171835,-0.06426252142070094,-0.0754949120037353,-1.172655699498975,0.9154262892792987,0.7607588534006156,0.1621736667388925,0.005119119079424399,1.2718724893415059,-0.3547027852105174,1.129991375257299
59.0927210351435,0,120.87777777777778,-8.822222222222221,90,32,90.00003038757863,0.04529731183600852,0.30545712552114784,-0.12267993436889696,-0.7839485897387691,0.52936971584558,0.0000000000000013183898417423734,-0.0000000000000003099703025600808,-0.00000000000000035726040442003916,0.735072002401864,-0.23789696785472347,0.1486546532174737,-0.17843510656773398
59.0927210351435,2,120.87777777777778,-8.822222222222221,90,32,90.00003038757863,0.043739048801079594,0.30396311260461567,-0.12235983425346614,-0.6582428019621606,0.861736225231081,-0.011542853303666724,-0.32869963872754404,-0.03811708124269998,0.7320154849733046,-0.5365412329735902,0.5291197887106177,-0.32489331748934314
59.0927210351435,4,120.87777777777778,-8.822222222222221,90,32,90.00003038757863,0.042412173573054546,0.3041005052736648,-0.12169018202730503,-0.5386440181315949,1.239118425035736,-0.04104195258050003,-0.5847086065668269,-0.07029434342109173,0.7370172155948574,-0.8316194064977818,0.84397816422498,-0.4940281408077898
59.0927210351435,6,120.87777777777778,-8.822222222222221,90,32,90.00003038757863,0.04128359080274818,0.30547908353923175,-0.12061411462727456,-0.4254756623216631,1.6465866888075225,-0.08324524445548576,-0.7753998431291019,-0.09553043640771722,0.7482157496307862,-1.1172939865570022,1.0994412805133273,-0.6775174743516712
59.0927210351435,8,120.87777777777778,-8.822222222222221,90,32,90.00003038757863,0.04031675020470782,0.3077383418265642,-0.11909282879867428,-0.3187916776530415,2.0729063551583997,-0.13536163231862355,-0.906694993005802,-0.1131767078171429,0.7637854129131775,-1.3898577181947915,1.2996839378988123,-0.8699841430352666
59.0927210351435,10,120.87777777777778,-8.822222222222221,90,32,90.00003038757863,0.039473068591400984,0.31054126992559483,-0.11709857400165385,-0.21851546692645005,2.5091829231605716,-0.19616098946453658,-0.9827414558585876,-0.12287924568318465,0.7819580741691168,-1.6465787248942916,1.4468207797069323,-1.0678504130115187
59.0927210351435,12,120.87777777777778,-8.822222222222221,90,32,90.00003038757863,0.03871313800264467,0.3135675158449002,-0.11461065146045546,-0.12455391082966422,2.9476485654836186,-0.26516953841777496,-1.0058403237792701,-0.12453602394431654,0.801035578367173,-1.8847619868920795,1.5410794297573744,-1.2683302149891298
59.0927210351435,14,120.87777777777778,-8.822222222222221,90,32,90.00003038757863,0.03799777662769235,0.3165068871612326,-0.11161411665658866,-0.036890362911633084,3.380574337860241,-0.34193379241647465,-0.9765820014098142,-0.11826875070146259,0.8193982813120263,-2.10098916080195,1.5811462823114144,-1.4685306478773845
59.0927210351435,16,120.87777777777778,-8.822222222222221,90,32,90.00003038757863,0.03728897483752716,0.31905404897841644,-0.10810095275195536,0.04434130989665386,3.799303500476532,-0.42533376049081806,-0.8941845909018463,-0.10440757108591657,0.8355143006493402,-2.2905238517391435,1.5646931161588302,-1.6646466052756113
59.0927210351435,18,120.87777777777778,-8.822222222222221,90,32,90.00003038757863,0.036550779366653935,0.32090529059200257,-0.10407350033978496,0.1188022723307304,4.1934308694511335,-0.5129488712643943,-0.7570570074245964,-0.08348556019920672,0.8479531801475207,-2.4469047179515386,1.4891087879944873,-1.8512612027537436
59.0927210351435,20,120.87777777777778,-8.822222222222221,90,32,90.00003038757863,0.03575014526661863,0.32175830244519094,-0.09954984667776817,0.18591764817721373,4.550197995677176,-0.6005168945504121,-0.5636182537568953,-0.05623886808945022,0.8554065883494362,-2.5617896533042717,1.35245488481929,-2.0208076993765554
59.0927210351435,22,120.87777777777778,-8.822222222222221,90,32,90.00003038757863,0.03485776832825735,0.32131594578437234,-0.09457065578702978,0.2448756239653191,4.854227506501314,-0.6815732947201236,-0.313387166137507,-0.023607469167943856,0.8567173521060891,-2.6251520408281057,1.1546299521878864,-2.163300059952951
59.0927210351435,24,120.87777777777778,-8.822222222222221,90,32,90.00003038757863,0.03384889113859696,0.3192948918237278,-0.08920654401828526,0.2946653293334142,5.087767223740004,-0.747405464911389,-0.008302952399599599,0.013269136237070555,0.850916500819093,-2.62594877742672,0.8986578519795649,-2.266485636634894
59.0927210351435,26,120.87777777777778,-8.822222222222221,90,32,90.00003038757863,0.03270405535986318,0.31543961265408604,-0.08356461071937304,0.3341612866463526,5.231629106155298,-0.7874822903729214,0.34585926681658535,0.05306697731483852,0.837266094784004,-2.553355808737854,0.5919147752454055,-2.3165898986396916
59.0927210351435,28,120.87777777777778,-8.822222222222221,90,32,90.00003038757863,0.03140975365847756,0.30954139464122676,-0.07779224375778349,0.3622572791816405,5.266953323165724,-0.7904936408022946,0.7382412965137274,0.09430835706922232,0.8153035954853138,-2.3985747630101475,0.24699797303866064,-2.2997755737946832
59.0927210351435,30,120.87777777777778,-8.822222222222221,90,32,90.00003038757863,0.02995892031133901,0.30146078333008,-0.0720760622056672,0.3780425506585592,5.177770818057343,-0.7460257684203173,1.1522070607603867,0.1354113825430233,0.7848817350770638,-2.1570420614560826,-0.11813507297650251,-2.2042960906466837
59.0927210351435,32,120.87777777777778,-8.822222222222221,90,32,90.00003038757863,0.028351193633900318,0.29115032452363165,-0.06663412906026323,0.3809992591953292,4.954075657651387,-0.6466985471313285,1.5656283512660996,0.17475846233735126,0.746196717164257,-1.8306448280554124,-0.4810977911037633,-2.0230839444969178
59.0927210351435,34,120.87777777777778,-8.822222222222221,90,32,90.00003038757863,0.026592889277199244,0.2786730820509714,-0.06170060727948423,0.37118576491708816,4.594810200593036,-0.4903409437577485,1.952467229482898,0.21078025683637042,0.6997976177911702,-1.4293463862056892,-0.8172230624082356,-1.7562356111689834
59.0927210351435,36,120.87777777777778,-8.822222222222221,90,32,90.00003038757863,0.024696642704085475,0.26421185195217856,-0.05750383688647542,0.3493618719734268,4.109942981292463,-0.28158676655287723,2.2856622364005736,0.24204775636185877,0.646571392874435,-0.9715719471589656,-1.102721468418537,-1.4126605345263803
59.0927210351435,38,120.87777777777778,-8.822222222222221,90,32,90.00003038757863,0.022680710560332912,0.24806488140294342,-0.05424096171173054,0.3170160828739259,3.5208426627491254,-0.032268709595832286,2.5408782464147777,0.267362165915125,0.5877009387559481,-0.4829099179976717,-1.318230017154109,-1.0102019248593153
59.0927210351435,40,120.87777777777778,-8.822222222222221,90,32,90.00003038757863,0.020567959720497436,0.23062642381150994,-0.05205393216893767,0.27627408918809837,2.8585140936076447,0.2397420512970778,2.7002695758289526,0.28583102166078156,0.5245977473202579,0.006851929352880119,-1.451855197388907,-0.5738901496026826
59.0927210351435,42,120.87777777777778,-8.822222222222221,90,32,90.00003038757863,0.018384612342081857,0.21235405392963913,-0.05101210045552468,0.22969793631283034,2.1598883875631887,0.5131167604443571,2.7552550193987875,0.29692004128332766,0.45881498831879375,0.4677700309187801,-1.5008528168076518,-0.13257109580428061
59.0927210351435,44,120.87777777777778,-8.822222222222221,90,32,90.00003038757863,0.01615884712880658,0.19372809740115338,-0.05110529791004542,0.18001570579496926,1.4629960039907193,0.7664365376944314,2.7075405482125845,0.3004735824180411,0.39195029773562795,0.8738758795099851,-1.471480840028024,0.2852835434987755
59.0927210351435,46,120.87777777777778,-8.822222222222221,90,32,90.00003038757863,0.01391937430257198,0.1752104592028565,-0.052248615980743374,0.12983969256564706,0.8022006592075739,0.9814447425464825,2.568176164758762,0.29670152503843755,0.32554926805133755,1.2063660460182097,-1.3771510286713584,0.6555056345496664
59.0927210351435,48,120.87777777777778,-8.822222222222221,90,32,90.00003038757863,0.01169410099413487,0.15720984110472203,-0.05429713359749,0.0814297894710353,0.20457329505700692,1.1453758777834004,2.3550458437440653,0.2861356982660921,0.2610202098676932,1.455177971974793,-1.2355162431526128,0.9609714747137479
59.0927210351435,50,120.87777777777778,-8.822222222222221,90,32,90.00003038757863,0.009508985723264363,0.14005809280028286,-0.05706667855775105,0.036540212210884465,-0.3119814402609838,1.2519364899299399,2.0895895331378993,0.26956335980930646,0.1995683799271575,1.6188357570841052,-1.0653448584880238,1.1926978136888957
59.0927210351435,52,120.87777777777778,-8.822222222222221,90,32,90.00003038757863,0.007387150085611083,0.12399929199147075,-0.060356023614294596,-0.0036388295826116773,-0.7388191853604124,1.300978638806768,1.7936112058642313,0.2479477795546649,0.1421542573299377,1.7029463996479854,-0.8839130907840468,1.3493811633343666
59.0927210351435,54,120.87777777777778,-8.822222222222221,90,32,90.00003038757863,0.005348279664869393,0.10919029280547399,-0.06396662316749158,-0.03845659344502265,-1.0752950652824327,1.297247611722525,1.4867939896961269,0.22234635951391682,0.08947654451004067,1.7179811277851682,-0.705318185729872,1.4358538534932195
59.0927210351435,56,120.87777777777778,-8.822222222222221,90,32,90.00003038757863,0.003408311620290816,0.095709699838462,-0.06771750374908603,-0.06772044513234025,-1.3267662409123573,1.2487091546945948,1.185191028935427,0.1938352337537077,0.041977234889572494,1.6769644511147965,-0.5397641322935907,1.4610587981973602
59.0927210351435,58,120.87777777777778,-8.822222222222221,90,32,90.00003038757863,0.001579378765128231,0.08357168171997587,-0.0714545349723979,-0.09158683156916127,-1.5024331434559208,1.1648967056958885,0.9006509223918456,0.16344662993678158,-0.00013612884508935058,1.5935093981199446,-0.3936276833009522,1.4360583247995637
59.0927210351435,60,120.87777777777778,-8.822222222222221,90,32,90.00003038757863,-0.0001300379266403473,0.07274143743958572,-0.07505454313978788,-0.11044897891300819,-1.6134193245921875,1.0555583375994808,0.6409531835613386,0.1321222437947795,-0.03685682876386179,1.480405928573659,-0.27001399957308525,1.3724003287444249
64.01711445473879,0,120.90925925925926,-8.79074074074074,90,32,90.00003038757863,0.03915081075682078,0.31700578717407746,-0.12876908668826537,-0.935050515813963,-0.05844152875946286,-0.00000000000000027755575615628914,0.000000000000000020925746316395776,-0.0000000000000002075231689439225,0.556092113578369,0.026263605342347448,-0.016411224388535376,0.019699115586933297
64.01711445473879,2,120.90925925925926,-8.79074074074074,90,32,90.00003038757863,0.03780356475612001,0.3171521372720283,-0.12882834368706458,-0.7694145425907223,0.43468098334266503,-0.006821887994831767,-0.3766842945340258,-0.03660570067911834,0.5636721537007158,-0.3635374273791457,0.4557200889260563,-0.18124939180872315
64.01711445473879,4,120.90925925925926,-8.79074074074074,90,32,90.00003038757863,0.03667499940202498,0.31915007266921513,-0.12844210778648746,-0.6125167956928865,0.9557118728660903,-0.023039704990802296,-0.6663125872099327,-0.06731581444763689,0.5771995940715883,-0.731940065968293,0.8506856444927534,-0.39166580817119157
64.01711445473879,6,120.90925925925926,-8.79074074074074,90,32,90.00003038757863,0.03573222803629117,0.3225347936690624,-0.12758397505166985,-0.4642699885742883,1.4926751689962403,-0.04536091113127537,-0.882101457090274,-0.0911851345456707,0.5950635512557494,-1.0778764549796727,1.1793693466728024,-0.6061287163105518
64.01711445473879,8,120.90925925925926,-8.79074074074074,90,32,90.00003038757863,0.034939083080240546,0.326891844494945,-0.1262375914116054,-0.32427646581136527,2.0379896207664725,-0.07349459590098273,-1.033910093300577,-0.10761568869216209,0.615685656427429,-1.4021308532334822,1.448712869956145,-0.8226457052510242
64.01711445473879,10,120.90925925925926,-8.79074074074074,90,32,90.00003038757863,0.034257519851578766,0.33184305935962966,-0.12438834371773144,-0.1920272812178259,2.5866428033749878,-0.10900452791001464,-1.1281834009416032,-0.11630086518392012,0.6375401727639843,-1.7059787059099811,1.661976655655184,-1.0411880436479075
64.01711445473879,12,120.90925925925926,-8.79074074074074,90,32,90.00003038757863,0.03364881440785161,0.3370328563319895,-0.12201882468009612,-0.06706763748596689,3.1346311128534103,-0.1543514870894018,-1.168052517390172,-0.11718368156569817,0.6591665810156803,-1.9900992731982818,1.8190809242239188,-1.2624669035087144
64.01711445473879,14,120.90925925925926,-8.79074074074074,90,32,90.00003038757863,0.03307460866134862,0.3421155405038751,-0.1191075809399329,0.050861626180833536,3.6775529966753187,-0.21202196414651917,-1.15355391905294,-0.11042884018459433,0.679179169297722,-2.2536479225373496,1.9170341927454784,-1.4868342454391583
64.01711445473879,16,120.90925925925926,-8.79074074074074,90,32,90.00003038757863,0.032497851840394776,0.3467442694455217,-0.11563096240297288,0.16170086250734794,4.2092702228557695,-0.28365572389814847,-1.0819949146523984,-0.09640677384692761,0.6962774420909603,-2.4934226582086985,1.950513287035903,-1.7132173433943372
64.01711445473879,18,120.90925925925926,-8.79074074074074,90,32,90.00003038757863,0.0318836783166829,0.35056254963407163,-0.11156811357709134,0.26496684900930867,4.720603140988693,-0.36911751883227,-0.9485519993023909,-0.07568668672701746,0.7092603429628219,-2.7031229075300556,1.9127023594154842,-1.9380419637638617
64.01711445473879,20,120.90925925925926,-8.79074074074074,90,32,90.00003038757863,0.031200248684793763,0.35319952483211386,-0.10690921266720621,0.35967389264967764,5.1981087514531925,-0.4655167932910319,-0.747234770757746,-0.04903456076618036,0.717046317528135,-2.8727823998392115,1.7965211297091455,-2.1541739479555533
64.01711445473879,22,120.90925925925926,-8.79074074074074,90,32,90.00003038757863,0.030419564472578375,0.35427079660022937,-0.1016668718365154,0.44429682921204433,5.623111873796416,-0.5662727911000961,-0.4723649084425596,-0.017411251053405564,0.7187000637076516,-2.9885619803270576,1.5963544820022766,-2.350020187526147
64.01711445473879,24,120.90925925925926,-8.79074074074074,90,32,90.00003038757863,0.029518247962099925,0.35338690291308444,-0.09589004712533916,0.5168000911646606,5.971313753682884,-0.6604516933249228,-0.12067460324751202,0.01803472713878093,0.7134653896016785,-3.0331957219173664,1.3103053329968628,-2.5090735887186213
64.01711445473879,26,120.90925925925926,-8.79074074074074,90,32,90.00003038757863,0.02847825893003167,0.35017155888736845,-0.0896787932368614,0.5747614330737599,6.213451671778611,-0.7327431399461073,0.30602136899696036,0.055985081225763796,0.7008019658826579,-2.9874481603569967,0.9427983887034107,-2.6103288048756323
64.01711445473879,28,120.90925925925926,-8.79074074074074,90,32,90.00003038757863,0.027287502150393383,0.34429089370331406,-0.08319681286231473,0.6156143769471722,6.317540204493276,-0.7645285334365698,0.7979120731752875,0.09498479949344922,0.6804220783836441,-2.832878829500514,0.5070599175454887,-2.630054862482319
64.01711445473879,30,120.90925925925926,-8.79074074074074,90,32,90.00003038757863,0.025940266510353582,0.3354927696081561,-0.0766773713093698,0.6370142203794668,6.253054829025433,-0.7364094791234472,1.3347611623083127,0.13349301993473958,0.6523220505985349,-2.555923548788092,0.026657546934650153,-2.545260530014232
64.01711445473879,32,120.90925925925926,-8.79074074074074,90,32,90.00003038757863,0.024437432160443695,0.3236517488655668,-0.07041754656727373,0.6372959190207029,5.996896304309282,-0.6321946378430057,1.8850420923523643,0.1699514684110575,0.6168022092339908,-2.1527455749082023,-0.46491487563668366,-2.338711525162876
64.01711445473879,34,120.90925925925926,-8.79074074074074,90,32,90.00003038757863,0.02278638926323981,0.30881107957367465,-0.06475696583322077,0.6159443413032903,5.540114286356308,-0.4436752858903752,2.4077569282179683,0.20286666225001457,0.5744695070682071,-1.6336059848982587,-0.9274184402500649,-2.0045733609982848
64.01711445473879,36,120.90925925925926,-8.79074074074074,90,32,90.00003038757863,0.021000631895979227,0.29120994714474135,-0.060040802078046185,0.5739567641094558,4.893470042513677,-0.1747775309570212,2.8574955975661016,0.23089849030977566,0.5262184491833881,-1.0250117060113846,-1.319840525136819,-1.5529479160661124
64.01711445473879,38,120.90925925925926,-8.79074074074074,90,32,90.00003038757863,0.019099022029110485,0.27128452421941596,-0.05657234530843386,0.5139708142733523,4.089556568472058,0.15666918951493847,3.192099041401855,0.25294506776472164,0.4731887441336479,-0.36810374382064126,-1.6079589098686282,-1.0112873077680926
64.01711445473879,40,120.90925925925926,-8.79074074074074,90,32,90.00003038757863,0.01710475664202246,0.24963657676319506,-0.05456577467764151,0.44007803303118864,3.179902504122448,0.5208060830250677,3.3809250068892926,0.2682127924107566,0.4167016887331122,0.28710995304788206,-1.7712365473719036,-0.4213846659008795
64.01711445473879,42,120.90925925925926,-8.79074074074074,90,32,90.00003038757863,0.015044108866789307,0.22697261873397556,-0.054111840474840744,0.35733703099044584,2.2272372741238313,0.8811641631105481,3.411008373841702,0.27626181453213844,0.3581809296482368,0.8903663799283259,-1.806633106336752,0.16771313739362503
64.01711445473879,44,120.90925925925926,-8.79074074074074,90,32,90.00003038757863,0.012945043692905361,0.20402612392497338,-0.055166131596820656,0.2711019485698935,1.2950710716610931,1.2019783336418859,3.288980531501389,0.2770205796571772,0.29906603627046224,1.3999585274742297,-1.7279960026174361,0.7087601264272552
64.01711445473879,46,120.90925925925926,-8.79074074074074,90,32,90.00003038757863,0.010835823779125148,0.1814804977412811,-0.05756238822729637,0.1863409562613666,0.43779764840313656,1.4549363318512407,3.038282921649223,0.27076796360243527,0.24072854450907874,1.788994610977066,-1.5614814852702321,1.1644020168689733
64.01711445473879,48,120.90925925925926,-8.79074074074074,90,32,90.00003038757863,0.008743718240080856,0.15990894675003886,-0.06104539635777023,0.10710739132254614,-0.30594025272037656,1.6233207333314101,2.69302679866263,0.2580866071321056,0.18439949230818287,2.0475493258183586,-1.3389200374010863,1.5119813108579239
64.01711445473879,50,120.90925925925926,-8.79074074074074,90,32,90.00003038757863,0.0066939080860208555,0.1397403815267989,-0.0653130818679778,0.03625550510666785,-0.9154702306503931,1.702796703180653,2.290817141338199,0.2397951529341591,0.13111519297554108,2.1808694322032185,-1.091423232338002,1.7443001392680177
64.01711445473879,52,120.90925925925926,-8.79074074074074,90,32,90.00003038757863,0.004708651168271932,0.12125192159868314,-0.07005709825920953,-0.024595037830338097,-1.3864409558311859,1.6994300222591616,1.8666506840134185,0.21686933760719881,0.08168473504718066,2.2050669577981368,-0.8448615883432413,1.8671223224608402
64.01711445473879,54,120.90925925925926,-8.79074074074074,90,32,90.00003038757863,0.0028067339131853386,0.1045821389975452,-0.07499444074268413,-0.07490697056250453,-1.726846243831445,1.6262369238991508,1.4490372033908525,0.19036204230338105,0.03667928778507585,2.1420816192301744,-0.6177432144812336,1.894984333437681
64.01711445473879,56,120.90925925925926,-8.79074074074074,90,32,90.00003038757863,0.0010032036518425602,0.08975649754032444,-0.07988707778074128,-0.11497200262652792,-1.952371458652501,1.4995577232498343,1.0584570387077081,0.16133078741799803,-0.0035595390660875664,2.015283650792338,-0.42112867530266396,1.8468321806712724
64.01711445473879,58,120.90925925925926,-8.79074074074074,90,32,90.00003038757863,-0.0006906509284297646,0.07671700862560793,-0.08455026963504503,-0.14563422467166334,-2.0822422750831118,1.336100857582254,0.7076051445342697,0.13077846886644096,-0.03889684233513384,1.846386836854068,-0.2598105001959501,1.742462636775688
64.01711445473879,60,120.90925925925926,-8.79074074074074,90,32,90.00003038757863,-0.002267120230853459,0.06535041088774729,-0.0888522802576287,-0.16804293846919374,-2.1361385948802405,1.1509842577494294,0.40266513463732795,0.09961015959852028,-0.06937233001214109,1.6537399372423582,-0.13400028695776228,1.6001398224592533
68.94150787433408,0,120.94074074074074,-8.75925925925926,90,32,90.00003038757863,0.032267809846938555,0.3247427373823763,-0.1311047477864521,-1.0587967121277515,-0.7679115825340853,-0.00000000000001366962099069724,0.0000000000000004980491268328971,0.00000000000000042806193923346356,0.37506592980925174,0.34509728464502715,-0.21564065073301175,0.25884102435182244
68.94150787433408,2,120.94074074074074,-8.75925925925926,90,32,90.00003038757863,0.031172113674259178,0.3273029842741505,-0.13159152894043374,-0.8482177583544033,-0.08276631968378576,0.002100498338224226,-0.3994618073661921,-0.03320449275865853,0.39184848853109877,-0.13697351014685188,0.33730256568218164,-0.002052483873979216
68.94150787433408,4,120.94074074074074,-8.75925925925926,90,32,90.00003038757863,0.030271643733700393,0.3318072199791089,-0.1315387434331972,-0.6497356208670764,0.5988290326051402,0.01019810254818931,-0.7022977977533129,-0.06089157736945099,0.4124179267407911,-0.5723959353924777,0.8067152390040654,-0.24970983979085148
68.94150787433408,6,120.94074074074074,-8.75925925925926,90,32,90.00003038757863,0.02953552728573719,0.337742116198509,-0.13097297660012447,-0.4624085404200743,1.2722107222011538,0.023796453451148853,-0.928334539128041,-0.08218025594971838,0.43546009936836544,-0.9679885732065978,1.208750747238422,-0.484488274311229
68.94150787433408,8,120.94074074074074,-8.75925925925926,90,32,90.00003038757863,0.028929784581374407,0.34466702706529273,-0.1299162999666908,-0.2850090133027612,1.9369445032070187,0.039391013497971354,-1.0917388488128557,-0.09652302324539039,0.4596863536758094,-1.3313415280822098,1.5534997860903106,-0.7099416136460855
68.94150787433408,10,120.94074074074074,-8.75925925925926,90,32,90.00003038757863,0.028418684274901213,0.35219049371984895,-0.1283781835760442,-0.11626849927113075,2.5948362723727687,0.05162364222009109,-1.2014951678607528,-0.1036559084558462,0.4838531018893083,-1.6696128172149818,1.845691142222645,-0.9313363603259237
68.94150787433408,12,120.94074074074074,-8.75925925925926,90,32,90.00003038757863,0.027965913301842033,0.3599487352188129,-0.126351127316309,0.04491464084378803,3.248330145251878,0.05413849235316058,-1.2617810356640855,-0.10355994739258174,0.5067757529700913,-1.9885884307747093,2.085194872417941,-1.1545104818075327
68.94150787433408,14,120.94074074074074,-8.75925925925926,90,32,90.00003038757863,0.02753560461219759,0.36758587878009324,-0.1238093346627413,0.19928448547567798,3.8990470128775154,0.04033633033956459,-1.2722225668732785,-0.0964339888564775,0.5273403431774127,-2.2917985679565915,2.2673840267659733,-1.3848449572502022
68.94150787433408,16,120.94074074074074,-8.75925925925926,90,32,90.00003038757863,0.027093263104478155,0.37473582301086455,-0.12071038087314123,0.34704063556429826,4.546250306829872,0.004210500220094571,-1.2280903463429693,-0.08267733820418577,0.5445156379731,-2.579538351381889,2.383481095742942,-1.626145913084712
68.94150787433408,18,120.94074074074074,-8.75925925925926,90,32,90.00003038757863,0.026606622326123763,0.38100608937701935,-0.11700039483793329,0.4876499847660286,5.185070579154291,-0.05856787396203336,-1.1205865141951354,-0.06287960272319028,0.557367799518961,-2.8477081216772056,2.4210979388978995,-1.8792689461180458
68.94150787433408,20,120.94074074074074,-8.75925925925926,90,32,90.00003038757863,0.026046452897649258,0.38596484940930775,-0.11262373168318196,0.6196647387193018,5.8044062785481305,-0.14918862395688087,-0.9374873431302689,-0.03781417188358064,0.5650789060181202,-3.0864950521090244,2.3652747573175708,-2.140385149181996
68.94150787433408,22,120.94074074074074,-8.75925925925926,90,32,90.00003038757863,0.025387329038699502,0.3891335603061794,-0.10753830986897378,0.7405725753470429,6.384591059579906,-0.2638445908812317,-0.6645338731912054,-0.00843106984476769,0.5669696459007036,-3.2790995028506162,2.2004111429147004,-2.398935045684736
68.94150787433408,24,120.94074074074074,-8.75925925925926,90,32,90.00003038757863,0.02460834313645821,0.3899892213541003,-0.10173741826762689,0.8467290018649631,6.895231189492751,-0.3916807825760396,-0.2880560319862654,0.02415542511447934,0.5625253911003683,-3.4009918540484905,1.9134922711347464,-2.6355949455945917
68.94150787433408,26,120.94074074074074,-8.75925925925926,90,32,90.00003038757863,0.023693741638234816,0.38798178175618914,-0.09527741443121818,0.9334479517007304,7.294091423431621,-0.513134164422189,0.20074615097748166,0.05868880643178762,0.5514236372329068,-3.420542489239997,1.4988179670944295,-2.821015302402225
68.94150787433408,28,120.94074074074074,-8.75925925925926,90,32,90.00003038757863,0.02263344096742495,0.38257272619756877,-0.08830790234529534,0.9953426589640559,7.528447580981245,-0.5997326304636895,0.799849814197187,0.09380550016029916,0.533559624771794,-3.302148802572038,0.96387738402515,-2.916597848961978
68.94150787433408,30,120.94074074074074,-8.75925925925926,90,32,90.00003038757863,0.021423372494959403,0.3732987168911147,-0.08109675027114271,1.0269930697415726,7.540596811036213,-0.616765464469777,1.4897083472807253,0.12808488262895434,0.5090660499815874,-3.0128490813222895,0.33499855228137054,-2.8788496604097413
68.94150787433408,32,120.94074074074074,-8.75925925925926,90,32,90.00003038757863,0.020065603778673946,0.3598576043363049,-0.07403798795860961,1.023942242587303,7.278622364915675,-0.5299433343257928,2.2281154491689357,0.16011332532204484,0.47832241512757867,-2.532404593258417,-0.33980233506246127,-2.6683255272834017
68.94150787433408,34,120.94074074074074,-8.75925925925926,90,32,90.00003038757863,0.01856819156443848,0.34220279020422384,-0.06762928849684591,0.9838820225348403,6.711479317128291,-0.3157036078160012,2.9501116770920772,0.1885584230521267,0.4419500091214751,-1.8647512091532505,-0.9939120753840911,-2.262316039306887
68.94150787433408,36,120.94074074074074,-8.75925925925926,90,32,90.00003038757863,0.016944741079132963,0.3206192496287948,-0.06241134853331376,0.9077156793139153,5.844238237665322,0.02772932521251171,3.576034095796963,0.21224666566850522,0.4007898801146845,-1.0462916056688674,-1.5530292143566329,-1.6675032914115206
68.94150787433408,38,120.94074074074074,-8.75925925925926,90,32,90.00003038757863,0.015213674244873743,0.29574850512718853,-0.05887556539784544,0.8000839540853086,4.726691601620206,0.4736596090087899,4.027810003799454,0.2302357714041614,0.3558633641412182,-0.14562422996407273,-1.9521993016905272,-0.9265039506402837
68.94150787433408,40,120.94074074074074,-8.75925925925926,90,32,90.00003038757863,0.013397242389705022,0.2685391737128323,-0.05736403815533031,0.6690300021787943,3.4492607816880656,0.9693829051388013,4.248760831217469,0.24187238442220216,0.30831740741106434,0.7480844003821754,-2.152992550153809,-0.11311261967934827
68.94150787433408,42,120.94074074074074,-8.75925925925926,90,32,90.00003038757863,0.011520350736668683,0.2401253383485361,-0.057995948018112975,0.5247836030976274,2.1254091341735895,1.448538283074935,4.218757753377974,0.24682720458529353,0.2593594944784137,1.5451978907094956,-2.1531809685024186,0.6839255033085282
68.94150787433408,44,120.94074074074074,-8.75925925925926,90,32,90.00003038757863,0.009609285912445031,0.21166490928211895,-0.06064734896826002,0.37802168933897656,0.8668127730248859,1.8485653666811983,3.9579013891078585,0.2451027148278869,0.21018884692958742,2.17622641271231,-1.9844631293441692,1.382441160974642
68.94150787433408,46,120.94074074074074,-8.75925925925926,90,32,90.00003038757863,0.007690448808568451,0.18418602322094646,-0.06498931792324553,0.23817576297123536,-0.23877721303757118,2.125661818521332,3.5177351837809403,0.2370128368988128,0.16193121348152317,2.604645407723836,-1.7000262120088685,1.9246349229202888
68.94150787433408,48,120.94074074074074,-8.75925925925926,90,32,90.00003038757863,0.005789191129492277,0.15848181733695188,-0.07056588562330135,0.11227656421298221,-1.1394068304134155,2.261672752300039,2.965105778517081,0.22313809314994884,0.11558387371735881,2.828251792568506,-1.3584188809375897,2.28488424019347
68.94150787433408,50,120.94074074074074,-8.75925925925926,90,32,90.00003038757863,0.0039288361534157434,0.13506969498401183,-0.0768820251148905,0.004534972795281894,-1.8190025803629777,2.2622192345314045,2.365975910066268,0.20426319488570632,0.07197563361187785,2.8712644357538957,-1.010371790922676,2.467115719384825
68.94150787433408,52,120.94074074074074,-8.75925925925926,90,32,90.00003038757863,0.0021299368753562864,0.11420660862320259,-0.08347643664335969,-0.08344193063967949,-2.2892791018417675,2.1492934371198076,1.7743534799129008,0.1813057467366297,0.031744095901804,2.772506583216173,-0.6919001091313574,2.4957465395636302
68.94150787433408,54,120.94074074074074,-8.75925925925926,90,32,90.00003038757863,0.0004097936396172952,0.09593860549639632,-0.08996687930578484,-0.15206106549408002,-2.5787313712500577,1.9525376309227498,1.227705367397979,0.1552447718359573,-0.0046700562647070225,2.574529339353923,-0.42336235054434246,2.4051843991361856
68.94150787433408,56,120.94074074074074,-8.75925925925926,90,32,90.00003038757863,-0.001217775666384452,0.08016224975877112,-0.09606821970755941,-0.20304495531921776,-2.7227278241578206,1.7021514495371803,0.7474380446495945,0.1270563140809272,-0.0370141002704835,2.31618277863195,-0.21221135101241762,2.231298238226983
68.94150787433408,58,120.94074074074074,-8.75925925925926,90,32,90.00003038757863,-0.002742442532517514,0.066682181575285,-0.10159034496633235,-0.23880516872918547,-2.7565333541647354,1.424514010557932,0.3421007819682724,0.09766104640476984,-0.06520327992701495,2.0289172892116403,-0.05706255384431146,2.0060922676739157
68.94150787433408,60,120.94074074074074,-8.75925925925926,90,32,90.00003038757863,-0.004157195871800412,0.05525705896311406,-0.10642463565941362,-0.26196952232677767,-2.7113817945351015,1.1402882160442542,0.011342484352862173,0.06788625805305624,-0.08929388494198305,1.7359011991523765,0.0484891531433676,1.7552968604097234
73.86590129392938,0,120.97222222222223,-8.727777777777778,90,32,90.00003038757863,0.025045226608225085,0.3281383339668976,-0.12802311308129888,-1.1436433919162592,-1.5354323180725937,-0.000000000000003885780586188048,0.0000000000000006491296259943284,-0.00000000000000009944956242456207,0.20762539263685284,0.6900187713424499,-0.431171545991053,0.5175501529460287
73.86590129392938,2,120.97222222222223,-8.727777777777778,90,32,90.00003038757863,0.024215334794483317,0.3339772789563846,-0.1289434219987336,-0.8853716380039028,-0.6399752958745024,0.015582908781167892,-0.3815574257465879,-0.02890947890110169,0.23099475637060574,0.12734221730683945,0.17443425001654989,0.1971159173134594
73.86590129392938,4,120.97222222222223,-8.727777777777778,90,32,90.00003038757863,0.023552042752371105,0.3416540219645039,-0.1292431496896359,-0.643507766711228,0.20585350992191195,0.059770225492159365,-0.666015634913946,-0.05287664501682783,0.2563542697173965,-0.35761133498046016,0.6994034066487571,-0.0778499723209573
73.86590129392938,6,120.97222222222223,-8.727777777777778,90,32,90.00003038757863,0.02302758152703835,0.3506550371604015,-0.1290252724322164,-0.4156265160268044,1.009646118738958,0.1264663246649115,-0.8789168120054501,-0.07109947695525594,0.28266716692156785,-0.7821900297514605,1.164441149950087,-0.3164135697714256
73.86590129392938,8,120.97222222222223,-8.727777777777778,90,32,90.00003038757863,0.022611295663996916,0.3605575745469191,-0.12836759738976433,-0.19915843558950605,1.7815380791213848,0.20757910846324115,-1.0380406040406294,-0.08308664961704346,0.3089186757629938,-1.1623794017884157,1.5825542090376383,-0.5293577181733603
73.86590129392938,10,120.97222222222223,-8.727777777777778,90,32,90.00003038757863,0.02227091508795387,0.37099752769641137,-0.12731770031272743,0.008372977375132457,2.5326969956092196,0.2937551939072281,-1.1546781982710328,-0.08861592909766967,0.3341345437094402,-1.5123512528727185,1.9603002421526243,-0.7282311560116688
73.86590129392938,12,120.97222222222223,-8.727777777777778,90,32,90.00003038757863,0.021973670109274063,0.38164146601416443,-0.12589008990080564,0.20914210531004576,3.274253481855335,0.3747298176538911,-1.2343928279313225,-0.0877002850301249,0.3573956063300911,-1.8441593629208983,2.29842281738465,-0.9247902359670382
73.86590129392938,14,120.97222222222223,-8.727777777777778,90,32,90.00003038757863,0.021687279346790433,0.39216104106319555,-0.12406477483726375,0.4048081086306518,4.016325891354334,0.43953679723218764,-1.2772840598848791,-0.08056199590117309,0.37785052731817204,-2.1673227070097805,2.591966084244123,-1.1305362733121311
73.86590129392938,16,120.97222222222223,-8.727777777777778,90,32,90.00003038757863,0.02138083898230564,0.40220823034267045,-0.12178724170930638,0.5962702376500366,4.766803981142149,0.47682361375295723,-1.2778060973608905,-0.0676137302082355,0.39472844050857137,-2.4880575893994874,2.829996503402781,-1.3560589880383749
73.86590129392938,18,120.97222222222223,-8.727777777777778,90,32,90.00003038757863,0.021025636041990647,0.41139038445276144,-0.11897074520613454,0.7833697441385112,5.529529934272908,0.475562464088941,-1.2242614630041155,-0.04944456386936107,0.4073527177862256,-2.8079187009766695,2.995148355372912,-1.6098593588275047
73.86590129392938,20,120.97222222222223,-8.727777777777778,90,32,90.00003038757863,0.020595899305974802,0.41924502658509855,-0.11550287647585838,0.9645284216246289,6.301483758705264,0.4265216977041805,-1.098248575521944,-0.026808115413077007,0.41515648107449166,-3.1216308201040164,3.0633950812287027,-1.8962727876125351
73.86590129392938,22,120.97222222222223,-8.727777777777778,90,32,90.00003038757863,0.020069489958912806,0.42521621448833163,-0.11125959716549177,1.136338782521954,7.068628058672981,0.32490782697316545,-0.8746404238924051,-0.0006094742192627989,0.4176997792170772,-3.4140248050602993,3.0047633626726706,-2.212119459991231
73.86590129392938,24,120.97222222222223,-8.727777777777778,90,32,90.00003038757863,0.019428521392076847,0.4286375244901229,-0.10613098068309695,1.2931687441473039,7.80036747073193,0.17447240767720174,-0.5231417009215973,0.028112552708289267,0.41468758763653973,-3.6563846636500243,2.786130403321484,-2.5419325023214308
73.86590129392938,26,120.97222222222223,-8.727777777777778,90,32,90.00003038757863,0.01865988518959022,0.4287316770066788,-0.10006283995271736,1.426922940212097,8.443413469211869,-0.0071479162411397495,-0.013015120742896721,0.05821102627570744,0.4059870219970621,-3.803362496049768,2.3775895467446793,-2.852326677351896
73.86590129392938,28,120.97222222222223,-8.727777777777778,90,32,90.00003038757863,0.0177556502109725,0.424642797495698,-0.0931153756174874,1.5272080905728265,8.917502283780182,-0.1833329524178757,0.6772418280892102,0.08846654103765855,0.39164149340075155,-3.7930049162078894,1.7636119530745133,-3.087560134978084
73.86590129392938,30,120.97222222222223,-8.727777777777778,90,32,90.00003038757863,0.01671329599643301,0.41552106963442437,-0.08553148581646453,1.5822370762748266,9.117744938368375,-0.2970849521693596,1.5445981058223028,0.11763370481398173,0.3718791173045417,-3.5538892316813246,0.9584595236918954,-3.1705054222045663
73.86590129392938,32,120.97222222222223,-8.727777777777778,90,32,90.00003038757863,0.015535742513561768,0.40067397238257035,-0.07779250492778506,1.5807658252247963,8.92994690370614,-0.2785252048348084,2.5434969698103207,0.1444971468266676,0.347112678323692,-3.023264237258626,0.021266676992012453,-3.014757566461821
73.86590129392938,34,120.97222222222223,-8.727777777777778,90,32,90.00003038757863,0.014231146878291662,0.37977431504056536,-0.07062313950670218,1.5150343189218147,8.262711468162564,-0.06523336371021193,3.5740745032278785,0.1679335296919087,0.31792896920631264,-2.175782463885885,-0.9389831954768133,-2.5513757420766106
73.86590129392938,36,120.97222222222223,-8.727777777777778,90,32,90.00003038757863,0.012812454153719594,0.3530715253781249,-0.06490558182902917,1.3840240833482815,7.090343513720672,0.36778692918332384,4.489816865926018,0.18697402700097443,0.2850663918823874,-1.0528907526347835,-1.7798428662749428,-1.7648278991447608
73.86590129392938,38,120.97222222222223,-8.727777777777778,90,32,90.00003038757863,0.011296711958029976,0.3215104400832594,-0.06149375349719477,1.1956436704818136,5.486439520067994,0.9830715387574831,5.132766641577171,0.20086045682657142,0.24938122036134758,0.22625661366757852,-2.3656178622699437,-0.719990531240399
73.86590129392938,40,120.97222222222223,-8.727777777777778,90,32,90.00003038757863,0.009704183970318664,0.2866649880793612,-0.06098018431224572,0.9663868952410869,3.6227429355905785,1.6801978764128513,5.386591814060782,0.20908816633855923,0.21180462225664212,1.4883524293711679,-2.615744098960543,0.44205478978695045
73.86590129392938,42,120.97222222222223,-8.727777777777778,90,32,90.00003038757863,0.008057320930943357,0.2504702058591693,-0.06351826637679464,0.7180577862598504,1.7242551726287163,2.327234629643398,5.219559852719961,0.21143003001384528,0.17329406204209932,2.559081564982074,-2.533400020759909,1.5457215566781102
73.86590129392938,44,120.97222222222223,-8.727777777777778,90,32,90.00003038757863,0.0063796647260028205,0.21484649639089887,-0.06878820476035058,0.4728025918638471,0.001533027352332311,2.8082039050712915,4.691344538793723,0.20793838622357913,0.13478370609800924,3.317859567216473,-2.1965023087315143,2.439258643723867
73.86590129392938,46,120.97222222222223,-8.727777777777778,90,32,90.00003038757863,0.0046947681193033886,0.18136754471312577,-0.07611523897396782,0.24861123041390334,-1.4033815767836162,3.058798161228459,3.922162079970828,0.19892488615868636,0.0971386683798727,3.724652917739573,-1.7194622094100462,3.0368680339755545
73.86590129392938,48,120.97222222222223,-8.727777777777778,90,32,90.00003038757863,0.0030252082906895017,0.15108216646330874,-0.08466838483639372,0.0569072443994216,-2.43463098791356,3.074095885441084,3.0466385270974494,0.18492135839983978,0.061117321215925786,3.811163817208912,-1.2111346622069468,3.3267099523261336
73.86590129392938,50,120.97222222222223,-8.727777777777778,90,32,90.00003038757863,0.0013917576922715391,0.12450528003944189,-0.0936473150717404,-0.09752895892074041,-3.107398669626186,2.892871056405624,2.1773932585592513,0.16662721614462397,0.02734460547382688,3.6510096654788473,-0.7491193434331043,3.3513619281056055
73.86590129392938,52,120.97222222222223,-8.727777777777778,90,32,90.00003038757863,-0.0001872459366748236,0.10172110967691916,-0.10240116637735458,-0.21511080597470433,-3.478480599274416,2.5738097376375566,1.3890573229292285,0.14485019405687097,-0.0037023781806879356,3.32880384606267,-0.37423715478920294,3.1791089841469886
73.86590129392938,54,120.97222222222223,-8.727777777777778,90,32,90.00003038757863,-0.0016963129342779382,0.08252554910844845,-0.11047205817917954,-0.2995071556937811,-3.619093292940765,2.1760098808318253,0.719289256832937,0.12044717970055505,-0.03169686372319953,2.919617708446258,-0.09783159563900934,2.880485070190654
73.86590129392938,56,120.97222222222223,-8.727777777777778,90,32,90.00003038757863,-0.003123003850678041,0.0665564468280046,-0.11758520196513722,-0.3559260455050442,-3.5971708117565653,1.748162181849417,0.17812542647846646,0.09427080709503018,-0.05645470044408782,2.4802617242799925,0.08701748942135379,2.515068720048534
73.86590129392938,58,120.97222222222223,-8.727777777777778,90,32,90.00003038757863,-0.00445794387395379,0.05339002581544444,-0.12361289562986849,-0.3899033338970641,-3.4690495716536978,1.3251625823368633,-0.24134049400477925,0.06712572184603326,-0.07791895641054557,2.0487079091366267,0.19579404443146592,2.127025526909213
73.86590129392938,60,120.97222222222223,-8.727777777777778,90,32,90.00003038757863,-0.005694684809944783,0.04260195882535922,-0.12853251952878558,-0.4065920950108978,-3.2774880889729925,0.9290994138869691,-0.5543923563635629,0.0397364762567642,-0.09613968299534385,1.6473982434806318,0.2461135055189862,1.7458436456882263
78.79029471352466,0,121.0037037037037,-8.696296296296296,90,32,90.00003038757863,0.017910643256515896,0.3270970683635003,-0.1177397246290578,-1.1763241903726336,-2.261187706148364,0.000000000000004579669976578771,-0.0000000000000006942094541385704,0.00000000000000008267965904424191,0.06624791339711583,1.0161710425443267,-0.634974129149367,0.7621813908845798
78.79029471352466,2,121.0037037037037,-8.696296296296296,90,32,90.00003038757863,0.017334833865895127,0.33709123519750056,-0.11903668244901089,-0.8722045653929897,-1.1602781780195612,0.03256192353779307,-0.3092657653184785,-0.024706011378824243,0.09303077234537627,0.4004856397863871,-0.02443855702063175,0.3907102169781344
78.79029471352466,4,121.0037037037037,-8.696296296296296,90,32,90.00003038757863,0.016897420809042468,0.34855878143803215,-0.11965581565839484,-0.589579974096055,-0.1652282176769963,0.12162643341224996,-0.5341833056431231,-0.045096964296581055,0.12060160747705893,-0.10525886783574921,0.5211942837919609,0.10321884568103513
78.79029471352466,6,121.0037037037037,-8.696296296296296,90,32,90.00003038757863,0.016574065025047546,0.36105536683765116,-0.1197932222218448,-0.3238934253327812,0.7478380494987632,0.2544002102354566,-0.7024713432552304,-0.06046719520728897,0.14814375059710677,-0.529692595571169,1.0243417351471993,-0.11995590151228924
78.79029471352466,8,121.0037037037037,-8.696296296296296,90,32,90.00003038757863,0.016337838105982716,0.37423231923093503,-0.11959610282306676,-0.0707264114688997,1.6016906930742698,0.41851551777418583,-0.8331089405224119,-0.07039057466671773,0.1748645633775181,-0.8969262424958019,1.4995615318600457,-0.29710162975178356
78.79029471352466,10,121.0037037037037,-8.696296296296296,90,32,90.00003038757863,0.016160376099837337,0.3878004529512386,-0.11916462456864363,0.1740667884064223,2.41780876525042,0.6018692002080407,-0.938485935031103,-0.07468800658380309,0.20001180038645572,-1.2274829005284713,1.9553167988570492,-0.44535618098565155
78.79029471352466,12,121.0037037037037,-8.696296296296296,90,32,90.00003038757863,0.01601290804835309,0.4015002333646205,-0.11855296178826574,0.41423057250508133,3.216534662810084,0.7920973074694623,-1.025633049644978,-0.07339885508162768,0.22288727759687246,-1.5391427708048802,2.3947471719588638,-0.5812439020213346
78.79029471352466,14,121.0037037037037,-8.696296296296296,90,32,90.00003038757863,0.01586717502281368,0.41507482431497544,-0.11776869679457386,0.6529458130330097,4.017273534278499,0.9758406357112109,-1.096606982758286,-0.06675693129465837,0.24285898379176604,-1.8475316530527925,2.8155426984146104,-0.7213145736869484
78.79029471352466,16,121.0037037037037,-8.696296296296296,90,32,90.00003038757863,0.015696255778918172,0.42824279359508316,-0.11677033900212547,0.8925900554674511,4.8384264201741445,1.1379528069151525,-1.148013588915733,-0.05517056891877378,0.2593725257677552,-2.1662377618334614,3.208926961579116,-0.882666977201815
78.79029471352466,18,121.0037037037037,-8.696296296296296,90,32,90.00003038757863,0.015475311815799142,0.44066730878497695,-0.1154634524446107,1.1343669522987276,5.69661230132873,1.2608955425280812,-1.1695846245962482,-0.039205463421097715,0.2719624673775362,-2.506109966021948,3.5577244979650744,-1.0830201668359183
78.79029471352466,20,121.0037037037037,-8.696296296296296,90,32,90.00003038757863,0.015182258525570203,0.45191880275462104,-0.11369713983259233,1.3777414053404151,6.604458164152384,1.3247960146807893,-1.1417384827569317,-0.01956834339044278,0.2802637292373238,-2.87316957365767,3.8335890645877866,-1.3397339478225554
78.79029471352466,22,121.0037037037037,-8.696296296296296,90,32,90.00003038757863,0.014798361235263124,0.4614289755421497,-0.11126491464764743,1.6196158003512977,7.565810534395309,1.3090573226497395,-1.032294639308847,0.002910791980471235,0.28402278386417357,-3.264294374282303,3.993864164055287,-1.666748708660188
78.79029471352466,24,121.0037037037037,-8.696296296296296,90,32,90.00003038757863,0.014308746384235654,0.4684370369288022,-0.10791782416982254,1.8532164584895212,8.56677045872356,1.1969939625307908,-0.7932637834645307,0.027300149302400805,0.28310794380173343,-3.659699505841347,3.979514289242241,-2.0678937901444505
78.79029471352466,26,121.0037037037037,-8.696296296296296,90,32,90.00003038757863,0.013702810148587957,0.4719368961180234,-0.10340302411284097,2.0667804274447654,9.561007441468213,0.9853889700590654,-0.3603414823696107,0.05259324896154739,0.2775176479341399,-4.011820667238125,3.717419132883449,-2.5248530140847456
78.79029471352466,28,121.0037037037037,-8.696296296296296,90,32,90.00003038757863,0.01297450098255773,0.4706501864886547,-0.09754554840257901,2.242423078202605,10.4497774426315,0.7000562021024818,0.3393499757660929,0.07774281014761274,0.26738537046726585,-4.232734423810059,3.132912843994393,-2.9795692862123015
78.79029471352466,30,121.0037037037037,-8.696296296296296,90,32,90.00003038757863,0.012122450271455087,0.46307608783166637,-0.0903870349726853,2.356088351173394,11.063438958656171,0.41420441539755254,1.362818410654542,0.1017014022597278,0.25297968372814633,-4.188314007660381,2.179770033766597,-3.316405994153742
78.79029471352466,32,121.0037037037037,-8.696296296296296,90,32,90.00003038757863,0.011149927798263987,0.4476944110842289,-0.08236745305598409,2.3800888598044985,11.16349552992607,0.25658608981312414,2.70392382997582,0.12346742937577565,0.23469816750386635,-3.716210433542042,0.8891329702474255,-3.3605572454430717
78.79029471352466,34,121.0037037037037,-8.696296296296296,90,32,90.00003038757863,0.010064606621178918,0.42338530576413624,-0.07447162736664176,2.2897405662298476,10.49517331995287,0.3854261193817974,4.23429256554522,0.14213354613696966,0.21305430925390634,-2.6870986129816337,-0.5813679655645387,-2.919645799207449
78.79029471352466,36,121.0037037037037,-8.696296296296296,90,32,90.00003038757863,0.008878134901220525,0.3900165304892773,-0.06818774162980007,2.0737449824255996,8.905951337377267,0.9113154590335906,5.677018574111853,0.1569333892890735,0.18865725989664295,-1.1041244397784635,-1.9461459460114012,-1.8825828181830242
78.79029471352466,38,121.0037037037037,-8.696296296296296,90,32,90.00003038757863,0.00760552874483425,0.34893480992679216,-0.06514247741568624,1.7439501304668952,6.482370884738654,1.7992677247499544,6.674037609669238,0.16728186362546607,0.16218520760133856,0.8211328718058379,-2.88423461499103,-0.33256097419057395
78.79029471352466,40,121.0037037037037,-8.696296296296296,90,32,90.00003038757863,0.006264417755432489,0.3029637383014601,-0.066487992271203,1.337140808934074,3.5891123726676764,2.836562655814178,6.948830223890222,0.17280438050783684,0.1343540522553856,2.7079730316002775,-3.197677760931744,1.4289019272275798
78.79029471352466,42,121.0037037037037,-8.696296296296296,90,32,90.00003038757863,0.004874190655249883,0.2557303609007972,-0.07239533824796718,0.9049406550372658,0.7356259409105546,3.725439397238388,6.454655934063523,0.17335148012120108,0.10588381863032184,4.173148142779762,-2.9155496786034876,3.0069282713383663
78.79029471352466,44,121.0037037037037,-8.696296296296296,90,32,90.00003038757863,0.00345509908260902,0.21064341602780956,-0.08201057267751677,0.4969725059075424,-1.6459691851333011,4.237536976910242,5.382289892546233,0.16899702792037224,0.07746566583587532,5.003470693211954,-2.25220654329045,4.102588075895774
78.79029471352466,46,121.0037037037037,-8.696296296296296,90,32,90.00003038757863,0.0020273813758149573,0.1701069637929245,-0.09387016611656601,0.14756398682462613,-3.344258039431707,4.303799975180174,4.033587973971268,0.160020319271759,0.049732331102720434,5.205223032469923,-1.4692499070676588,4.61752306964286
78.79029471352466,48,121.0037037037037,-8.696296296296296,90,32,90.00003038757863,0.0006104641127495924,0.13529224344657298,-0.10644794487331993,-0.12810835106506596,-4.363719806727469,3.9939931167548313,2.6792378091762674,0.1468745075583031,0.023234384933225598,4.930431799550054,-0.7610562370931568,4.626009304712792
78.79029471352466,50,121.0037037037037,-8.696296296296296,90,32,90.00003038757863,-0.0007777117549457868,0.1063611536256967,-0.11852990967363863,-0.33021239643625605,-4.833613190979919,3.4406196764617722,1.488507958151807,0.1301453676289195,-0.001576127448792659,4.370934501114881,-0.22076637246470132,4.282627952129001
78.79029471352466,52,121.0037037037037,-8.696296296296296,90,32,90.00003038757863,-0.0021212089956106073,0.082853869170745,-0.12933858471078424,-0.4678036626964761,-4.9169717241607005,2.7736200630986465,0.5309470113594037,0.11050523804368359,-0.02435405465445374,3.688880849159284,0.13677892739257524,3.743592420116314
78.79029471352466,54,121.0037037037037,-8.696296296296296,90,32,90.00003038757863,-0.0034064427879641757,0.0640301940975142,-0.13848743240926448,-0.5533211533212208,-4.757940632324795,2.0896723218974924,-0.19035337512972345,0.0886669774778451,-0.04486186193552401,2.993851397468333,0.3378522968009796,3.128992316188725
78.79029471352466,56,121.0037037037037,-8.696296296296296,90,32,90.00003038757863,-0.00462236299079688,0.04909251535809933,-0.14587082941856988,-0.5991790127490437,-4.464032460484002,1.4480925564838993,-0.7052450418583145,0.06534204643674116,-0.06296381578184404,2.3477322582613946,0.42175260462851494,2.5164333001128005
78.79029471352466,58,121.0037037037037,-8.696296296296296,90,32,90.00003038757863,-0.005760486467752096,0.037302050370213,-0.15155552484232865,-0.6161584381233111,-4.107444667797179,0.8786479348045451,-1.054085772105136,0.041205641058031504,-0.07861522071417451,1.7786543433973498,0.4258872158599665,1.9490092297413364
78.79029471352466,60,121.0037037037037,-8.696296296296296,90,32,90.00003038757863,-0.006814805085145592,0.028024746913585696,-0.1556985102646964,-0.6129260553786186,-3.7330578510766173,0.3915805563434419,-1.2760224221165766,0.01687045900573368,-0.09184848023358237,1.2942287759491342,0.3802039429515365,1.4463103531297488
83.71468813311996,0,121.03518518518518,-8.664814814814815,90,32,90.00003038757863,0.011264381896013642,0.3220839497474862,-0.09853620173910993,-1.1412458688287215,-2.8185686969180996,0.000000000000008465450562766819,0.00000000000000017258755664288385,-0.000000000000000014800829991490086,-0.0415859457608659,1.2666563702497013,-0.7914947524731523,0.9500584692604404
83.71468813311996,2,121.03518518518518,-8.664814814814815,90,32,90.00003038757863,0.01091042851436666,0.3370070057299911,-0.10007418473260576,-0.8003943911340774,-1.5493077912945072,0.049920350973905896,-0.1763748432158662,-0.021264442079279425,-0.014440562399294692,0.6413707296927584,-0.24064132380914602,0.5451142001691001
83.71468813311996,4,121.03518518518518,-8.664814814814815,90,32,90.00003038757863,0.010671067294375919,0.35275821467527263,-0.10090717419118084,-0.4859910674700808,-0.4415765153723214,0.1843500242901815,-0.29669779745830793,-0.03879053547960041,0.012896754732331829,0.15122579098462302,0.2752510358633185,0.26132620532995043
83.71468813311996,6,121.03518518518518,-8.664814814814815,90,32,90.00003038757863,0.010525162392029302,0.36904321274443463,-0.10132379762662946,-0.191018185357818,0.5458068212418604,0.3841427543282392,-0.3843410748921098,-0.05198025459584536,0.03976702281779458,-0.24113535362394695,0.7749838264425452,0.06885817695307112
83.71468813311996,8,121.03518518518518,-8.664814814814815,90,32,90.00003038757863,0.010449351355607844,0.385645287201335,-0.10154240383408186,0.09102170960802444,1.4476005707635613,0.6343127808059322,-0.45499664540945073,-0.06047854209179271,0.06554001306755278,-0.5649464673824532,1.2716440011882142,-0.0562888669071675
83.71468813311996,10,121.03518518518518,-8.664814814814815,90,32,90.00003038757863,0.010419056531869114,0.40239351431980225,-0.10172361244051742,0.36618289009822097,2.2939403936731524,0.9227368846631865,-0.5193457761182562,-0.06414921519418063,0.08962778117256677,-0.8438809244957604,1.7745755033509252,-0.13405072315539024
83.71468813311996,12,121.03518518518518,-8.664814814814815,90,32,90.00003038757863,0.010409400982796163,0.4191383413572286,-0.1019783326309125,0.640133737512236,3.112124964741734,1.2387528437845918,-0.5846754020600661,-0.06305167284522473,0.11149628533061628,-1.098192621214865,2.2903255321389873,-0.18206240835927
83.71468813311996,14,121.03518518518518,-8.664814814814815,90,32,90.00003038757863,0.010396032949168549,0.435730391441245,-0.10237094092538768,0.9181667645823623,3.9283708800058608,1.5715725686206736,-0.6556196723483249,-0.05741928407184756,0.1306755633873078,-1.3465428303730842,2.822662593200309,-0.21747779309296056
83.71468813311996,16,121.03518518518518,-8.664814814814815,90,32,90.00003038757863,0.010355864640683943,0.45199847114933356,-0.10291705836597032,1.2051182351011358,4.7695114877699725,1.908373543158585,-0.7339925459528555,-0.04763947749329938,0.14676881311635992,-1.6075479665561236,3.371530484844154,-0.258935772618462
83.71468813311996,18,121.03518518518518,-8.664814814814815,90,32,90.00003038757863,0.010267730000912884,0.46772214778780885,-0.10357508270638094,1.5051228540755421,5.664495229045339,2.2319232855234667,-0.8174212220037228,-0.03423489240858669,0.1594605391921859,-1.9009214314504514,3.9305323352810904,-0.3287084973380152
83.71468813311996,20,121.03518518518518,-8.664814814814815,90,32,90.00003038757863,0.010112962864352232,0.4825927147773893,-0.10423060880774054,1.821072963351537,6.64520139046962,2.51770182426933,-0.8961421195353244,-0.017844506672213382,0.16852371945854278,-2.247728811338453,4.4822104499424205,-0.45484463136148445
83.71468813311996,22,121.03518518518518,-8.664814814814815,90,32,90.00003038757863,0.009875892431014416,0.4961538117229522,-0.10467384971689597,2.153559962828035,7.745286438370715,2.730921309805804,-0.946880641089871,0.0007965561101717642,0.17382572533397256,-2.6685258657733146,4.990078060941693,-0.6724946413966373
83.71468813311996,24,121.03518518518518,-8.664814814814815,90,32,90.00003038757863,0.009544248147323187,0.5077099889698555,-0.10457391580012959,2.4989464323644137,8.994036617175864,2.8250584447644616,-0.922427799353153,0.020879796123052664,0.175332533777692,-3.1766861189025817,5.386469127191233,-1.0220984680260887
83.71468813311996,26,121.03518518518518,-8.664814814814815,90,32,90.00003038757863,0.0091094618855187,0.516191141285115,-0.10346399790991845,2.8461002005866884,10.398934655139437,2.746310626011905,-0.7363263802525029,0.04154962945881719,0.1731106224769387,-3.7618506677299273,5.5570836214824935,-1.5390172191369298
83.71468813311996,28,121.03518518518518,-8.664814814814815,90,32,90.00003038757863,0.008566852755583082,0.5199730197481216,-0.10077393093685189,3.1714368988119492,11.906151756503212,2.4533415566467083,-0.24686335887284636,0.06193357779224731,0.1673258791572159,-4.356282518771406,5.329706349933997,-2.224399978797807
83.71468813311996,30,121.03518518518518,-8.664814814814815,90,32,90.00003038757863,0.00791567985898975,0.5167038218345342,-0.0959837571660776,3.4328953325883824,13.327819132997409,1.9659485546744855,0.7408797007684513,0.0811759475378056,0.15823891011794278,-4.7812105232876645,4.4906274622171045,-2.9849595384008225
83.71468813311996,32,121.03518518518518,-8.664814814814815,90,32,90.00003038757863,0.00715905142497944,0.5033134632391454,-0.08899828212273814,3.5664734302353795,14.24850891718898,1.4447221234956324,2.408745260100873,0.09847369557453571,0.14619632055732898,-4.698059251336336,2.8752442715152036,-3.547961542730255
83.71468813311996,34,121.03518518518518,-8.664814814814815,90,32,90.00003038757863,0.006303685219814004,0.4765774196091063,-0.08075309201754255,3.494335957265226,14.004435984838285,1.244222763884599,4.737995128026356,0.1131123224582928,0.13161785743198098,-3.6574014923798264,0.5689929104255853,-3.4298043282095922
83.71468813311996,36,121.03518518518518,-8.664814814814815,90,32,90.00003038757863,0.005359524441912483,0.43461415823654215,-0.07369265079004783,3.155605770594291,11.93432034683176,1.7851786817916853,7.253587939861309,0.12449899609737361,0.11497972427718091,-1.3812304119411378,-1.8842775756572747,-2.134941442204048
83.71468813311996,38,121.03518518518518,-8.664814814814815,90,32,90.00003038757863,0.004339224418051485,0.3789292691895686,-0.07128682010743381,2.5545770502370657,7.962928643681992,3.16364183598882,9.02597350025358,0.13218985838818811,0.09679483790440686,1.7999411173240094,-3.601140435075637,0.3594849432937546
83.71468813311996,40,121.03518518518518,-8.664814814814815,90,32,90.00003038757863,0.003257536677957945,0.3152178361124205,-0.07619181009128279,1.786068193746011,2.9945568394957824,4.858719752454333,9.240208758867436,0.1359087145733913,0.07759121991336983,4.888390134622779,-3.9698087060787532,3.3004666521912776
83.71468813311996,42,121.03518518518518,-8.664814814814815,90,32,90.00003038757863,0.0021306265450461437,0.25134704144393627,-0.08841965031226023,0.9973326667685719,-1.5682414798081168,6.0612665148836005,7.870464806604692,0.13555505973612855,0.057890017962936434,6.8788628192447,-3.1551363077109578,5.616808296160317
83.71468813311996,44,121.03518518518518,-8.664814814814815,90,32,90.00003038757863,0.000975366532295463,0.19387816269555547,-0.10543172640268522,0.3133255645514024,-4.769804279452509,6.319865619473842,5.62183895625973,0.1312005507915296,0.03818476586663783,7.44811658232836,-1.8471490575759741,6.709256959297971
83.71468813311996,46,121.03518518518518,-8.664814814814815,90,32,90.00003038757863,-0.00019135057966293556,0.14609471114249323,-0.12387667299261301,-0.20682953761870237,-6.468002255922245,5.733117343473482,3.2966766605647746,0.12307437798206274,0.01892338652342842,6.928314705306879,-0.6561664158645235,6.66584813896107
83.71468813311996,48,121.03518518518518,-8.664814814814815,90,32,90.00003038757863,-0.0013532384015187415,0.10835389932494865,-0.14113263672324128,-0.5622349102585338,-7.02064103354738,4.666271805333651,1.3661596681937747,0.11153927107162254,0.0004941317422628782,5.850948770015508,0.15652190162866075,5.9135575306669725
83.71468813311996,50,121.03518518518518,-8.664814814814815,90,32,90.00003038757863,-0.0024951503510223794,0.0794211556167953,-0.15577815217526547,-0.781530259281299,-6.87761325997885,3.457985952739464,-0.03898257471799017,0.09706085482690381,-0.01678380496974066,4.627698634305729,0.590637892262056,4.863953791210552
83.71468813311996,52,121.03518518518518,-8.664814814814815,90,32,90.00003038757863,-0.0036034974302865674,0.05757602830758296,-0.16735339275713973,-0.90005415498177,-6.384930504218695,2.3156118531440795,-0.9724669432707003,0.08017358780481017,-0.03266478834257648,3.483696340808763,0.7464215387391788,3.782264956304435
83.71468813311996,54,121.03518518518518,-8.664814814814815,90,32,90.00003038757863,-0.004666539815949,0.041187798450698365,-0.17595914648309735,-0.948883752126739,-5.7569409155297775,1.3312098677508606,-1.5453796878342367,0.06144653206753651,-0.04697663551149553,2.5079439548211155,0.7297329325479344,2.799837127840289
83.71468813311996,56,121.03518518518518,-8.664814814814815,90,32,90.00003038757863,-0.005674553091819162,0.028914669366092327,-0.1819482240878199,-0.9518114053855598,-5.109689021658389,0.5270044568943543,-1.864756138392032,0.041451773187448124,-0.059616581929053634,1.7156579474000082,0.6201713247504066,1.9637264773001708
83.71468813311996,58,121.03518518518518,-8.664814814814815,90,32,90.00003038757863,-0.006619879469901446,0.019721134331552925,-0.18574566406093407,-0.9258242394799746,-4.498956027799901,-0.10845162302549854,-2.014459323651011,0.020737581167938095,-0.07054424873898048,1.0899987366080957,0.4692154466484011,1.277684915267456
83.71468813311996,60,121.03518518518518,-8.664814814814815,90,32,90.00003038757863,-0.007496881146966838,0.012831035376055067,-0.18776143218230668,-0.8825905921229296,-3.9473093532897785,-0.5991023339936196,-2.0544543474434076,-0.0001924545006275327,-0.07977263965694611,0.6040607367120586,0.3072041676019239,0.7269424037528283
88.63908155271525,0,121.06666666666666,-8.633333333333333,90,32,90.00003038757863,0.005433495695744861,0.3141715293364817,-0.06902269608429257,-1.0227216762975198,-3.0774591458718055,-0.0000000000000015265566588595902,-0.0000000000000003666714876876456,0.00000000000000005900671973453855,-0.11374733449813719,1.3830009470503961,-0.8641949254497243,1.0373229768705063
88.63908155271525,2,121.06666666666666,-8.633333333333333,90,32,90.00003038757863,0.005257030663623374,0.334557981472619,-0.07058551537400704,-0.6632498593324727,-1.7129330122956608,0.0626133214347302,0.009285798805555683,-0.01881986564438378,-0.08865640579902863,0.8019958466615454,-0.44433172486476386,0.6242631567156399
88.63908155271525,4,121.06666666666666,-8.633333333333333,90,32,90.00003038757863,0.005177404461188001,0.3548893807486595,-0.07144510241766977,-0.33339473955019605,-0.5489130193777771,0.22964887586170857,0.03205433973318409,-0.034385045751908254,-0.0635099108058877,0.36393509334271623,-0.017792786037065498,0.35681797892789
88.63908155271525,6,121.06666666666666,-8.633333333333333,90,32,90.00003038757863,0.0051762152900201586,0.37509487286871107,-0.07195472014916737,-0.02406041371359781,0.46929264451197317,0.4777337627111597,0.05759347658184363,-0.04620461712727869,-0.03885542347570759,0.029040741628826864,0.42359870108671466,0.19848022206351273
88.63908155271525,8,121.06666666666666,-8.633333333333333,90,32,90.00003038757863,0.005233220102768638,0.3951348865342189,-0.07238433353803586,0.27296758526659104,1.384451514368522,0.7916996836958845,0.07943416358356539,-0.053992789983134046,-0.015208472231077031,-0.23155924277616421,0.8867579958438959,0.12314395556139415
88.63908155271525,10,121.06666666666666,-8.633333333333333,90,32,90.00003038757863,0.00532719526631617,0.41498344393628284,-0.07294489759835898,0.5653655910401708,2.2311817630339394,1.162365054915409,0.09310745856298583,-0.0576516967758481,0.006958245592120736,-0.43950739565024693,1.3788197765295924,0.1120205149615901
88.63908155271525,12,121.06666666666666,-8.633333333333333,90,32,90.00003038757863,0.0054367267087946924,0.4346164558603472,-0.07380537540171567,0.8605836160802941,3.0391143771061513,1.5847729567386457,0.09465527538893774,-0.05725285834642546,0.02722414039799276,-0.6120825299321626,1.9080974108173334,0.15115643439477078
88.63908155271525,14,121.06666666666666,-8.633333333333333,90,32,90.00003038757863,0.005540925476319486,0.45400275231635306,-0.07510356321428563,1.1661400032134246,3.835791145577001,2.0566006981165725,0.07961598058942397,-0.05301831423916018,0.04522860423051653,-0.7646615054333374,2.4846646740980423,0.22920436420587953
88.63908155271525,16,121.06666666666666,-8.633333333333333,90,32,90.00003038757863,0.00562006721220934,0.4730949119840484,-0.07695080678005461,1.4899010130735975,4.64965747645708,2.576396815396406,0.04237423639918775,-0.04530179236750294,0.0606775422403279,-0.9131414892600964,3.1205126077437555,0.3350635538374058
88.63908155271525,18,121.06666666666666,-8.633333333333333,90,32,90.00003038757863,0.005656154611466013,0.4918163306886861,-0.07942942202292613,1.840321407520082,5.513565696613108,3.1411390981362883,-0.024029811441983802,-0.03456982029002233,0.07334854992315301,-1.0766953908319894,3.828948564508848,0.45488403497154994
88.63908155271525,20,121.06666666666666,-8.633333333333333,90,32,90.00003038757863,0.005633400952660045,0.510038920142011,-0.0825797507673155,2.2265613269235818,6.469282415877642,3.742284210567351,-0.12715313097192132,-0.021382366294775784,0.08309464187472505,-1.281245106471554,4.622349125031543,0.5676945435410634
88.63908155271525,22,121.06666666666666,-8.633333333333333,90,32,90.00003038757863,0.005538630991085841,0.5275411156674472,-0.08637086154933193,2.658250503953185,7.573454058360038,4.358939547775917,-0.2721256549222899,-0.006372456873876906,0.08984636120173135,-1.5638852592289785,5.506206515369948,0.6385973469190007
88.63908155271525,24,121.06666666666666,-8.633333333333333,90,32,90.00003038757863,0.005361593475443127,0.5439258438108806,-0.09064476233335067,3.1443318795599957,8.904771458290295,4.946142832222985,-0.4530302156526983,0.009775745318903612,0.09361204412132765,-1.9775912735621055,6.464963720618314,0.6083942146852206
88.63908155271525,26,121.06666666666666,-8.633333333333333,90,32,90.00003038757863,0.005095177996186473,0.5584577950208935,-0.095020374435973,3.6896459493650995,10.568734995299831,5.416489277612413,-0.6310618072224704,0.026350706943197223,0.09447599681845235,-2.592043161489851,7.430508799733597,0.38016035840358775
88.63908155271525,28,121.06666666666666,-8.633333333333333,90,32,90.00003038757863,0.004735528409140988,0.5697425663264882,-0.09875062727829226,4.286304739133007,12.68436329481944,5.618953353448655,-0.6841877878520353,0.04263907287913815,0.09259437365750942,-3.4751023733170983,8.217966305139223,-0.18791585126140875
88.63908155271525,30,121.06666666666666,-8.633333333333333,90,32,90.00003038757863,0.004282046197975814,0.5751256444932638,-0.1005825621830474,4.894251367534691,15.30115294759291,5.344175421866155,-0.3084199439555043,0.05795246910852773,0.08818863434953253,-4.609838465432755,8.417444365863709,-1.2428607190872718
88.63908155271525,32,121.06666666666666,-8.633333333333333,90,32,90.00003038757863,0.0037372801191817295,0.5697437264760454,-0.09888036650065063,5.4045118727142105,18.118698137278614,4.457825579832971,1.103768558932569,0.07165452708758518,0.08153660147259613,-5.655295181284588,7.301935064721546,-2.7345211553959694
88.63908155271525,34,121.06666666666666,-8.633333333333333,90,32,90.00003038757863,0.0031067032836018527,0.5457688825765725,-0.09273388303897451,5.595302690547993,19.876621553852747,3.335043292818519,4.334922743398073,0.0831866525603386,0.07296132731043704,-5.533430991347798,4.083954354407169,-3.89984924958493
88.63908155271525,36,121.06666666666666,-8.633333333333333,90,32,90.00003038757863,0.0023983850845695487,0.49432449250587734,-0.08477838914231867,5.159678553670121,17.984708125821577,3.3407997952066966,9.259369029433001,0.09209077352913683,0.06281818802291736,-2.521888614842509,-0.8692452398100254,-2.8695867107665194
88.63908155271525,38,121.06666666666666,-8.633333333333333,90,32,90.00003038757863,0.001622572358939145,0.41358720409988536,-0.08318510896757247,3.9453835141148863,10.59139032302329,5.720688493907609,13.214241007727313,0.09802725283496598,0.05148082282520398,3.603863052228954,-4.788429308890715,1.6884913286726682
88.63908155271525,40,121.06666666666666,-8.633333333333333,90,32,90.00003038757863,0.0007912008929089331,0.31720890978401106,-0.09593221819183273,2.2581964185054666,0.45126770391176574,8.946633060052052,12.845024702840126,0.1007863850943362,0.03932669171973439,9.448680076855975,-4.984019818714814,7.45507214937005
88.63908155271525,42,121.06666666666666,-8.633333333333333,90,32,90.00003038757863,-0.00008263618791534699,0.22680637111295182,-0.12143214404525515,0.6776604665879387,-7.208356949742989,10.113099722368045,8.698698505989876,0.10029240514087204,0.026723106541369647,11.597469467104423,-2.569353628717315,10.569728015617496
88.63908155271525,44,121.06666666666666,-8.633333333333333,90,32,90.00003038757863,-0.0009852333895787324,0.15544881043855485,-0.15080326420371054,-0.4474829154218013,-10.547789395266374,8.778971585611606,3.953820742808947,0.09659964602384719,0.014014576749091553,10.418629745643047,-0.20193226114527807,10.337856841184935
88.63908155271525,46,121.06666666666666,-8.633333333333333,90,32,90.00003038757863,-0.001902801008176691,0.10426395445893177,-0.17675536523063667,-1.107443033055127,-10.910928554022417,6.330774220399464,0.4759977604702932,0.08988128248336735,0.0015122000671416115,7.9570335449791605,1.0612313889359561,8.381526100553543
88.63908155271525,48,121.06666666666666,-8.633333333333333,90,32,90.00003038757863,-0.0028219488017331984,0.06896124686132693,-0.19651218796327413,-1.4332639063020132,-9.954779785848412,3.9045111429780217,-1.568264302336451,0.08041184345643708,-0.01051436664944056,5.54084222657206,1.4221689256048753,6.109709796814011
88.63908155271525,50,121.06666666666666,-8.633333333333333,90,32,90.00003038757863,-0.0037301025589965564,0.04480870424180411,-0.21013810735298333,-1.55367535343458,-8.6300385195548,1.9387314625813326,-2.599188749033234,0.06854524936125257,-0.02184206935170115,3.6101643787206297,1.3070037529616139,4.132965879905275
88.63908155271525,52,121.06666666666666,-8.633333333333333,90,32,90.00003038757863,-0.00461583780480998,0.02819637326172797,-0.21870727088943342,-1.5575137930067544,-7.336551548232515,0.480231751124429,-3.025688353000508,0.05469044220977333,-0.03229672853831919,2.186464638529592,1.0046369086499518,2.5883194019895726
88.63908155271525,54,121.06666666666666,-8.633333333333333,90,32,90.00003038757863,-0.00546912255364268,0.01666735352504456,-0.2234066597299339,-1.4988844898319982,-6.203596946734478,-0.5563525406383533,-3.1196882434566313,0.039286701537385206,-0.04175263935859196,1.1702734827843964,0.6617769790911914,1.434984274420873
88.63908155271525,56,121.06666666666666,-8.633333333333333,90,32,90.00003038757863,-0.006281468507285004,0.008603737957158852,-0.22524100946703612,-1.4091621594511983,-5.251458709714758,-1.274980006061493,-3.040632097905206,0.0227805060804218,-0.0501299075919662,0.45409228798197715,0.3412694334466324,0.5906000613606301
88.63908155271525,58,121.06666666666666,-8.633333333333333,90,32,90.00003038757863,-0.007045996549015138,0.00294026752245119,-0.22498641550017268,-1.3061792358127586,-4.463140103029978,-1.7632188714746342,-2.8774174082385096,0.00560538187775203,-0.0573900479479042,-0.048040223491644926,0.06480993124859324,-0.022116250992207626
88.63908155271525,60,121.06666666666666,-8.633333333333333,90,32,90.00003038757863,-0.007757427256020216,-0.0010339135999218874,-0.22322160777330957,-1.1999466962108822,-3.812536075181371,-2.086911288368179,-2.6784736936097944,-0.011834336048421146,-0.06353041658438723,-0.3986749549774971,-0.16409541442787434,-0.46431312074864683
93.56347497231054,0,121.09814814814816,-8.601851851851851,90,32,90.00003038757863,0.0006458691438755992,0.30495820518257666,-0.028440689165556976,-0.8108563815884696,-2.939908736529743,0.00000000000001429412144204889,0.0000000000000018453520281365594,0.00000000000000042567838455239824,-0.15261135413852778,1.3211861916363612,-0.8255687861209772,0.9909586771879704
93.56347497231054,2,121.09814814814816,-8.601851851851851,90,32,90.00003038757863,0.0005989510605040882,0.3309749090746025,-0.029752785495435863,-0.4590095275107625,-1.583112239698719,0.06510799551572963,0.22183956132039281,-0.017235502219348595,-0.13112037455009878,0.8379533010000959,-0.5971241017039223,0.599103660318527
93.56347497231054,4,121.09814814814816,-8.601851851851851,90,32,90.00003038757863,0.0006367536144697428,0.35593969832428546,-0.03038434619202285,-0.1362888364409537,-0.4321498992440792,0.2375469091152482,0.4061436514066308,-0.03161308708069604,-0.10945489774943601,0.47900139377408163,-0.31555311195016783,0.3527801489940145
93.56347497231054,6,121.09814814814816,-8.601851851851851,90,32,90.00003038757863,0.0007431537553081735,0.38004820735506295,-0.030695622018400093,0.16719438831538616,0.5722673368085508,0.4932797484529328,0.561905577197786,-0.04273735245284928,-0.0880760807261707,0.2108263996589365,0.010423215418296829,0.21499568582625522
93.56347497231054,8,121.09814814814816,-8.601851851851851,90,32,90.00003038757863,0.0009005473852546353,0.4034575012581355,-0.03096297063352632,0.4602620635397917,1.4742690668824707,0.8189830434643969,0.6971313298928704,-0.050382459212588986,-0.06741353705974545,0.01111867602626305,0.37641932359678376,0.16168640546497656
93.56347497231054,10,121.09814814814816,-8.601851851851851,90,32,90.00003038757863,0.0010905655003261017,0.4262900554762822,-0.03141051554452551,0.7512090582494226,2.3077308565433974,1.209465336054712,0.8182586690215914,-0.054480111771501694,-0.04785677534386768,-0.1348562533727433,0.7824281184020037,0.17811499398805822
93.56347497231054,12,121.09814814814816,-8.601851851851851,90,32,90.00003038757863,0.0012947391536825004,0.448638904622045,-0.032233737110952065,1.0483189047019446,3.100013060796316,1.6661325359622583,0.9297509167951644,-0.055105058880478945,-0.02974793931803829,-0.23680564736471277,1.2331322848075859,0.2564472665583216
93.56347497231054,14,121.09814814814816,-8.601851851851851,90,32,90.00003038757863,0.0014951046202072438,0.4705730316681279,-0.033617789521955155,1.3604224707460837,3.875076395656345,2.196227837114882,1.033683930437858,-0.05245908524117174,-0.013375905019456742,-0.3013323146885592,1.7386037700064385,0.3941091933140162
93.56347497231054,16,121.09814814814816,-8.601851851851851,90,32,90.00003038757863,0.0016747430441469702,0.49214229655881336,-0.035752447998849246,1.6975789897716704,4.656458829199738,2.8126823860168217,1.1291540310230517,-0.04685406706901929,0.0010282135146765998,-0.33359907607589706,2.315564490259665,0.5926267200279689
93.56347497231054,18,121.09814814814816,-8.601851851851851,90,32,90.00003038757863,0.0018182504172557235,0.5133811059383266,-0.03884485916256747,2.0719880610360426,5.470684505364399,3.5344430155182356,1.2112873316121031,-0.03869434742774977,0.013294092510342134,-0.33914772384565695,2.989469717248526,0.8566401630537536
93.56347497231054,20,121.09814814814816,-8.601851851851851,90,32,90.00003038757863,0.001912134302920615,0.5343094199280772,-0.04313031826807823,2.499292891607419,6.351989441075916,4.387034910515069,1.2695232619375336,-0.02845847075797013,0.023313695923700778,-0.32652232909514245,3.797782540852564,1.1925906872458831
93.56347497231054,22,121.09814814814816,-8.601851851851851,90,32,90.00003038757863,0.0019451336936473218,0.5549279251283161,-0.048879347259272565,3.0005122304559824,7.3500180786358555,5.402655162122261,1.284690575170986,-0.016680211591829714,0.031041176903104418,-0.31196780073979913,4.794830522615429,1.6059644083063729
93.56347497231054,24,121.09814814814816,-8.601851851851851,90,32,90.00003038757863,0.0019084581921562371,0.5751992919200667,-0.05639439379182065,3.604915152817869,8.543925420983962,6.6176180580346164,1.2243619474685925,-0.003928841502008967,0.03649113149963781,-0.3289518315608869,6.05810372672709,2.0942896591299496
93.56347497231054,26,121.09814814814816,-8.601851851851851,90,32,90.00003038757863,0.0017959427548851215,0.5949931605662617,-0.06597600678500753,4.354051487163389,10.070384449811165,8.060501444456014,1.0370488894707812,0.009211308216783997,0.03973518537705298,-0.4486231215072744,7.69281222057138,2.6285017667212776
93.56347497231054,28,121.09814814814816,-8.601851851851851,90,32,90.00003038757863,0.0016041148896909219,0.613928081894625,-0.07780111245220939,5.305995094546396,12.181599532368422,9.71111950843031,0.6528893913172354,0.02216173407105936,0.04089694807357253,-0.8240184957837107,9.818052841984917,3.1032026410102564
93.56347497231054,30,121.09814814814816,-8.601851851851851,90,32,90.00003038757863,0.0013321727124647464,0.6308955306576507,-0.09155650229316148,6.532647798406407,15.36039576800071,11.374640382681795,0.03468164807687485,0.03437059851601889,0.04014544310398152,-1.7759831755006188,12.462726336992418,3.2091073592963486
93.56347497231054,32,121.09814814814816,-8.601851851851851,90,32,90.00003038757863,0.0009818747461904642,0.6425404378077363,-0.10545769403848249,8.074413050888888,20.464691009758642,12.355775980293396,-0.5139046281926744,0.04533277010276726,0.03768721041862843,-3.869403246212594,15.094770724870248,2.168505043735505
93.56347497231054,34,121.09814814814816,-8.601851851851851,90,32,90.00003038757863,0.0005573457136068827,0.6384344588883072,-0.11435910253234238,9.706639995848528,28.16556829805932,11.086428082993216,0.9363683981977438,0.054608116192902484,0.03375737111687105,-7.264837897142813,15.040894707958458,-1.2484800139594299
93.56347497231054,36,121.09814814814816,-8.601851851851851,90,32,90.00003038757863,0.00006480656141510943,0.589980418170434,-0.11123833547067347,10.199494937530073,33.367860141461684,7.744508277297266,9.938872705956959,0.06183699606363275,0.02861003058718333,-7.158143044739606,6.006915523703167,-4.755376835258339
93.56347497231054,38,121.09814814814816,-8.601851851851851,90,32,90.00003038757863,-0.0004877588771515229,0.45880756001662104,-0.10997455707566156,7.212290893910496,17.009856324544995,12.031445939739246,23.350541673450095,0.0667519351364367,0.02250846203896821,7.9989209008894,-7.557872436602388,4.975771926248445
93.56347497231054,40,121.09814814814816,-8.601851851851851,90,32,90.00003038757863,-0.0010909843657302687,0.28491206173240124,-0.14703226050030255,1.9578185392856742,-11.623210013441856,19.515908042323897,17.47434823163878,0.06918464519165467,0.015715545611958027,21.654077004756136,-4.9342456930610386,19.68037872753172
93.56347497231054,42,121.09814814814816,-8.601851851851851,90,32,90.00003038757863,-0.0017345297843370522,0.1571203559596807,-0.20290614729632245,-1.4681493533342402,-20.965976712973575,15.018504926245715,3.5258255130410605,0.06906787815141058,0.008484930615854574,17.71693907309328,1.7445523686225908,18.414760020542314
93.56347497231054,44,121.09814814814816,-8.601851851851851,90,32,90.00003038757863,-0.0024074970579623933,0.08505439924538499,-0.24432803305983802,-2.751815229300575,-18.64139080886572,7.420272501048696,-3.4849726834682535,0.06643202151549601,0.0010533375063911125,10.18432240843691,3.2340541617069887,11.477944073119707
93.56347497231054,46,121.09814814814816,-8.601851851851851,90,32,90.00003038757863,-0.0030988330042275303,0.04555914373949205,-0.26762758477805043,-3.0148709067735786,-14.598113722899319,2.1859017733016763,-5.573877554455808,0.06139679991964086,-0.006365673775050763,5.0992594754760665,2.4824760463442583,6.09224989401377
93.56347497231054,48,121.09814814814816,-8.601851851851851,90,32,90.00003038757863,-0.0037977004355952138,0.02290470712204956,-0.27853832223322444,-2.8994285528047965,-11.284205094114492,-0.8024053071196181,-5.75449560462999,0.05415886933317041,-0.013586260981865321,2.1878847559531285,1.4262604847983305,2.7583889498724607
93.56347497231054,50,121.09814814814816,-8.601851851851851,90,32,90.00003038757863,-0.004493802150197734,0.009256620877274135,-0.2819463554229944,-2.662834553359791,-8.845764709540692,-2.4256328984161093,-5.327414402958056,0.04497641465704257,-0.020453106365491386,0.5498033369243391,0.5597498158585914,0.7737032632677757
93.56347497231054,52,121.09814814814816,-8.601851851851851,90,32,90.00003038757863,-0.005177646796600988,0.0007440572590443617,-0.28088870764944873,-2.4010731279536737,-7.064814010002251,-3.2837437134802956,-4.755665703788562,0.034152044359072764,-0.026842526798469067,-0.38554491564371585,-0.07115877999875231,-0.41400842764321677
93.56347497231054,54,121.09814814814816,-8.601851851851851,90,32,90.00003038757863,-0.005840750460508304,-0.004659916396787367,-0.2771569137732016,-2.148902602883652,-5.74168413571047,-3.713870485235759,-4.193766707503231,0.02201530129992906,-0.032662053044455026,-0.9271329219900517,-0.513977264484978,-1.132723827784043
93.56347497231054,56,121.09814814814816,-8.601851851851851,90,32,90.00003038757863,-0.006475772634346649,-0.008089897667131474,-0.27181744909671535,-1.9178272247733197,-4.736874117273258,-3.900355510845803,-3.687760658077009,0.008905989189719467,-0.037848727778030056,-1.2406789118700037,-0.820724679998615,-1.5689687838694497
93.56347497231054,58,121.09814814814816,-8.601851851851851,90,32,90.00003038757863,-0.007076589505669778,-0.010220335794466573,-0.26552140202594043,-1.710420523979741,-3.957560352272912,-3.945524094435275,-3.246005225753416,-0.0048407165024631224,-0.04236642181422119,-1.4175459845844138,-1.0314138781152726,-1.8301115358305229
93.56347497231054,60,121.09814814814816,-8.601851851851851,90,32,90.00003038757863,-0.007638310888072486,-0.011472850442957094,-0.25867733773639473,-1.525881496266774,-3.341776054859265,-3.9077023958526524,-2.864377087053803,-0.018906699286438258,-0.04620248383835784,-1.5099858859337463,-1.174297042705959,-1.9797047030161299
98.48786839190583,0,121.12962962962963,-8.57037037037037,90,32,90.00003038757863,-0.002974985214291709,0.2963305938165893,0.02307583966588317,-0.5092580844343617,-2.378279376904416,0.0000000000000059674487573602164,0.0000000000000023660736605705207,-0.00000000000000018080226700569752,-0.16359517468588844,1.0687916262203647,-0.667855159533005,0.8016495624071627
98.48786839190583,2,121.12962962962963,-8.57037037037037,90,32,90.00003038757863,-0.0029371075195231133,0.3276972416519636,0.02230260550247426,-0.19505574864567035,-1.14450221568482,0.05389848988928888,0.42000360191856106,-0.016163253786044194,-0.1463939729756247,0.7226751363796642,-0.6601264539186927,0.45862455481218706
98.48786839190583,4,121.12962962962963,-8.57037037037037,90,32,90.00003038757863,-0.0028226739030052517,0.3570936885367388,0.022176136584002415,0.09536777123153263,-0.07796455221335509,0.19545128712477827,0.7526032527636173,-0.02980879740403164,-0.1288244491827304,0.4527917924727482,-0.5577631478331369,0.22968653333949346
98.48786839190583,6,121.12962962962963,-8.57037037037037,90,32,90.00003038757863,-0.002645837309705912,0.38497538160908,0.022405501155069396,0.37075634581034844,0.8731270555043689,0.40410751593854394,1.0285280398156544,-0.040619455763345684,-0.1112707075353291,0.2401010184357626,-0.38861990962958426,0.08465305458392888
98.48786839190583,8,121.12962962962963,-8.57037037037037,90,32,90.00003038757863,-0.0024219272878437392,0.4116832382225926,0.02277087971991193,0.6388852575019544,1.7465419654673762,0.6693101290660135,1.2718133566120167,-0.04841621208574089,-0.09408950316932681,0.07342149445143786,-0.1712859034004297,0.004907133091265975
98.48786839190583,10,121.12962962962963,-8.57037037037037,90,32,90.00003038757863,-0.0021668635905416345,0.43747135513041,0.023094193871942614,0.9071006578918104,2.5707256846913262,0.9880971442660257,1.5015535896217138,-0.05314994166315202,-0.07760337627224564,-0.0529907836759344,0.0829346438238554,-0.019816926146392237
98.48786839190583,12,121.12962962962963,-8.57037037037037,90,32,90.00003038757863,-0.0018966065870733573,0.4625292406997129,0.023217142281404035,1.182846007147528,3.3683166538185674,1.3638164407701203,1.73324948808079,-0.05489023764780366,-0.062094923782537274,-0.14100985564868315,0.36887469808975193,0.006540023587217614
98.48786839190583,14,121.12962962962963,-8.57037037037037,90,32,90.00003038757863,-0.0016266549090956373,0.4870001793268189,0.022983590116136376,1.4742569341886609,4.1589961321578075,1.8057639261761826,1.979924673758984,-0.05381220156012488,-0.04780231732803232,-0.18959368758764839,0.687040969873022,0.08522270036156043
98.48786839190583,16,121.12962962962963,-8.57037037037037,90,32,90.00003038757863,-0.0013715979332269146,0.5109969239422221,0.022223808778335297,1.79093304080973,4.962083121580884,2.329768263337373,2.253143454055535,-0.05018183603584317,-0.03491614685959567,-0.19524136869510558,1.0438483289370049,0.22229796287969636
98.48786839190583,18,121.12962962962963,-8.57037037037037,90,32,90.00003038757863,-0.0011447286777989396,0.534615712672909,0.02073804601939888,2.1450598345204956,5.7992927822964395,2.9599974480644637,2.5640424008391225,-0.04434047723598572,-0.023577641988684346,-0.15196865005797924,1.4527664949775523,0.4291379479330417
98.48786839190583,20,121.12962962962963,-8.57037037037037,90,32,90.00003038757863,-0.0009577213007083418,0.5579496093401859,0.018276206752674495,2.5531926842872106,6.6982266580277035,3.7326671502224067,2.9244822137813125,-0.03668855779585742,-0.013878294539653602,-0.05070498036001015,1.9369318407166736,0.7240677559266593
98.48786839190583,22,121.12962962962963,-8.57037037037037,90,32,90.00003038757863,-0.0008203764061328889,0.581102429894689,0.014508596681115149,3.039316429607233,7.697576385293234,4.703123796284562,3.348417685890814,-0.027668907909693743,-0.005860873739172109,0.12215163222725424,2.5344714024627732,1.1359401932123636
98.48786839190583,24,121.12962962962963,-8.57037037037037,90,32,90.00003038757863,-0.000740436558289953,0.6042052039087245,0.008978556797803239,3.6404886935780962,8.856038711016774,5.959536360199423,3.853508577710822,-0.017749783521775322,0.00047821189445238724,0.38758744848728244,3.3094054399963104,1.7113496244858069
98.48786839190583,26,121.12962962962963,-8.57037037037037,90,32,90.00003038757863,-0.0007234735279177396,0.6274386343223808,0.0010183784138373397,4.418108696736075,10.269557992429586,7.650747042802264,4.462578347262336,-0.007407849898292511,0.005185294885795409,0.7793797475605151,4.375208088347,2.5294629828993154
98.48786839190583,28,121.12962962962963,-8.57037037037037,90,32,90.00003038757863,-0.0007728476691097885,0.6510682956162873,-0.010413150856040443,5.482662126938023,12.109057699494354,10.047520527944322,5.202516202588943,0.0028885683913381847,0.00834470763867885,1.3541843269567608,5.950439318037096,3.7343600541715993
98.48786839190583,30,121.12962962962963,-8.57037037037037,90,32,90.00003038757863,-0.0008897383153837479,0.6755061978354522,-0.02707452037469732,7.055054161748949,14.716515413557785,13.691784841362814,6.088230013888772,0.012695555098403578,0.010073104851308563,2.2083935015499203,8.507479080435708,5.6113851337242036
98.48786839190583,32,121.12962962962963,-8.57037037037037,90,32,90.00003038757863,-0.0010732421588010854,0.7014212570167114,-0.052246660354640095,9.64534448345941,18.90894245031442,19.80755768638332,7.023001532737744,0.021608470327678896,0.010513080490952547,3.482516241089206,13.24298159935309,8.779708880830443
98.48786839190583,34,121.12962962962963,-8.57037037037037,90,32,90.00003038757863,-0.0013205343001619352,0.7298190427788949,-0.09275646281212119,14.702281423099338,27.349442042298822,31.52797335137293,7.161178537008744,0.029275031598631415,0.00982634811227994,5.017073568658938,23.918156844213478,14.58433630634433
98.48786839190583,36,121.12962962962963,-8.57037037037037,90,32,90.00003038757863,-0.0016270841958946902,0.7580482519066171,-0.16110602543290076,27.5149287581164,55.9739011960669,54.07503074541251,1.0753229262260315,0.03540600558511454,0.00818677774210264,-0.3819561971562383,53.641767118270124,21.074750650151813
98.48786839190583,38,121.12962962962963,-8.57037037037037,90,32,90.00003038757863,-0.00198691632063161,0.5494050799316703,-0.20406796811606187,29.340735494306877,62.42786503417037,54.83491783578394,92.41002802268603,0.03978296476248384,0.005773589242759745,37.09764207495296,-26.090456055585022,26.661459652718946
98.48786839190583,40,121.12962962962963,-8.57037037037037,90,32,90.00003038757863,-0.0023929032979209397,0.10430370223209934,-0.3840304039407638,-12.646798381575811,-66.04818566325295,15.263307588722736,-23.37423793182718,0.042262695820347654,0.002764988398415633,26.294551509554235,13.438493124641774,31.669948759410946
98.48786839190583,42,121.12962962962963,-8.57037037037037,90,32,90.00003038757863,-0.002837077803386462,0.0303474565506619,-0.41392511608725,-10.025266220528312,-30.342420752100278,-10.059727001177766,-18.84805908016112,0.042778046042333484,-0.0006675022376679653,0.8525368999725633,1.1851232686865263,1.326586207447174
98.48786839190583,44,121.12962962962963,-8.57037037037037,90,32,90.00003038757863,-0.0033109489366237865,0.005813800272129577,-0.40483764207862405,-7.408436010595584,-18.150750278394362,-11.891041849325616,-12.699356657659603,0.04133523754439608,-0.004363817952742127,-2.753937227511455,-2.2347521268177886,-3.6478380782385704
98.48786839190583,46,121.12962962962963,-8.57037037037037,90,32,90.00003038757863,-0.0038058091129452576,-0.0058235066306922545,-0.38913238502867353,-5.737014622542532,-12.45462201407502,-11.009768734835271,-9.202328877786451,0.038007935666499994,-0.008179097561145193,-3.384722720100456,-3.144505972532645,-4.642525109113514
98.48786839190583,48,121.12962962962963,-8.57037037037037,90,32,90.00003038757863,-0.004313018842511979,-0.012044775449586986,-0.37257404551976214,-4.613787400242137,-9.206465009446507,-9.872507298772787,-7.056580443403823,0.03292859201758015,-0.011986337737370742,-3.392718701677965,-3.3430605254381476,-4.729942911853224
98.48786839190583,50,121.12962962962963,-8.57037037037037,90,32,90.00003038757863,-0.004824258915837071,-0.015451503417690193,-0.35652687755334933,-3.8113083153313063,-7.122977374258621,-8.850861217404999,-5.625198617639209,0.026277763282263424,-0.015677964801278702,-3.242430640613953,-3.3097514799665824,-4.566331232600586
98.48786839190583,52,121.12962962962963,-8.57037037037037,90,32,90.00003038757863,-0.0053317422712122475,-0.01722440737627956,-0.3413294952018878,-3.20937507108198,-5.682027871965718,-7.984484251380345,-4.607504246802309,0.018272211916918704,-0.019166396490307217,-3.054513976951613,-3.1967238980868977,-4.333203536186372
98.48786839190583,54,121.12962962962963,-8.57037037037037,90,32,90.00003038757863,-0.0058283808880585375,-0.01798838212371212,-0.3270310703239666,-2.74073908072904,-4.632787790753155,-7.253818547788428,-3.848759376445984,0.009152615282219877,-0.022383717127033655,-2.8650684917701303,-3.058553285448544,-4.088489805949548
98.48786839190583,56,121.12962962962963,-8.57037037037037,90,32,90.00003038757863,-0.006307906122393403,-0.018107919894768343,-0.31359349124828784,-2.3653131511052687,-3.8399471941169696,-6.632722885245535,-3.262456246177752,-0.0008283498904772069,-0.025280624345441222,-2.685231774635992,-2.916194930527503,-3.8517097468469936
98.48786839190583,58,121.12962962962963,-8.57037037037037,90,32,90.00003038757863,-0.006764943699418435,-0.01780989348519263,-0.30095485453497844,-2.0578343643359407,-3.2240319945042253,-6.0988059784645365,-2.796781142843145,-0.01141690473827823,-0.027824823209206814,-2.517943030210631,-2.7777977305492247,-3.6290621224303212
98.48786839190583,60,121.12962962962963,-8.57037037037037,90,32,90.00003038757863,-0.0071950468927049205,-0.017241969417894853,-0.28905065819554543,-1.8016124720641749,-2.735233601606674,-5.634576749984673,-2.418895319944812,-0.022367569666525245,-0.02999904526662352,-2.363330093707702,-2.6463106540531163,-3.421854355328948
103.41226181150112,0,121.16111111111111,-8.538888888888888,90,32,90.00003038757863,-0.0053991998697063,0.2900971998088042,0.08438885700406168,-0.14044498488851323,-1.4590840374793772,0.0000000000000009714451465470122,-0.0000000000000021311029194410074,-0.000000000000000025287316089059232,-0.15363047430535134,0.6557079797904115,-0.40973184735394996,0.49181524084883155
103.41226181150112,2,121.16111111111111,-8.538888888888888,90,32,90.00003038757863,-0.005314007041878094,0.32609298987723534,0.08439197860656311,0.10932076467215371,-0.45043624503881863,0.029695150250688557,0.5578196789033252,-0.01520617761591076,-0.14072921853146667,0.4603016393934896,-0.6064976785196361,0.21770256798563517
103.41226181150112,4,121.16111111111111,-8.538888888888888,90,32,90.00003038757863,-0.005158560088504571,0.3594901722072941,0.08500287186314537,0.3452635559644027,0.4707659153123399,0.10606507400202138,0.990330057480997,-0.028211376170549998,-0.1273079579303255,0.27023662748145855,-0.681624427897924,-0.0024131436777110604
103.41226181150112,6,121.16111111111111,-8.538888888888888,90,32,90.00003038757863,-0.004945182337779019,0.39094161987165005,0.08607166084545592,0.5730683190766513,1.3371733223369424,0.21589459259701785,1.3450955575937613,-0.03875960132679252,-0.11367615949126615,0.08575174434158131,-0.6781980427148961,-0.18552747274437717
103.41226181150112,8,121.16111111111111,-8.538888888888888,90,32,90.00003038757863,-0.004687132066564681,0.4209273074176923,0.08749464751513925,0.7978243182370025,2.1730016887601744,0.3518828622207979,1.6582988017055487,-0.04670610067130468,-0.10012223821077004,-0.09145503915798883,-0.6271897886821267,-0.3423309546308395
103.41226181150112,10,121.16111111111111,-8.538888888888888,90,32,90.00003038757863,-0.004398128808002333,0.44980160787587165,0.08919739603746024,1.0243455878359977,2.9972389456243964,0.5108412082798919,1.9582183078637032,-0.05201178681132262,-0.08690805399113884,-0.25895333727882275,-0.5509773932565205,-0.47934429458143096
103.41226181150112,12,121.16111111111111,-8.538888888888888,90,32,90.00003038757863,-0.004091905865019868,0.4778302954306572,0.09112371867460728,1.257479632205174,3.8263341510943225,0.6923492251897608,2.2678254269532823,-0.05473478782843791,-0.07426435379421772,-0.4142542594198947,-0.46589058664366734,-0.6006104940773617
103.41226181150112,14,121.16111111111111,-8.538888888888888,90,32,90.00003038757863,-0.0037817994783428677,0.5052209633529721,0.09322948349262267,1.5024398161533599,4.676722703726607,0.8976552247112357,2.6069244457245206,-0.055019858723080635,-0.06238727422062299,-0.5555012092735397,-0.3842162790346719,-0.7091877208874086
103.41226181150112,16,121.16111111111111,-8.538888888888888,90,32,90.00003038757863,-0.0034803825927575693,0.5321497744565733,0.09548092954653614,1.765202917779233,5.56756470718727,1.128609820117533,2.994171265706049,-0.05308626354097512,-0.05143598182761426,-0.6822948112931447,-0.31601091575910667,-0.8086991775967874
103.41226181150112,18,121.16111111111111,-8.538888888888888,90,32,90.00003038757863,-0.003199149091733744,0.5587873652157826,0.09785808590103784,2.0530266596674247,6.524212257376066,1.3863361850225566,3.449293850144802,-0.04921462011099735,-0.04153148935431639,-0.7968753010635173,-0.27107886819605254,-0.9053068483419384
103.41226181150112,20,121.16111111111111,-8.538888888888888,90,32,90.00003038757863,-0.0029482526750228277,0.585327526449186,0.10036537007878088,2.3751641613118357,7.583277850281083,1.6690726832063683,3.995899911397942,-0.04373310253829083,-0.03275664593000021,-0.906138959301497,-0.26162423394632883,-1.0107886528800285
103.41226181150112,22,121.16111111111111,-8.538888888888888,90,32,90.00003038757863,-0.002736303140641605,0.6120247135739978,0.10305442409129134,2.7438800746109755,8.80099856581217,1.9679123316136007,4.665406006670245,-0.037003329405177254,-0.025157258763696826,-1.0255892216197255,-0.30649761794784514,-1.1481882687988636
103.41226181150112,24,121.16111111111111,-8.538888888888888,90,32,90.00003038757863,-0.0025702215854164767,0.6392525557835738,0.10607106960376794,3.175877324579481,10.268515359273714,2.2572554289160665,5.5028269593987424,-0.02940623067837626,-0.0187442635826892,-1.1879557916485444,-0.4389753162753811,-1.3635459181586969
103.41226181150112,26,121.16111111111111,-8.538888888888888,90,32,90.00003038757863,-0.0024551548418877134,0.6676113655207261,0.10975539070398815,3.6940686360000763,12.142451853458072,2.4713276016958896,6.575037965370204,-0.021328180709116948,-0.013496822553826695,-1.4638675103908296,-0.7224861643810705,-1.7528619761432578
103.41226181150112,28,121.16111111111111,-8.538888888888888,90,32,90.00003038757863,-0.0023944482292989067,0.6981578230890443,0.11487109862463618,4.328508077811015,14.711841770050558,2.4409750334637303,7.97909075296696,-0.013147700736179033,-0.009366193475433335,-2.016687815893708,-1.284747823597054,-2.5305869453325296
103.41226181150112,30,121.16111111111111,-8.538888888888888,90,32,90.00003038757863,-0.0023896743548006416,0.7329781801059341,0.12318405283990391,5.109243678635063,18.558007141420973,1.7051791312027875,9.825960029121065,-0.005223060568210411,-0.006280184966181382,-3.2661933725899215,-2.3938180077749385,-4.223720575699897
103.41226181150112,32,121.16111111111111,-8.538888888888888,90,32,90.00003038757863,-0.002440714247550463,0.7769074538966123,0.13909472723154204,6.009239406182033,24.954852265126565,-1.1175806106339152,12.020729140281638,0.0021188678474565706,-0.004147991628735012,-6.447332904285846,-4.6002251058778985,-8.287422946637005
103.41226181150112,34,121.16111111111111,-8.538888888888888,90,32,90.00003038757863,-0.002545885584508578,0.844004089974763,0.1746823073435234,6.567477026354652,36.557156890970624,-10.52525591106381,12.474403250436284,0.008592145989476281,-0.0028651929094175373,-15.690277702198543,-8.51575452948599,-19.09657951399294
103.41226181150112,36,121.16111111111111,-8.538888888888888,90,32,90.00003038757863,-0.002702111261282919,0.9868451230049347,0.2611726353034337,3.356013191518214,49.62017763702695,-36.48365709823765,-5.545833293057,0.013959356248394868,-0.002318701129051962,-41.12594031929449,-7.3198961729555885,-44.05389878847673
103.41226181150112,38,121.16111111111111,-8.538888888888888,90,32,90.00003038757863,-0.0029051201984008346,-0.2767303188892479,-0.6211503585617015,-14.265459395182312,-26.018840401962535,-31.389782887052476,-46.227718769535755,0.018036960804422714,-0.0023914584233401008,-22.678583663532873,11.667653651279956,-18.01152220302089
103.41226181150112,40,121.16111111111111,-8.538888888888888,90,32,90.00003038757863,-0.0031496711923435228,-0.05939309038727503,-0.6019579063953322,-19.66927813655671,-49.641408757158736,-29.449808389616848,-1.314261553790549,0.02069824383797778,-0.0029667083622466903,8.497910743138888,-33.93865060924791,-5.077549500560275
103.41226181150112,42,121.16111111111111,-8.538888888888888,90,32,90.00003038757863,-0.003429789952803075,-0.029755883137312034,-0.5554418075557512,-13.529653595707517,-24.31202514790078,-30.294298697883015,0.2819809497910658,0.0218737715489652,-0.003931703812747804,-2.5648036236388134,-28.86783277998973,-14.111936735634705
103.41226181150112,44,121.16111111111111,-8.538888888888888,90,32,90.00003038757863,-0.003739009312133723,-0.027016315112790956,-0.5060700471328127,-9.417995636004141,-14.3992949317974,-23.838461990579372,-1.9811761183528744,0.021549445404320956,-0.005180755097273456,-5.110424035369412,-19.407138405488695,-12.87327939756489
103.41226181150112,46,121.16111111111111,-8.538888888888888,90,32,90.00003038757863,-0.00407060299788134,-0.026757496687833227,-0.4653886922708751,-6.9918656102380385,-9.91020988257742,-18.703745320613006,-2.7012097738184937,0.019762367679474722,-0.00661756792954909,-5.135921085827973,-13.806562446233059,-10.658546064321197
103.41226181150112,48,121.16111111111111,-8.538888888888888,90,32,90.00003038757863,-0.004417804310840434,-0.026328912749988775,-0.4321579031889374,-5.453228839437716,-7.390583321918551,-15.150468140394532,-2.748805891584662,0.01659486770612813,-0.008156865049647417,-4.69226633815705,-10.500770164781407,-8.892574404069613
103.41226181150112,50,121.16111111111111,-8.538888888888888,90,32,90.00003038757863,-0.0047740024737696896,-0.02551419685297812,-0.4043497106107409,-4.403356984864452,-5.772577478274641,-12.649953833648325,-2.5666097499566227,0.01216713701779733,-0.009725325341959487,-4.215800128837941,-8.411833773429702,-7.580533638209822
103.41226181150112,52,121.16111111111111,-8.538888888888888,90,32,90.00003038757863,-0.005132911182998884,-0.024406202713258274,-0.3804990259267275,-3.644471014945566,-4.6442698670964555,-10.821573754577372,-2.3192551914807957,0.006628980891415123,-0.01126190669585348,-3.7927565422563947,-7.002364947495357,-6.593702521254538
103.41226181150112,54,121.16111111111111,-8.538888888888888,90,32,90.00003038757863,-0.005488705847653624,-0.02311424610536139,-0.3596242978330357,-3.071169239537175,-3.814335654330997,-9.43380401744081,-2.0670393645451464,0.0001512077399127434,-0.01271764221594631,-3.431502774400451,-5.997933556907407,-5.830676197163414
103.41226181150112,56,121.16111111111111,-8.538888888888888,90,32,90.00003038757863,-0.005836127970512139,-0.021723197286766194,-0.3410609939095489,-2.623103694265135,-3.181066786261907,-8.345927502603816,-1.8314497248799353,-0.007082852035834472,-0.014055013019884781,-3.1239277478524747,-5.249463993228858,-5.223713345144018
103.41226181150112,58,121.16111111111111,-8.538888888888888,90,32,90.00003038757863,-0.006170556954992051,-0.02029340141540431,-0.3243462825135325,-2.2635308551442903,-2.6848530037562934,-7.469760699614343,-1.6190369855199374,-0.014885272641745492,-0.015247005252416753,-2.860062372190208,-4.670908785318436,-4.7284258863175825
103.41226181150112,60,121.16111111111111,-8.538888888888888,90,32,90.00003038757863,-0.006488051189769972,-0.018866382159427986,-0.309147708850731,-1.9688972653618189,-2.28814641699825,-6.748027397017579,-1.4305064157786456,-0.02307057204589333,-0.016275955402402127,-2.6313499681936,-4.2098978271902405,-4.3153090990696965
108.33665523109642,0,121.19259259259259,-8.507407407407406,90,32,90.00003038757863,-0.006670700804412705,0.28758632599327716,0.15347387787552375,0.2549579844083638,-0.3381136741938111,0.0000000000000016306400674181989,-0.0000000000000010895195331826864,-0.00000000000000013082308146219294,-0.1299116875410943,0.15194724215720112,-0.09494719754619864,0.11396836313872166
108.33665523109642,2,121.19259259259259,-8.507407407407406,90,32,90.00003038757863,-0.006566907159837876,0.32715606379340617,0.15438018712509044,0.4237600370932083,0.3812156248565257,-0.0024237529216537515,0.5994757242866011,-0.014027561489734178,-0.12087432189183742,0.09038643872877636,-0.43349749291727635,-0.08301255843813418
108.33665523109642,4,121.19259259259259,-8.507407407407406,90,32,90.00003038757863,-0.0063991868969804355,0.3639528295436594,0.15585065405785442,0.5915343620173522,1.1181072344469651,-0.012069552583498502,1.0564159483350422,-0.02617189211353074,-0.11125872578231857,-0.044795832464150614,-0.6441999709497606,-0.3024758208440549
108.33665523109642,6,121.19259259259259,-8.507407407407406,90,32,90.00003038757863,-0.0061780456117197236,0.3987194331413753,0.1579194899840315,0.7597536913729503,1.8785291046739088,-0.031982788325865714,1.4251182795617399,-0.03622528597598108,-0.10130181948063209,-0.23384763506205633,-0.7763713115124233,-0.5443961596670257
108.33665523109642,8,121.19259259259259,-8.507407407407406,90,32,90.00003038757863,-0.005914734295644625,0.43200270810652924,0.16063246096090544,0.9298163201042049,2.6677473533227305,-0.06493491953477032,1.7460064987586663,-0.044068225850960645,-0.09122606739102834,-0.46266041329205265,-0.8668585598713258,-0.809403837240583
108.33665523109642,10,121.19259259259259,-8.507407407407406,90,32,90.00003038757863,-0.0056208731212119,0.46421130783271575,0.1640469300296843,1.1030453841692036,3.491242105440736,-0.11423613010759959,2.0492931893759425,-0.04966574487788524,-0.08123518123547308,-0.7219401810449406,-0.9436583444861519,-1.0994035188394014
108.33665523109642,12,121.19259259259259,-8.507407407407406,90,32,90.00003038757863,-0.005308093513705425,0.49566283177014536,0.16823505867991284,1.2806772897071619,4.3559492234415655,-0.1849269579548174,2.357465136218527,-0.053061211453849344,-0.0715105469537,-1.007211539363345,-1.0286590455806626,-1.41867515759561
108.33665523109642,14,121.19259259259259,-8.507407407407406,90,32,90.00003038757863,-0.004987707959270532,0.5266251287992083,0.17329147594527539,1.4638117983001964,5.271870552594655,-0.2855031025911226,2.686891459627264,-0.05436811997295997,-0.06220847875800019,-1.3196114797459728,-1.1398744531428955,-1.775561261003131
108.33665523109642,16,121.19259259259259,-8.507407407407406,90,32,90.00003038757863,-0.004670414927750249,0.5573562571931544,0.1793473275702297,1.6532766159439731,6.254175518483203,-0.43048583587988143,3.048635578458504,-0.05376041621975353,-0.053458367863532114,-1.667633029587206,-1.2934319978570463,-2.1850058287300245
108.33665523109642,18,121.19259259259259,-8.507407407407406,90,32,90.00003038757863,-0.0043660444150650235,0.5881483499708873,0.186593736010074,1.849313966995506,7.325982987585531,-0.6443975350071461,3.4482434411518366,-0.051461823290950566,-0.04536175525545568,-2.070254838119374,-1.5054603738253696,-2.672438987649522
108.33665523109642,20,121.19259259259259,-8.507407407407406,90,32,90.00003038757863,-0.004083347944106336,0.6193832022000352,0.19531963868330182,2.0508981936381754,8.522049839775816,-0.9681328538934316,3.8837086436952215,-0.04773457282276676,-0.03799231911997139,-2.562354028956949,-1.793806848903508,-3.279876768518352
108.33665523109642,22,121.19259259259259,-8.507407407407406,90,32,90.00003038757863,-0.003829835384554392,0.6516132929027966,0.20597221058749415,2.254276650127216,9.893440686321002,-1.4694309154614005,4.339593788046997,-0.042867894296375865,-0.0313967299148803,-3.204087956349777,-2.1789737020688866,-4.075677437177331
108.33665523109642,24,121.19259259259259,-8.507407407407406,90,32,90.00003038757863,-0.0036116596208355944,0.6856945241394937,0.21925294086960706,2.4498366403201386,11.512244271699767,-2.260102944364435,4.7724898223384615,-0.03716657580605781,-0.02559629115682585,-4.097129994700704,-2.682114596215224,-5.169975833186793
108.33665523109642,26,121.19259259259259,-8.507407407407406,90,32,90.00003038757863,-0.0034335488680343196,0.7230232111967781,0.2362671883264883,2.615279839738097,13.471048495467638,-3.5228012453126976,5.076476238653124,-0.030939882946911038,-0.02058925353140837,-5.411604766842032,-3.3133896940167187,-6.73696064444872
108.33665523109642,28,121.19259259259259,-8.507407407407406,90,32,90.00003038757863,-0.0032987852688293184,0.7659821420123984,0.25873715402504555,2.700572814526744,15.855166363014664,-5.543446952735957,5.003012280311958,-0.02449110551183905,-0.016353665503997274,-7.423296886486873,-4.031085275427465,-9.03573099665786
108.33665523109642,30,121.19259259259259,-8.507407407407406,90,32,90.00003038757863,-0.0032092272768413643,0.8187838992350134,0.2892081671155409,2.5952438539013873,18.60576972574985,-8.70519189648404,3.9879173325132298,-0.018107989433459194,-0.012850606658255413,-10.52527695349625,-4.620196224088819,-12.373355443131778
108.33665523109642,32,121.19259259259259,-8.507407407407406,90,32,90.00003038757863,-0.003165372241419745,0.8888867934171591,0.33079554348893025,2.0646823163949013,21.00917132334481,-13.232529375088399,0.8742784781260636,-0.012054297687376944,-0.010027641607293405,-15.004859899780215,-4.4027621184092585,-16.76596474714392
108.33665523109642,34,121.19259259259259,-8.507407407407406,90,32,90.00003038757863,-0.003166454577598704,0.9880834200007209,0.38475543217423797,0.6783595031153988,20.28566356503351,-18.067284986808694,-5.932987302990956,-0.006562722537399797,-0.007822333081463413,-19.83655135534813,-1.964690065897548,-20.62242738170715
108.33665523109642,36,121.19259259259259,-8.507407407407406,90,32,90.00003038757863,-0.0032105739757083973,-0.47224749064499755,-0.5562650935783158,-2.0063160965385145,10.481241091444597,-19.024961612257954,-15.302909913323056,-0.001829337596008177,-0.006165662605873963,-19.968353828312747,3.0149701024340505,-18.762365787339128
108.33665523109642,38,121.19259259259259,-8.507407407407406,90,32,90.00003038757863,-0.0032948473354867946,-0.31002810306420703,-0.5159979481807685,-5.436776426270934,-8.835264533252188,-13.46303397798835,-17.917332965769766,0.001990271054201146,-0.004985225210137268,-9.934147614188136,3.9405026402911716,-8.357946558071667
108.33665523109642,40,121.19259259259259,-8.507407407407406,90,32,90.00003038757863,-0.0034155775619471307,-0.176652430221235,-0.5022910993897516,-7.651534142705974,-21.409623870947726,-9.788523963882772,-9.561279196665204,0.004783119856264003,-0.004208089318549456,1.0310987744120685,-4.458275653843229,-0.752211487125223
108.33665523109642,42,121.19259259259259,-8.507407407407406,90,32,90.00003038757863,-0.003568432090907153,-0.10021041368642125,-0.4944193846208273,-7.855516755185737,-20.62437125222355,-11.437230327787015,-1.7286583107070206,0.006479190520306613,-0.0037632422261215646,3.3708798526540837,-12.463404240877182,-1.6144818436967894
108.33665523109642,44,121.19259259259259,-8.507407407407406,90,32,90.00003038757863,-0.0037486240598449128,-0.06395982508129494,-0.47882520031621684,-6.99967295742761,-15.467133033205997,-13.223879851384224,1.0492434858816644,0.007050124785375617,-0.0035835728964719125,1.468069368070122,-14.796871505597005,-4.450679234168681
108.33665523109642,46,121.19259259259259,-8.507407407407406,90,32,90.00003038757863,-0.003951089417904785,-0.046809453622790986,-0.4570789752966602,-5.935448392130343,-11.071526429437194,-13.419182730601298,1.2984939208646304,0.006506416725389642,-0.003607374676272492,-0.48580748787363437,-13.927005577751991,-6.056609718974431
108.33665523109642,48,121.19259259259259,-8.507407407407406,90,32,90.00003038757863,-0.004170653960443249,-0.03776125144550607,-0.4332964663629188,-4.979858043744948,-8.079829335868473,-12.647498669110728,0.8959298465479275,0.004893339866366246,-0.00377937858975156,-1.6599472100797896,-12.170087636351957,-6.527982264620573
108.33665523109642,50,121.19259259259259,-8.507407407407406,90,32,90.00003038757863,-0.004402185231667521,-0.032217754692793255,-0.4098901279667102,-4.1931973786724095,-6.098312218360962,-11.542389537686683,0.47126730332582883,0.0022859013417372846,-0.0040513513170360345,-2.2399621550644575,-10.437186333309151,-6.414836688388118
108.33665523109642,52,121.19259259259259,-8.507407407407406,90,32,90.00003038757863,-0.004640725392099365,-0.028311648506788467,-0.3878605862934847,-3.5590020849362367,-4.751273855981339,-10.412455166532009,0.15931834046797713,-0.0012168517839558632,-0.004382309580120452,-2.4742774655400406,-8.96590815877905,-6.060640729051661
108.33665523109642,54,121.19259259259259,-8.507407407407406,90,32,90.00003038757863,-0.004881602408132485,-0.02525574999537522,-0.3675003141128649,-3.0468363927195474,-3.8002590831945056,-9.373293490083636,-0.04243339997480296,-0.005497840538926189,-0.004738413977716893,-2.5231066494338856,-7.770166141398973,-5.631173105993475
108.33665523109642,56,121.19259259259259,-8.507407407407406,90,32,90.00003038757863,-0.005120518195947721,-0.022698172330466504,-0.34880022224724505,-2.629240210562405,-3.103951195751733,-8.455413258402656,-0.1625681790704082,-0.010427958597557744,-0.005092610509225848,-2.4761963162844705,-6.806530196312277,-5.198808394809381
108.33665523109642,58,121.19259259259259,-8.507407407407406,90,32,90.00003038757863,-0.005353613554182318,-0.0204706878008018,-0.3316386676750051,-2.284724584482351,-2.5779168771880276,-7.656479870476358,-0.22749190476704953,-0.015871791966505355,-0.005424087832817688,-2.3820169726247666,-6.025877745950499,-4.792368071004967
108.33665523109642,60,121.19259259259259,-8.507407407407406,90,32,90.00003038757863,-0.005577510776320377,-0.018486605092904396,-0.31586268549306445,-1.9971581110076502,-2.1700959900165095,-6.9633732537047495,-0.2566111836743587,-0.021692824294446116,-0.005717613799346937,-2.2665754641480627,-5.386711243240846,-4.421259961444401
113.26104865069172,0,121.22407407407408,-8.475925925925926,90,32,90.00003038757863,-0.0068845457331095095,0.28933344165373526,0.22776258103795738,0.6258370771265587,0.7739077725424268,-0.000000000000000277555756156289,-0.0000000000000011576112084491236,-0.0000000000000002888377699932662,-0.09905257462010829,-0.34779187701154257,0.21732446739201214,-0.2608620900547377
113.26104865069172,2,121.22407407407408,-8.475925925925926,90,32,90.00003038757863,-0.006782532329800556,0.3312718603130149,0.22955195056322097,0.7115979975299569,1.1925879497550498,-0.0352692407447961,0.5304358328145508,-0.012396181013945934,-0.0932127590181709,-0.31926762255640884,-0.16722179631864775,-0.3861563410838679
113.26104865069172,4,121.22407407407408,-8.475925925925926,90,32,90.00003038757863,-0.0066243434946506585,0.3707843352285831,0.23185760527520372,0.8094030396152958,1.7365646590600463,-0.13276346607954193,0.9258731989225465,-0.023241720570547054,-0.08683285742057904,-0.4341944126853527,-0.4399984793005556,-0.6101938044055749
113.26104865069172,6,121.22407407407408,-8.475925925925926,90,32,90.00003038757863,-0.006418603203725309,0.40857448852738015,0.23490071633189666,0.9164636504066033,2.3836427426178477,-0.28414041726812916,1.2364328626961105,-0.03236976437733376,-0.08008213884352472,-0.6568773264614576,-0.6462869145569425,-0.9153920922842347
113.26104865069172,8,121.22407407407408,-8.475925925925926,90,32,90.00003038757863,-0.00617452481282299,0.4451649144953479,0.23887400692489896,1.030415273818896,3.1176968242370218,-0.4855623543625915,1.4985910316270599,-0.0396815036955431,-0.0731210577522187,-0.9623548820997244,-0.8206398912770039,-1.290610838610526
113.26104865069172,10,121.22407407407408,-8.475925925925926,90,32,90.00003038757863,-0.005901620538760449,0.4809541226450228,0.24395573233212078,1.149054613290881,3.9272462855372585,-0.7372301437353328,1.7377000531821116,-0.04514392939971476,-0.06609808067356966,-1.3344442550497309,-0.9892123318882883,-1.7301291878050462
113.26104865069172,12,121.22407407407408,-8.475925925925926,90,32,90.00003038757863,-0.005609423258180757,0.5162661373577264,0.2503227254474064,1.2700787692549098,4.804827190565713,-1.04371365760513,1.9693652684645444,-0.0487854392513079,-0.0591470154591233,-1.7650039304339378,-1.1714127911317098,-2.233569046886622
113.26104865069172,14,121.22407407407408,-8.475925925925926,90,32,90.00003038757863,-0.005307228535158859,0.5513971259066406,0.25816479485487076,1.3907744279377607,5.746882869606473,-1.4150094288003756,2.1997637685892433,-0.050689735888836726,-0.05238492751599862,-2.254220105043985,-1.3809813280858174,-2.806612636278312
113.26104865069172,16,121.22407407407408,-8.475925925925926,90,32,90.00003038757863,-0.005003863183866669,0.5866632827543756,0.26770240325030753,1.507585641488419,6.753830016196039,-1.8682696217220929,2.4248177797269204,-0.05098843932659289,-0.04591069877258542,-2.8117757496956157,-1.6264714395438784,-3.462364325513167
113.26104865069172,18,121.22407407407408,-8.475925925925926,90,32,90.00003038757863,-0.004707485127694977,0.622454721499526,0.279208992810282,1.615449964145626,7.829713568341248,-2.43005741649372,2.6278325515514562,-0.049852809268207995,-0.039804254203657075,-3.4587445583520373,-1.9108459622895377,-4.223082943267853
113.26104865069172,20,121.22407407407408,-8.475925925925926,90,32,90.00003038757863,-0.004425417871279924,0.6593015828506725,0.29303806628410445,1.706728787377479,8.980323026579104,-3.138698575358684,2.774763540939634,-0.047484936743198064,-0.03412644929405975,-4.229875944119273,-2.2294434236758636,-5.1216533135896185
113.26104865069172,22,121.22407407407408,-8.475925925925926,90,32,90.00003038757863,-0.004164021573548837,0.6979609004614031,0.3096520562219224,1.7694629296406523,10.207461830439879,-4.045496753439697,2.8057558437058656,-0.044108727105419306,-0.028919581700454982,-5.175274740142461,-2.5648570089680947,-6.201217543729699
113.26104865069172,24,121.22407407407408,-8.475925925925926,90,32,90.00003038757863,-0.003928601498822543,0.7395347082851078,0.3296423776325867,1.7845741116082268,11.494534295235326,-5.2114944233890155,2.621402446897792,-0.03996096088581765,-0.02420846327196333,-6.358492366788453,-2.8763014601399557,-7.509012950844435
113.26104865069172,26,121.22407407407408,-8.475925925925926,90,32,90.00003038757863,-0.003723353521286027,0.7856261062877745,0.35371182258355666,1.7216190944914087,12.773713453674576,-6.691615300053466,2.063931809418328,-0.035282686951318316,-0.020001966001968775,-7.842892632115429,-3.080519789661188,-9.075100547979904
113.26104865069172,28,121.22407407407408,-8.475925925925926,90,32,90.00003038757863,-0.00355134535604118,0.8385131128425881,0.3825510807149143,1.5332286448406212,13.857864321025493,-8.488833560110955,0.9025659641591525,-0.030311173721489677,-0.016294938612546234,-9.646880619189751,-3.0247793230726603,-10.856792348418816
113.26104865069172,30,121.22407407407408,-8.475925925925926,90,32,90.00003038757863,-0.00341453128145372,0.9012232223888325,0.4164739096651324,1.1507536044548294,14.320797040714147,-10.45185441201168,-1.1384482187911824,-0.025272617358480347,-0.013070380167790397,-11.6318186619135,-2.472106017748124,-12.62066106901275
113.26104865069172,32,121.22407407407408,-8.475925925925926,90,32,90.00003038757863,-0.003313797303997501,0.9771379600288443,0.4546310462802832,0.49061425056998653,13.362964551904952,-12.115434915088594,-4.207846354742067,-0.020375778649191247,-0.010301753787713286,-13.2945153008523,-1.1787455265560878,-13.766013511474736
113.26104865069172,34,121.22407407407408,-8.475925925925926,90,32,90.00003038757863,-0.003249033008303037,-0.5306378633119264,-0.5052932724790453,-0.5070224005227787,9.910348760095129,-12.644589205345193,-7.883108673357365,-0.015806690387834086,-0.007955327119259448,-13.591849363519493,0.7744539084846034,-13.282067800125652
113.26104865069172,36,121.22407407407408,-8.475925925925926,90,32,90.00003038757863,-0.003219225749692023,-0.426731596222523,-0.4708039265824646,-1.7890841178124717,3.478678009979194,-11.342206609911528,-10.6892739736979,-0.011724542554695985,-0.005992436141124343,-11.34633071522411,2.4271674132290944,-10.375463749932472
113.26104865069172,38,121.22407407407408,-8.475925925925926,90,32,90.00003038757863,-0.003222572407138219,-0.3204976025826035,-0.44690391289725095,-3.1082851296419367,-4.373595131434823,-8.776835383485192,-10.729479012205694,-0.008258812542142266,-0.004371584089557476,-6.682297078026902,2.103249859162762,-5.840997134361798
113.26104865069172,40,121.22407407407408,-8.475925925925926,90,32,90.00003038757863,-0.0032566036451699976,-0.22683770307750079,-0.43435305053225576,-4.111953303197015,-10.400474022180553,-6.7828535784165505,-7.799130317206128,-0.0055076624328889885,-0.003050306364939847,-1.7931658411783282,-0.7889216935921315,-2.1087345186151807
113.26104865069172,42,121.22407407407408,-8.475925925925926,90,32,90.00003038757863,-0.003318315553305251,-0.15577054595512152,-0.4278722747351549,-4.595306301946877,-12.713216790915475,-6.428818458491178,-3.892718398236155,-0.0035375765509122925,-0.0019867535386869574,1.1177344755485354,-4.694816052517338,-0.7601919454584001
113.26104865069172,44,121.22407407407408,-8.475925925925926,90,32,90.00003038757863,-0.0034043036518014713,-0.10759537756246912,-0.42133578204529104,-4.610794569558537,-12.098048236005868,-7.137169818629067,-0.903070726927027,-0.0023841629925684675,-0.0011409662759263215,1.8335238435329118,-7.718581454115068,-1.2539087381131153
113.26104865069172,46,121.22407407407408,-8.475925925925926,90,32,90.00003038757863,-0.0035108945709305117,-0.07677751840001018,-0.4118183937993194,-4.338228766320047,-10.237340462027094,-7.9436004715909485,0.7218705639802698,-0.0020539961596014247,-0.00047583647432931074,1.3472471513363768,-9.236528716891378,-2.347364335420175
113.26104865069172,48,121.22407407407408,-8.475925925925926,90,32,90.00003038757863,-0.0036342712113246745,-0.057232887012200195,-0.39925188909474285,-3.939698499959532,-8.239077750983652,-8.387304407465368,1.3641571541993647,-0.0025273372054115256,0.00004223318733749006,0.5313945190611252,-9.571776552328615,-3.2973161018703205
113.26104865069172,50,121.22407407407408,-8.475925925925926,90,32,90.00003038757863,-0.003770587844892259,-0.04452156887024056,-0.384672068589823,-3.5140962702962892,-6.531501822179155,-8.434461044304753,1.4841306868613506,-0.00376153912299608,0.0004429447892062496,-0.20458413659765945,-9.234010466770854,-3.8981883233060013
113.26104865069172,52,121.22407407407408,-8.475925925925926,90,32,90.00003038757863,-0.00391607237746075,-0.03588709596485001,-0.36915112833067865,-3.109310667775801,-5.188825202473614,-8.201323206702781,1.379794578574299,-0.005694925379973112,0.0007519591168878366,-0.7489455008288115,-8.59552145933352,-4.18715408456222
113.26104865069172,54,121.22407407407408,-8.475925925925926,90,32,90.00003038757863,-0.0040671138162377,-0.029722639715879517,-0.3534681315396366,-2.7437494328650796,-4.1626002474443675,-7.808963242744166,1.2035349984494759,-0.008250926701114571,0.0009909453724311608,-1.111069653949731,-7.866742000142747,-4.25776645400683
113.26104865069172,56,121.22407407407408,-8.475925925925926,90,32,90.00003038757863,-0.004220333815519867,-0.025104836812581466,-0.3381066607560305,-2.421395183999795,-3.381387604010221,-7.343844563388133,1.0225468474256443,-0.01134226955853114,0.0011777819644711177,-1.3324613223185926,-7.150188502919757,-4.192536723486496
113.26104865069172,58,121.22407407407408,-8.475925925925926,90,32,90.00003038757863,-0.004372641963636847,-0.02149715045984707,-0.32333535169139827,-2.140029294909336,-2.7824814052932347,-6.859003374737447,0.861933957457973,-0.014875030584254791,0.0013268649659727788,-1.4541298534212912,-6.48895830460971,-4.049713175265175
113.26104865069172,60,121.22407407407408,-8.475925925925926,90,32,90.00003038757863,-0.004521275180972312,-0.018579999407527914,-0.3092848444629577,-1.8952276028366253,-2.3179080861620798,-6.384038827743808,0.728028309795683,-0.018752400868240725,0.0014494846372593037,-1.5081604371018658,-5.896558165425301,-3.8667837032719863
118.185442070287,0,121.25555555555556,-8.444444444444445,90,32,90.00003038757863,-0.006166054108681374,0.29495087364969985,0.304614337089,0.9215675412571294,1.6598732686599715,0.0000000000000029143354396410363,-0.0000000000000023220839735230474,-0.0000000000000001954125199959996,-0.06664255757944813,-0.7459421244711275,0.46611636017648683,-0.5594955804005328
118.185442070287,2,121.25555555555556,-8.444444444444445,90,32,90.00003038757863,-0.006079424700175834,0.33811808710102864,0.307116910193032,0.9366919340368346,1.8204060791075871,-0.06263413272037129,0.35917975149295056,-0.010183809826749317,-0.06326410574881021,-0.6887786393009192,0.14332210244604482,-0.6314497983225013
118.185442070287,4,121.25555555555556,-8.444444444444445,90,32,90.00003038757863,-0.005946668736727723,0.37968989358286676,0.31009010725495334,0.9748764095480008,2.1968929908350168,-0.23339085076493982,0.6144425660293006,-0.01917067573667094,-0.059456142468996734,-0.8228084396048199,-0.10318940743744853,-0.8640842025797992
118.185442070287,6,121.25555555555556,-8.444444444444445,90,32,90.00003038757863,-0.005774427352499778,0.4202072205005514,0.31391059935502175,1.0299208589578894,2.7431347492299585,-0.49336043878451386,0.8039486339857514,-0.026832100899006596,-0.055328409743268706,-1.1020434217733186,-0.3070901441076368,-1.2248794794163733
118.185442070287,8,121.25555555555556,-8.444444444444445,90,32,90.00003038757863,-0.005569789993101343,0.46007227580325016,0.3188879885506224,1.0964104001624217,3.4229846093480183,-0.830681430669979,0.9549754040661804,-0.0330894632833316,-0.050985985373913356,-1.4929511922673313,-0.4945168482080263,-1.6907579315505419
118.185442070287,10,121.25555555555556,-8.444444444444445,90,32,90.00003038757863,-0.005340081448488632,0.49959414699213334,0.3252855644142301,1.1693237907260952,4.2070616125109686,-1.238739395382212,1.0848740449616343,-0.03791274115146584,-0.046527141356151394,-1.9717492784246735,-0.6845582405392571,-2.2455725746403763
118.185442070287,12,121.25555555555556,-8.444444444444445,90,32,90.00003038757863,-0.005092656722872152,0.5390317780493259,0.33333564034851704,1.2436661123063877,5.070402362342781,-1.7152118209116214,1.2010989380198231,-0.04131758784402258,-0.042041512974235674,-2.522907688561069,-0.8892540393836201,-2.878609304314517
118.185442070287,14,121.25555555555556,-8.444444444444445,90,32,90.00003038757863,-0.004834709843060253,0.5786372186630593,0.34325194849397206,1.3140975852111445,5.9907772283669765,-2.2617996428474445,1.3004907745981062,-0.043361062734925925,-0.03760864076402761,-3.1385858380544724,-1.113230366215645,-3.5838779845407305
118.185442070287,16,121.25555555555556,-8.444444444444445,90,32,90.00003038757863,-0.004573101550923636,0.6187010069617511,0.35524058837823297,1.3745168799134388,6.9470865321631745,-2.8842290649316613,1.368026613998404,-0.04413633097837651,-0.033296927928842174,-3.8184605568682297,-1.3530279885967214,-4.359671752306919
118.185442070287,18,121.25555555555556,-8.444444444444445,90,32,90.00003038757863,-0.004314209661724883,0.6596004246341252,0.3695090778202258,1.4175453754942342,7.916880108285533,-3.5917823638896467,1.3751655466362962,-0.043766635859371926,-0.029163034069955903,-4.5691257462356125,-1.5959745167624255,-5.207515552940583
118.185442070287,20,121.25555555555556,-8.444444444444445,90,32,90.00003038757863,-0.004063804742502536,0.7018501344026009,0.38626997513669886,1.433860952134008,8.871656760923106,-4.395220535351597,1.277926484123218,-0.04239882885470732,-0.02525170377782786,-5.4018890531057675,-1.8182827100911796,-6.129202137142239
118.185442070287,22,121.25555555555556,-8.444444444444445,90,32,90.00003038757863,-0.00382695270307834,0.7461523751391527,0.4057310862122944,1.4113673250513386,9.768221083223263,-5.301431533857359,1.015272534336135,-0.0401967178961283,-0.02159600723952654,-6.327190828823218,-1.9821765842807602,-7.1200614625355225
118.185442070287,24,121.25555555555556,-8.444444444444445,90,32,90.00003038757863,-0.003607944914080091,0.7934380045929937,0.42805820150535834,1.3343016265684113,10.534231650496944,-6.302527283235026,0.5097709614371198,-0.03733446682529163,-0.018217950923717523,-7.342920451668401,-2.032701582480591,-8.156001084660637
118.185442070287,26,121.25555555555556,-8.444444444444445,90,32,90.00003038757863,-0.0034102555806090895,0.8448759274462421,0.4532894938221989,1.1826638798017097,11.04715407453024,-7.3570680783566615,-0.32444724104962086,-0.033990250623184545,-0.015129400753015537,-8.413030946985481,-1.8972857387806084,-9.171945242497724
118.185442070287,28,121.25555555555556,-8.444444444444445,90,32,90.00003038757863,-0.003236525310982008,0.9018015535831017,0.4811785341778357,0.9329169683560343,11.110856740386865,-8.36385724031028,-1.556488522215988,-0.03034034268988576,-0.012333248819566383,-9.434198137881374,-1.496113983614732,-10.032643731327267
118.185442070287,30,121.25555555555556,-8.444444444444445,90,32,90.00003038757863,-0.0030885691295733098,-0.6335189074744291,-0.4882007928473864,0.5617726344978594,10.447930145211892,-9.139124053384712,-3.182766158377142,-0.02655378245874026,-0.009824748159081454,-10.197596690744735,-0.7781453858038669,-10.508854845066281
118.185442070287,32,121.25555555555556,-8.444444444444445,90,32,90.00003038757863,-0.0029674065939332417,-0.5624299891441604,-0.45804250341293623,0.0554703860720486,8.750152551313713,-9.429889222932774,-5.037748419694762,-0.022787743643220334,-0.0075929385206179,-10.378460197941106,0.20322706994027495,-10.297169369964996
118.185442070287,34,121.25555555555556,-8.444444444444445,90,32,90.00003038757863,-0.0028733111933011424,-0.4846714276580979,-0.4298194908880697,-0.5747510845887853,5.841185880563705,-9.014797254523154,-6.717858939756385,-0.019183694906508633,-0.005622089234306773,-9.621150117207128,1.1949487501473381,-9.143170617148192
118.185442070287,36,121.25555555555556,-8.444444444444445,90,32,90.00003038757863,-0.002805875834411109,-0.4031911555002692,-0.40614047036286927,-1.2771954388641316,1.9322238934651124,-7.897958432121327,-7.643824652253623,-0.01586441526002718,-0.003893092624500825,-7.768486846756903,1.7327226694657254,-7.075397778970613
118.185442070287,38,121.25555555555556,-8.444444444444445,90,32,90.00003038757863,-0.002764090967817323,-0.32313035949709173,-0.3888143222106854,-1.9601124903185332,-2.2436723803523217,-6.444931242750073,-7.36282046158422,-0.012931895901726574,-0.0023847520917274164,-5.115681270442203,1.3525020505568452,-4.574680450219465
118.185442070287,40,121.25555555555556,-8.444444444444445,90,32,90.00003038757863,-0.0027464317798760463,-0.2503813587164597,-0.37778559418401697,-2.5208060991388663,-5.704104190987988,-5.226658981970301,-5.913481263362438,-0.010466128833943305,-0.0010749219398264297,-2.377737102880719,-0.045730732164292576,-2.396029395746436
118.185442070287,42,121.25555555555556,-8.444444444444445,90,32,90.00003038757863,-0.0027509508752371348,-0.18933701403272957,-0.371122845909025,-2.889783849512778,-7.783482490748273,-4.629957019555184,-3.8448190537662046,-0.008524751306655289,0.0000585298998533705,-0.2682727747647293,-2.059811991911327,-1.0921975715292602
118.185442070287,44,121.25555555555556,-8.444444444444445,90,32,90.00003038757863,-0.002775373000968917,-0.14150421391047974,-0.3661749512708413,-3.0550875892457108,-8.445392297050462,-4.642506656389636,-1.8241219313652453,-0.007143485216149353,0.0010369510415588654,0.9093630668598405,-4.070901875383128,-0.7189976832934108
118.185442070287,46,121.25555555555556,-8.444444444444445,90,32,90.00003038757863,-0.002817188608993243,-0.10582286549264952,-0.36084104718158544,-3.051326806814616,-8.097706530649193,-4.9939097246247774,-0.2623593937807878,-0.006337283636067004,0.0018803275049931012,1.2798262601446149,-5.629693583887555,-0.9720511734104071
118.185442070287,48,121.25555555555556,-8.444444444444445,90,32,90.00003038757863,-0.0028737434046380017,-0.0799386700714696,-0.3540759429597057,-2.931565904117774,-7.230611259785741,-5.405245170883209,0.7496400261027862,-0.006102074305571782,0.002606890917658683,1.1489346479097244,-6.591606294812163,-1.487707870015141
118.185442070287,50,121.25555555555556,-8.444444444444445,90,32,90.00003038757863,-0.002942321465728842,-0.061333877453644936,-0.34570117461455735,-2.745151634629955,-6.2042641050731895,-5.712750072240396,1.3063821430205058,-0.006416973590032318,0.003232892011459017,0.7935651851666528,-7.0249427958772515,-2.016411933184248
118.185442070287,52,121.25555555555556,-8.444444444444445,90,32,90.00003038757863,-0.003020220013714575,-0.04789660205251939,-0.3360010022642151,-2.528589805579068,-5.216757447640957,-5.86338917639836,1.5510156952214804,-0.007246835185283976,0.003772516362172304,0.38932615934409787,-7.075849330844081,-2.4410135729935347
118.185442070287,54,121.25555555555556,-8.444444444444445,90,32,90.00003038757863,-0.0031048144475483153,-0.038054158848940756,-0.32540649475552225,-2.3052996634653202,-4.350630696556032,-5.867381952418354,1.606675575171661,-0.008544996101461696,0.004237915013616878,0.02269672019745757,-6.885526759498841,-2.731513983602079
118.185442070287,56,121.25555555555556,-8.444444444444445,90,32,90.00003038757863,-0.0031936127833844807,-0.030704841641147007,-0.31432809480649754,-2.088732989025536,-3.6249633373408683,-5.758603323132793,1.5592378153779098,-0.0102560880353866,0.004639321779097023,-0.2753265829268642,-6.560880099166335,-2.8996786225933984
118.185442070287,58,121.25555555555556,-8.444444444444445,90,32,90.00003038757863,-0.003284299151104314,-0.025098643689470734,-0.3030937543060801,-1.8857585179109329,-3.0303082476974463,-5.573201054893737,1.4621259592516247,-0.012318794304436893,0.004985230210874716,-0.5018146172934491,-6.173270176436577,-2.97112268786808
118.185442070287,60,121.25555555555556,-8.444444444444445,90,32,90.00003038757863,-0.0033747664585197235,-0.020729603188571144,-0.2919411251905591,-1.6992616698648244,-2.547446517080763,-5.3412486778883075,1.346110924007157,-0.014668449751198982,0.005282605963935292,-0.6654301767912126,-5.766585210207941,-2.972064260874389
123.1098354898823,0,121.28703703703704,-8.412962962962963,90,32,90.00003038757863,-0.004654399357226197,0.30319316016826303,0.3817812759642353,1.1013976940129262,2.1382429277514885,0.0000000000000018041124150158794,-0.0000000000000012411526424886727,-0.00000000000000018854654561489603,-0.03712150710123655,-0.9609200169350229,0.6004494616997194,-0.7207402322551352
123.1098354898823,2,121.28703703703704,-8.412962962962963,90,32,90.00003038757863,-0.0045919586649189326,0.3467110348222715,0.3847033011332946,1.0695974023662138,2.1265841934373144,-0.08100382033278815,0.11054612467083268,-0.007337952832535616,-0.03549473106281919,-0.9436232569591789,0.43956054323956234,-0.7677990396633539
123.1098354898823,4,121.28703703703704,-8.412962962962963,90,32,90.00003038757863,-0.004496198797972639,0.3898330615621581,0.38806585131940297,1.0683098268745825,2.392557421874935,-0.3011505964853488,0.16628166778664508,-0.013857006348024276,-0.0335878363702729,-1.13765128249482,0.305828503117695,-1.015319881247742
123.1098354898823,6,121.28703703703704,-8.412962962962963,90,32,90.00003038757863,-0.004371655229030796,0.4328423632004693,0.3923510339517032,1.0891982463191574,2.8741550058449192,-0.6341287649924737,0.18974846813292295,-0.01946823169995011,-0.03146151939689784,-1.4934320294871646,0.18050313703221585,-1.4212307746742783
123.1098354898823,8,121.28703703703704,-8.412962962962963,90,32,90.00003038757863,-0.00422317090459437,0.4759381924993424,0.39794566152955074,1.1249402581113215,3.520766668994876,-1.061111831031568,0.19775785672715407,-0.024115536199556028,-0.02917447492349526,-1.9723912172575992,0.04780216849399918,-1.9532703498599995
123.1098354898823,10,121.28703703703704,-8.412962962962963,90,32,90.00003038757863,-0.00405575608118669,0.5192609368541525,0.4051614016857194,1.1687606619472173,4.287960920446021,-1.5673350471367091,0.20083456723303558,-0.027775030080868148,-0.02678215411964852,-2.543312492972889,-0.10359238071481763,-2.584749445258816
123.1098354898823,12,121.28703703703704,-8.412962962962963,90,32,90.00003038757863,-0.0038744526660866307,0.5629204839951631,0.414244731766682,1.2140354902816832,5.133786648103878,-2.139910767599562,0.201485849903312,-0.030453273730215828,-0.024335684983681074,-3.18045237596607,-0.2784458808137995,-3.2918307282915897
123.1098354898823,14,121.28703703703704,-8.412962962962963,90,32,90.00003038757863,-0.0036842072074174392,0.607030375479524,0.42538113036385555,1.2539898845580442,6.016741817463079,-2.7669407181938785,0.19225290347569557,-0.03218459795009501,-0.02188099482961988,-3.8630826497183737,-0.47315170848664956,-4.052343333113034
123.1098354898823,16,121.28703703703704,-8.412962962962963,90,32,90.00003038757863,-0.0034897559372483733,0.6517462907423507,0.4386969562949213,1.2814741671832346,6.89468251647617,-3.4372626725847826,0.15452052618164583,-0.033027701268340835,-0.019458163113299117,-4.575408061657032,-0.6747855375626549,-4.845322276682094
123.1098354898823,18,121.28703703703704,-8.412962962962963,90,32,90.00003038757863,-0.003295524499359326,0.6973040679484777,0.45425954608483243,1.2887852964911521,7.723453059310943,-4.139744731082728,0.05873543848185456,-0.0330617286442708,-0.017101019963430268,-5.30553784044838,-0.861178708280416,-5.650009323760547
123.1098354898823,20,121.28703703703704,-8.412962962962963,90,32,90.00003038757863,-0.003105544226382484,0.7440502582681189,0.47207245112599194,1.2675186392310973,8.45407593273168,-4.861027076115661,-0.1335748952561294,-0.032382027752493464,-0.014836992261558829,-6.042323024726219,-1.0018977389022992,-6.443082120287139
123.1098354898823,22,121.28703703703704,-8.412962962962963,90,32,90.00003038757863,-0.002923386096374825,0.792456390099192,0.49205982585216257,1.2084930141506072,9.027954354016885,-5.580992612250584,-0.46545970308475576,-0.031095764800425606,-0.012687186018654166,-6.769261371394831,-1.0602371366838357,-7.193356226068365
123.1098354898823,24,121.28703703703704,-8.412962962962963,90,32,90.00003038757863,-0.002752112815915919,0.8431053146131324,0.5140331557572613,1.1018900923964248,9.370754160386673,-6.266068979814614,-0.9767718827924826,-0.029317563671802972,-0.01066668205164271,-7.455330370944601,-0.997106702921671,-7.8541730521132695
123.1098354898823,26,121.28703703703704,-8.412962962962963,90,32,90.00003038757863,-0.0025942488585046775,0.8966335172349067,0.5376366248326975,0.9378772703068076,9.387675887872593,-6.861996146408548,-1.6912082208159436,-0.027165311742436502,-0.008785012334603567,-8.043931116830835,-0.7788059316535132,-8.355453489492241
123.1098354898823,28,121.28703703703704,-8.412962962962963,90,32,90.00003038757863,-0.0024517677414478134,-0.6453854861153533,-0.4368854326581518,0.7080962708925261,8.965891056632456,-7.290304112729074,-2.5968196391774128,-0.02475625415848271,-0.007046777440449228,-8.443856510924908,-0.39132395645293716,-8.600386093506083
123.1098354898823,30,121.28703703703704,-8.412962962962963,90,32,90.00003038757863,-0.0023260953564608056,-0.5846646794371806,-0.4120964993745268,0.408369687058276,7.993074963159918,-7.456023501036657,-3.6221878145495383,-0.02220347643726939,-0.005452361513968189,-8.530641477848892,0.13790706805253317,-8.47547865062788
123.1098354898823,32,121.28703703703704,-8.412962962962963,90,32,90.00003038757863,-0.002218127781679735,-0.520443555373194,-0.3883401417042184,0.0425612848889962,6.400201253769637,-7.275050162475024,-4.619007371705171,-0.01961285334553373,-0.003998700290752212,-8.170456828145415,0.7166940481638147,-7.883779208879889
123.1098354898823,34,121.28703703703704,-8.412962962962963,90,32,90.00003038757863,-0.0021282616974877544,-0.4537777938359302,-0.3669531195465424,-0.37349967828357317,4.224522891345792,-6.721446386261808,-5.372527319026911,-0.01708052032103129,-0.0026800596240308485,-7.274246963910967,1.1811352679915785,-6.801792856714336
123.1098354898823,36,121.28703703703704,-8.412962962962963,90,32,90.00003038757863,-0.0020564353064589647,-0.38664571545658344,-0.3491281048096222,-0.810469976165141,1.6618849086986662,-5.87358240956217,-5.660511449430716,-0.01469090234703041,-0.0014887864174775527,-5.867821470177058,1.3301195143760358,-5.335773664426644
123.1098354898823,38,121.28703703703704,-8.412962962962963,90,32,90.00003038757863,-0.002002177519149023,-0.32173132788844194,-0.3355274652643078,-1.2291034544010206,-0.9443194147722168,-4.917563398775663,-5.351193247941957,-0.012515314320120652,-0.00041600023629697025,-4.131372733935701,1.0078014642023971,-3.7282521482547426
123.1098354898823,40,121.28703703703704,-8.412962962962963,90,32,90.00003038757863,-0.0019646631114800805,-0.26184526295607385,-0.3260144184408285,-1.5895002679916177,-3.2058824952285616,-4.0815218700883005,-4.482141489325613,-0.01061112684286148,0.0005477984755570644,-2.3583512282342065,0.1928923841524437,-2.281194274573229
123.1098354898823,42,121.28703703703704,-8.412962962962963,90,32,90.00003038757863,-0.0019427715836087822,-0.20920757432337078,-0.3196967299509223,-1.862207438679454,-4.836404449949586,-3.533428915412658,-3.2529052924778044,-0.009021472447499311,0.0014122194056642276,-0.8404264925474795,-0.9756313329704889,-1.230679025735675
123.1098354898823,44,121.28703703703704,-8.412962962962963,90,32,90.00003038757863,-0.001935147549635502,-0.16495723003667467,-0.3152787992440778,-2.0351970466269926,-5.74349704928445,-3.316834482819142,-1.9297645689973455,-0.007775450074964993,0.0021865802969223973,0.24458183052543694,-2.263815434612142,-0.6609443433194199
123.1098354898823,46,121.28703703703704,-8.412962962962963,90,32,90.00003038757863,-0.0019402606549999424,-0.12910175479987668,-0.3115043187977333,-2.113528905036471,-6.013954404834658,-3.364378285144903,-0.7349407973677426,-0.006888770834098494,0.0028796120047599938,0.8685347845402034,-3.4478570708866147,-0.5106080438144427
123.1098354898823,48,121.28703703703704,-8.412962962962963,90,32,90.00003038757863,-0.001956463243806078,-0.10082373223149788,-0.3074563275804753,-2.1135260900928383,-5.8284257327000475,-3.5598485815644705,0.21032776455178517,-0.006364776284731814,0.0034992645847036026,1.1116934456996594,-4.385939116021415,-0.6426822007089068
123.1098354898823,50,121.28703703703704,-8.412962962962963,90,32,90.00003038757863,-0.001982044269075417,-0.07890101786931497,-0.3026373281869101,-2.055714625055902,-5.3755189155183105,-3.7958645472638333,0.8797398745242849,-0.006195752260617204,0.004052603431645772,1.0955445522956027,-5.030159244434429,-0.9165191454781694
123.1098354898823,52,121.28703703703704,-8.412962962962963,90,32,90.00003038757863,-0.002015278240581425,-0.06204732432428384,-0.29689523054455746,-1.9596133475678155,-4.803860004588859,-4.0010006154124165,1.305409873558084,-0.0063644569237025425,0.004545781201970319,0.9330566469450521,-5.399749736762964,-1.2268432477601336
123.1098354898823,54,121.28703703703704,-8.412962962962963,90,32,90.00003038757863,-0.002054468321898817,-0.04910846356048215,-0.29029670118674145,-1.841155415347641,-4.2107977830176075,-4.140789073364736,1.5421025849213115,-0.006845781420110799,0.0049840695269786585,0.7074749888106233,-5.546481151133126,-1.511117471642627
123.1098354898823,56,121.28703703703704,-8.412962962962963,90,32,90.00003038757863,-0.002097983005105941,-0.03913749602819172,-0.28301443703004886,-1.712101100955849,-3.650684284533321,-4.207108374678949,1.6448120468941292,-0.007608465012938215,0.005371934221858575,0.4709828184611096,-5.529203737884828,-1.7406986766928216
123.1098354898823,58,121.28703703703704,-8.412962962962963,90,32,90.00003038757863,-0.0021442860936278507,-0.03139760103910516,-0.27525117532477733,-1.5805010648672073,-3.1484349082932552,-4.206490198482563,1.6589449808849237,-0.008616793453056909,0.005713138564745746,0.2517467214730111,-5.400422880808433,-1.9084224308503621
123.1098354898823,60,121.28703703703704,-8.412962962962963,90,32,90.00003038757863,-0.0021919599985202876,-0.025332837333456926,-0.267197955613068,-1.4515173732820612,-2.711383274694853,-4.151559236193859,1.6182124900154164,-0.009832218949881873,0.00601086096625498,0.06216688119883888,-5.201576801027353,-2.0184638392121026
128.03422890947758,0,121.31851851851852,-8.381481481481481,90,32,90.00003038757863,-0.0024917037926555086,0.3121608515551842,0.457766456173232,1.1395167408013698,2.086979085920279,-0.000000000000011657341758564144,-0.0000000000000012380136374981435,-0.00000000000000009456076699852069,-0.013865617103556993,-0.9378821924848139,0.5860538353502854,-0.7034606583446996
128.03422890947758,2,121.31851851851852,-8.381481481481481,90,32,90.00003038757863,-0.002459364298228156,0.3555568183309437,0.46073155320386344,1.0915584072649125,2.016811197999848,-0.0885913425557466,-0.182386420495393,-0.0038484044584025873,-0.013348199551103635,-1.0261145805890277,0.6665638935111297,-0.7594890231845759
128.03422890947758,4,121.31851851851852,-8.381481481481481,90,32,90.00003038757863,-0.0024094779930829424,0.3999707492701644,0.46413386400619794,1.0770274532684658,2.2506788882883004,-0.3300508124271364,-0.36167651785026245,-0.0072842994327987345,-0.01270578526596473,-1.3183207952464193,0.7197280196329828,-1.030429587393226
128.03422890947758,6,121.31851851851852,-8.381481481481481,90,32,90.00003038757863,-0.002344326477507208,0.4453814188860561,0.46850599013524613,1.0869714757809432,2.723679215571148,-0.6975822709104392,-0.5325703132740514,-0.01026207583255891,-0.01196183625630735,-1.7709681851629193,0.7418283384896354,-1.474236849767065
128.03422890947758,8,121.31851851851852,-8.381481481481481,90,32,90.00003038757863,-0.002266347970301119,0.4917398457098039,0.4742815491084239,1.1136318686791662,3.3818819886090594,-1.170741378496045,-0.685832768069681,-0.012752250268679276,-0.01113926254804075,-2.3465846831372326,0.724123350586106,-2.0569353429027903
128.03422890947758,10,121.31851851851852,-8.381481481481481,90,32,90.00003038757863,-0.002178068525684751,0.5389583909149767,0.48180594215304917,1.1496891317552542,4.172462269986634,-1.7285174141184776,-0.8115697711238037,-0.014741229442004015,-0.010259910956793327,-3.007651471222804,0.6579968907264276,-2.744452714932233
128.03422890947758,12,121.31851851851852,-8.381481481481481,90,32,90.00003038757863,-0.0020820352314993573,0.586917273480769,0.4913288104423991,1.1877688294119235,5.038483581194349,-2.346025384181486,-0.9052948378524921,-0.016230514441795425,-0.009344113355254192,-3.7154314780385214,0.5413248771006063,-3.498901527198279
128.03422890947758,14,121.31851851851852,-8.381481481481481,90,32,90.00003038757863,-0.0019807534630487955,0.6354927230901068,0.5029914006132818,1.2202815932297753,5.9188380963208385,-2.9950232068820895,-0.9732900342779597,-0.0172354359077905,-0.008410312734304957,-4.432524997523521,0.3829049319487926,-4.279363024744003
128.03422890947758,16,121.31851851851852,-8.381481481481481,90,32,90.00003038757863,-0.0018766299108339268,0.6845990492333037,0.516819402074356,1.239531267386862,6.751343790614641,-3.64651924898615,-1.0346613640161888,-0.017783519226102586,-0.00747478069098767,-5.126334379897309,0.20329817231499048,-5.045015110971313
128.03422890947758,18,121.31851851851852,-8.381481481481481,90,32,90.00003038757863,-0.0017719227205781063,0.7342301246478325,0.5327247083944355,1.2379627195562883,7.476119824985781,-4.273106723713503,-1.1192639459635338,-0.017912581230632406,-0.006551434421854304,-5.770720448631076,0.032233363486485755,-5.757827103236481
128.03422890947758,20,121.31851851851852,-8.381481481481481,90,32,90.00003038757863,-0.0016686997000298076,0.7844853753902767,0.5505125573979709,1.208443074289967,8.037125384234367,-4.849336067916836,-1.2621707766386407,-0.01766865735214741,-0.005651755347633455,-6.344436659967987,-0.09620020480201052,-6.382916741888791
128.03422890947758,22,121.31851851851852,-8.381481481481481,90,32,90.00003038757863,-0.0015688051750155363,0.8355691526863978,0.5698870841217373,1.1445479792879947,8.381445998982844,-5.349823440398007,-1.4959420568573616,-0.017103851931356204,-0.0047848056393661595,-6.826569438768124,-0.1493410719012529,-6.886305867528625
128.03422890947758,24,121.31851851851852,-8.381481481481481,90,32,90.00003038757863,-0.0014738357292645998,0.8877571667108853,0.5904497210899644,1.0409127909699132,8.457695328877715,-5.7462239781237265,-1.8417528391007016,-0.016274195558688576,-0.003957333610342783,-7.190570351593449,-0.10220203583957832,-7.23145116592928
128.03422890947758,26,121.31851851851852,-8.381481481481481,90,32,90.00003038757863,-0.001385124747380756,-0.6576668593490708,-0.3874722782189811,0.8937642269587819,8.216197456481659,-6.005272560079111,-2.300149225080636,-0.015237582748163312,-0.003173954557825051,-7.399405337875609,0.05568181721027976,-7.377132610991497
128.03422890947758,28,121.31851851851852,-8.381481481481481,90,32,90.00003038757863,-0.0013037354038357152,-0.6025338014135959,-0.3661822874272868,0.7017348746069956,7.6140696170864075,-6.090602063887885,-2.842622061265109,-0.014051851740804287,-0.0024373904552115176,-7.404962143920796,0.31279924056476016,-7.279842447694892
128.03422890947758,30,121.31851851851852,-8.381481481481481,90,32,90.00003038757863,-0.0012304615065460156,-0.5458808392975577,-0.34558078894844013,0.4669500501521596,6.627411741311094,-5.970586898559214,-3.4066798867354144,-0.012773056325098234,-0.0017487500618350714,-7.154893249837202,0.6290164657172586,-6.903286663550299
128.03422890947758,32,121.31851851851852,-8.381481481481481,90,32,90.00003038757863,-0.0011658354132958182,-0.48809407207732514,-0.3264661110398517,0.19615309245000234,5.269721829284489,-5.6322656938590345,-3.899000332525133,-0.011453967655564914,-0.0011078305647677664,-6.60852998157337,0.9335679667044676,-6.235102794891583
128.03422890947758,34,121.31851851851852,-8.381481481481481,90,32,90.00003038757863,-0.0011101420935243078,-0.42998061560930506,-0.30959795050026634,-0.09864094543525243,3.6102370239985118,-5.097082215393581,-4.21137752055371,-0.010142832419226639,-0.0005134227107011077,-5.759189734624282,1.1332196862788333,-5.3059018601127494
128.03422890947758,36,121.31851851851852,-8.381481481481481,90,32,90.00003038757863,-0.0010634383063922448,-0.3727519501904674,-0.29555695219384537,-0.40062310672245194,1.780583023437193,-4.429465700488686,-4.249749946489971,-0.008882402538424195,0.000036396656460442356,-4.653745163749835,1.1340555212779253,-4.2001229552386645
128.03422890947758,38,121.31851851851852,-8.381481481481481,90,32,90.00003038757863,-0.0010255758073591525,-0.3178811561109902,-0.2846054782921487,-0.6902315691440783,-0.041445128939328335,-3.728799456642748,-3.967469736667788,-0.007709241065334307,0.0005439979220333007,-3.3963103128608862,0.8726010127715855,-3.047269907752252
128.03422890947758,40,121.31851851851852,-8.381481481481481,90,32,90.00003038757863,-0.0009962274778000102,-0.26685286971361516,-0.2766118018961844,-0.9484951428342028,-1.6715428260282936,-3.103161583821121,-3.386269478229198,-0.006653299173493728,0.001011967791460626,-2.127808039268195,0.34241646296308437,-1.990841454082961
128.03422890947758,42,121.31851851851852,-8.381481481481481,90,32,90.00003038757863,-0.0009749152926332716,-0.22088470528848453,-0.2710829267584499,-1.1606051792079257,-2.9665370318559203,-2.635999752454557,-2.5913355400910354,-0.005737750354049328,0.001442920438868999,-0.9874242600357059,-0.3997424336441209,-1.1473212334933542
128.03422890947758,44,121.31851851851852,-8.381481481481481,90,32,90.00003038757863,-0.0009610390959788051,-0.1807226936628985,-0.2672990016144221,-1.318347837133054,-3.856853259162887,-2.363422297144903,-1.7018135630250018,-0.004979060266001364,0.0018393534626035919,-0.07488253187776527,-1.2532193580607818,-0.576170275102078
128.03422890947758,46,121.31851851851852,-8.381481481481481,90,32,90.00003038757863,-0.0009539052399197556,-0.146576847100938,-0.26449108964677137,-1.420577288793131,-4.349904439488577,-2.272730958376763,-0.8330893241302483,-0.004387264362719825,0.002203548177019138,0.5682732591726943,-2.1072555138715825,-0.2746289463759387
128.03422890947758,48,121.31851851851852,-8.381481481481481,90,32,90.00003038757863,-0.0009527542511751363,-0.11819251033937378,-0.26199188902243564,-1.4719012342506532,-4.508651387872826,-2.318630211050808,-0.06928575719791746,-0.003966420597538121,0.0025375110736572185,0.9538161231563854,-2.8713461260110824,-0.1947223272480475
128.03422890947758,50,121.31851851851852,-8.381481481481481,90,32,90.00003038757863,-0.0009567868188107287,-0.09499980574543954,-0.259318023896698,-1.4804524992088206,-4.420992961610674,-2.444949474443588,0.5459062886096069,-0.003715201332784284,0.002842951241613947,1.1273376289940247,-3.4905083152794587,-0.268865697117759
128.03422890947758,52,121.31851851851852,-8.381481481481481,90,32,90.00003038757863,-0.0009651875364118379,-0.0762741326002303,-0.25618319361292186,-1.4556826867897534,-4.174212485219499,-2.6013949538337164,1.003575856244838,-0.003627587104903778,0.003121287201277749,1.1467582180627958,-3.945072811667281,-0.4312709066041167
128.03422890947758,54,121.31851851851852,-8.381481481481481,90,32,90.00003038757863,-0.0009771459777339897,-0.06126384491493264,-0.25246640740499554,-1.406737282328153,-3.8404544266331078,-2.751594312005948,1.3174641760318262,-0.003693625113194987,0.0033736759642185106,1.0668687784496742,-4.241490898378373,-0.6297275809016751
128.03422890947758,56,121.31851851851852,-8.381481481481481,90,32,90.00003038757863,-0.0009918748291065371,-0.04927089970442278,-0.24816306027255025,-1.3415406997572885,-3.4721584002224195,-2.874020782971098,1.5121440574357667,-0.003900217086909592,0.0036010571142745507,0.9316815919610942,-4.401092530960618,-0.828755420423153
128.03422890947758,58,121.31851851851852,-8.381481481481481,90,32,90.00003038757863,-0.0010086249388514545,-0.03968999374443388,-0.24333798186437144,-1.2664573762198572,-3.1035697790522936,-2.959141744200465,1.614601303457509,-0.004231904341181116,0.003804205199368959,0.7727001568980244,-4.450893258687619,-1.007657146577023
128.03422890947758,60,121.31851851851852,-8.381481481481481,90,32,90.00003038757863,-0.0010266972685493703,-0.03201906898127943,-0.23808913783118518,-1.1863166091615345,-2.754739156042987,-3.00553028239186,1.6495136135836737,-0.004671622077952534,0.003983784595248428,0.6103943920380837,-4.417677531226893,-1.1566766204526737
132.95862232907288,0,121.35000000000001,-8.35,90,32,90.00003038757863,0.00018247881479838135,0.31957544095868373,0.5320502019981852,1.0276724617471402,1.4567708955777199,0.000000000000011379786002407855,0.0000000000000010210215339071426,-0.00000000000000017351039453129066,0.0006213535794394255,-0.6546685037088511,0.40908228373718886,-0.4910355902139756
132.95862232907288,2,121.35000000000001,-8.35,90,32,90.00003038757863,0.00018014985787190296,0.3628556709307216,0.534646670314204,0.9973171037339584,1.4503563286009973,-0.08113047333659246,-0.4784519679559186,0.0002813830197820853,0.0006033800412349938,-0.8979851476168079,0.7789628950422429,-0.5863999895999108
132.95862232907288,4,121.35000000000001,-8.35,90,32,90.00003038757863,0.00017653144062992898,0.40859355489506377,0.5376891305474454,0.9970116183562515,1.7283695355826154,-0.3077353862789724,-0.9048371879526487,0.0005334503489369362,0.0005781721003089977,-1.3116740065222716,1.0772945272640677,-0.8807561956166445
132.95862232907288,6,121.35000000000001,-8.35,90,32,90.00003038757863,0.00017178553935998098,0.45650902559998285,0.5417054762773652,1.019941330655589,2.2508193290952696,-0.6694381552438418,-1.2938867329845285,0.0007528961652482867,0.0005469048221253617,-1.8795576314305495,1.3135499679531266,-1.354137644249299
132.95862232907288,8,121.35000000000001,-8.35,90,32,90.00003038757863,0.00016608541471802019,0.5063385252020792,0.5471788764112313,1.060462057211803,2.983816877223804,-1.1574466979098796,-1.6330677111880134,0.0009375462952134449,0.0005107378678186014,-2.5769612883583606,1.4732713943825622,-1.9876527306053355
132.95862232907288,10,121.35000000000001,-8.35,90,32,90.00003038757863,0.0001596107902778754,0.5577456181912714,0.5545250862215862,1.1122714828314277,3.8761200846877992,-1.7483421797325014,-1.895929886289655,0.0010863448328492752,0.00047078722070107446,-3.358737557287952,1.5351384600125382,-2.7446821732829365
132.95862232907288,12,121.35000000000001,-8.35,90,32,90.00003038757863,0.0001525431618109585,0.610297480777479,0.5640338848884681,1.167625691630929,4.852340607251429,-2.4003516784908143,-2.0617270031955672,0.0011993009497731496,0.0004280997614617928,-4.163139954207873,1.4893769026421453,-3.5673891931510147
132.95862232907288,14,121.35000000000001,-8.35,90,32,90.00003038757863,0.0001450613845834503,0.6635108929719774,0.5758167170604476,1.2176155798211923,5.821465116649723,-3.0606996171277396,-2.130246210897087,0.0012774021647940156,0.00038363188637838096,-4.925456865363876,1.348192991108889,-4.38617966892032
132.95862232907288,16,121.35000000000001,-8.35,90,32,90.00003038757863,0.00013733766111970191,0.7169372169887989,0.5897885124200046,1.2530989138919488,6.692577944626272,-3.6775438195609444,-2.1256798230248846,0.001322501033845097,0.0003382330932081849,-5.592138552749243,1.1450843467511362,-5.134104814048788
132.95862232907288,18,121.35000000000001,-8.35,90,32,90.00003038757863,0.00012953402499402134,0.7702440322932151,0.6056878722835266,1.2657615840324297,7.388713281210835,-4.209531555067684,-2.089929515903373,0.0013371824730445785,0.0002926351214982496,-6.12838150229682,0.9258391243404716,-5.758045852560632
132.95862232907288,20,121.35000000000001,-8.35,90,32,90.00003038757863,0.00012179938878764673,0.8232608006211187,0.6231210143433912,1.2489247486564528,7.853594860357976,-4.629267711714067,-2.0701470238374235,0.001324618807665226,0.00024744686129365994,-6.517254005661453,0.736736003846133,-6.222559604123
132.95862232907288,22,121.35000000000001,-8.35,90,32,90.00003038757863,0.0001142671976074594,0.8759757746275378,0.64160914996821,1.1979728694180856,8.051225439895166,-4.921158010252944,-2.1059579767165317,0.0012884192250611252,0.00020315487100964043,-6.752941719515766,0.6144969012356307,-6.507142959021514
132.95862232907288,24,121.35000000000001,-8.35,90,32,90.00003038757863,0.0001070537045240183,-0.670505739683912,-0.33853773255492264,1.1104908465177197,7.96174394610922,-5.07669252730645,-2.2198270572359373,0.0012324796779526054,0.0001601290033128089,-6.832542670940269,0.5798558776649645,-6.600600319874283
132.95862232907288,26,121.35000000000001,-8.35,90,32,90.00003038757863,0.00010025686163431247,-0.6180593990263819,-0.3195471848666283,0.9862845524614977,7.577670718725811,-5.090592679284245,-2.41168254912778,0.001160838507072385,0.00011863235379819747,-6.75029190478072,0.6344443596345481,-6.4965141609269015
132.95862232907288,28,121.35000000000001,-8.35,90,32,90.00003038757863,0.00009395580071452914,-0.5655994956121504,-0.30114579083482756,0.8274232081982905,6.903356718383276,-4.960083374606461,-2.657720153132123,0.001077542190242222,0.00007883454014948957,-6.496462493937556,0.760084803039154,-6.192428572721894
132.95862232907288,30,121.35000000000001,-8.35,90,32,90.00003038757863,0.00008821086087046348,-0.5131855789074377,-0.2838891911809964,0.6383338212689791,5.958270261263663,-4.687802400797685,-2.913320091988235,0.0009865247276517018,0.00004082720031617105,-6.06142883268446,0.9202431430419158,-5.693331575467694
132.95862232907288,32,121.35000000000001,-8.35,90,32,90.00003038757863,0.0000830641073792937,-0.46108094132053595,-0.2682923968735869,0.42585380235802217,4.782449873340899,-4.287050361537644,-3.12035638453058,0.0008915032780338826,0.000004640569219839921,-5.44368061408506,1.0643538872655496,-5.01793905917884
132.95862232907288,34,121.35000000000001,-8.35,90,32,90.00003038757863,0.00007854027603942937,-0.4097775919656616,-0.25478091799563923,0.19906144712627535,3.440595939300038,-3.786574135805267,-3.218795377194918,0.0007958917951011134,-0.000029739951110148038,-4.658895738694067,1.1359536060936513,-4.204514296256606
132.95862232907288,36,121.35000000000001,-8.35,90,32,90.00003038757863,0.00007464807073553903,-0.3599692550475051,-0.24363327174389282,-0.03129474238845166,2.0206921187449502,-3.2314898830824497,-3.1608798932892856,0.0007027335980343274,-0.00006235818559288519,-3.745953500677884,1.0843786233433912,-3.3122020513405275
132.95862232907288,38,121.35000000000001,-8.35,90,32,90.00003038757863,0.00007138173842788365,-0.3124705854036743,-0.23493243957080334,-0.2538296826700755,0.6246340271821412,-2.6780691331684503,-2.924034346275854,0.0006146530584292751,-0.00009327331997042471,-2.766037258538154,0.8774822226604599,-2.4150443694739696
132.95862232907288,40,121.35000000000001,-8.35,90,32,90.00003038757863,0.00006872284516429294,-0.26809804788495045,-0.22854667993533523,-0.45787663341316653,-0.6479541573138282,-2.1830009241928456,-2.517634649619098,0.0005338259106187591,-0.00012254833372866313,-1.7935038362545552,0.5108973872949873,-1.5891448813365603
132.95862232907288,42,121.35000000000001,-8.35,90,32,90.00003038757863,0.00006664217871046874,-0.22754352899630448,-0.22415216975250135,-0.6348338820313162,-1.717550522634916,-1.7909753859572584,-1.9804942615918208,0.00046196710237872077,-0.0001502410616589657,-0.9011884559152984,0.00969982598358321,-0.8973085255218651
132.95862232907288,44,121.35000000000001,-8.35,90,32,90.00003038757863,0.000065101707707238,-0.19127602733016907,-0.2212939974486694,-0.7791231983302632,-2.537555480366621,-1.5257259964388126,-1.3699246515596946,0.00040033460759468856,-0.00017639799043757658,-0.14582228273633038,-0.5785821920901855,-0.3772551595724046
132.95862232907288,46,121.35000000000001,-8.35,90,32,90.00003038757863,0.00006405653347668627,-0.15949572095838205,-0.21946698297249428,-0.8885134539012397,-3.0977505501499216,-1.3878936632782706,-0.7470137278519726,0.00034974722917441303,-0.0002010506966636609,0.44093533021240666,-1.196634653445433,-0.03771853116576657
132.95862232907288,48,121.35000000000001,-8.35,90,32,90.00003038757863,0.00006345677836727681,-0.13214426735205903,-0.2181923059163533,-0.9638035317197661,-3.4185655562886708,-1.3595186304203006,-0.1637922895879549,0.00031061413524918063,-0.0002242146687776274,0.8535277449858246,-1.7905131775504017,0.13732247396566388
132.95862232907288,50,121.35000000000001,-8.35,90,32,90.00003038757863,0.00006324936336796205,-0.10895675840211944,-0.21707173886430559,-1.0080667384940674,-3.539970815685888,-1.412151793586476,0.3440618085737387,0.00028297369766127484,-0.000245890134925468,1.1070623037267904,-2.3189147773025156,0.1794963928057841
132.95862232907288,52,121.35000000000001,-8.35,90,32,90.00003038757863,0.00006337963723862527,-0.08953251111180255,-0.2158129901137289,-1.0257391282591155,-3.5097093020117125,-1.5149995245499182,0.7585159183717951,0.0002665391381923704,-0.0002660644452332221,1.22892812883828,-2.7568923984078735,0.12617116947513063
132.95862232907288,54,121.35000000000001,-8.35,90,32,90.00003038757863,0.00006379282912444273,-0.07340427090826834,-0.21423006295602065,-1.0217880471575562,-3.3741540429197454,-1.6407615795786061,1.0762811499677256,0.0002607485298629364,-0.00028471552832966626,1.2507920147567775,-3.094878279988989,0.012840702761181877
132.95862232907288,56,121.35000000000001,-8.35,90,32,90.00003038757863,0.00006443530618016613,-0.06009347331902354,-0.21222770295283272,-1.0010901086555337,-3.172931956125277,-1.7685374544531884,1.3041430342131897,0.0002648168379751348,-0.0003018159533837393,1.2028293856600003,-3.3350676858414436,-0.13119768867657733
132.95862232907288,58,121.35000000000001,-8.35,90,32,90.00003038757863,0.0000652556267019544,-0.0491475122056253,-0.20977914905537354,-0.9680462119064446,-2.9368710822484276,-1.8843545410099205,1.4543865992229084,0.0002777879041122172,-0.0003173371723865888,1.1105589216100082,-3.4871103864294177,-0.2842852329617589
132.95862232907288,60,121.35000000000001,-8.35,90,32,90.00003038757863,0.0000662053874170565,-0.040160548376614646,-0.20690383440405008,-0.9263980629285234,-2.6881678844182013,-1.9802792341856879,1.5412595022876596,0.00029858455807258924,-0.00033125358393280965,0.9937667474257383,-3.564339444059411,-0.4319690301980261
137.88301574866816,0,121.38148148148149,-8.318518518518518,90,32,90.00003038757863,0.003232103459737401,0.3231363362292214,0.6052137117709382,0.7833494990763865,0.3056675888425692,-0.000000000000009089951014118469,-0.00000000000000001871674171395707,0.00000000000000021656485174829992,0.004500607832280171,-0.1373661032342516,0.08583586869269344,-0.10303175575717423
137.88301574866816,2,121.38148148148149,-8.318518518518518,90,32,90.00003038757863,0.0031908277782552452,0.366742955267149,0.6070552750648366,0.8007807713037016,0.45538416320557135,-0.04254609961212593,-0.7087045150127658,0.005053541894484287,0.004475578435540453,-0.5344439898421204,0.7342593003093448,-0.24074026971838242
137.88301574866816,4,121.38148148148149,-8.318518518518518,90,32,90.00003038757863,0.003126264293828951,0.4139929977352048,0.6092653498056171,0.8337533500221957,0.7918316203779145,-0.18918165857268782,-1.3738521118269598,0.009589352957517696,0.00435853997171982,-1.0431215760987171,1.3211111214537778,-0.514677127517206
137.88301574866816,6,121.38148148148149,-8.318518518518518,90,32,90.00003038757863,0.00304127118074507,0.4646324576694254,0.6123134591749805,0.8857780121881221,1.37933764367581,-0.4927417387789507,-2.032363407066178,0.013547909170828435,0.004161735262956157,-1.7322363839462305,1.8596412897523598,-0.9883798680452865
137.88301574866816,8,121.38148148148149,-8.318518518518518,90,32,90.00003038757863,0.002938908558057146,0.5183951276938681,0.6168274731359367,0.9595527411960536,2.2586266820498047,-0.9858848543434696,-2.630831576373811,0.01688967801567803,0.0038974428135942867,-2.611354487674311,2.2897965500242448,-1.6954358676646133
137.88301574866816,10,121.38148148148149,-8.318518518518518,90,32,90.00003038757863,0.002822353449837056,0.5747214817476141,0.6234495402429467,1.0521444862754097,3.38938684966743,-1.6428565762760063,-3.0773083447046226,0.019594898307466073,0.003577618141165704,-3.610478411282076,2.536136394766661,-2.596023853375412
137.88301574866816,12,121.38148148148149,-8.318518518518518,90,32,90.00003038757863,0.002694817059845339,0.6327104335640115,0.6326267628798232,1.1540769613380373,4.648863771895381,-2.381658262499651,-3.302165205450627,0.021662648654429892,0.003213563519413079,-4.6070696302845295,2.5605801778813397,-3.5828375591319936
137.88301574866816,14,121.38148148148149,-8.318518518518518,90,32,90.00003038757863,0.0025594669860517782,0.6912768515763295,0.6444631747501893,1.2516340543349402,5.873287519032378,-3.096191105456743,-3.295809753520687,0.023109316566858173,0.0028156458441200368,-5.475644903900576,2.3848220756282292,-4.521716073649284
137.88301574866816,16,121.38148148148149,-8.318518518518518,90,32,90.00003038757863,0.0024193565531873684,0.7493953642522323,0.658698478162401,1.3305381186461798,6.9110093566891715,-3.6946170596962755,-3.1098217445737437,0.023966593624570494,0.002393078434824737,-6.12939307474471,2.0786851102873065,-5.297919030629788
137.88301574866816,18,121.38148148148149,-8.318518518518518,90,32,90.00003038757863,0.002277362954951373,0.8063007339713468,0.6747983127108156,1.3791193621876734,7.658631977258455,-4.122756924159008,-2.830655414993381,0.024279127198197047,0.001953777360319245,-6.535398771669992,1.7298032789290305,-5.843477460098379
137.88301574866816,20,121.38148148148149,-8.318518518518518,90,32,90.00003038757863,0.002136135400015976,0.861573034457623,0.6920913634368341,1.3899605730348719,8.069595383822714,-4.3660518163186826,-2.5463831165506763,0.0241019572056074,0.0015042969193473038,-6.704803730065359,1.4147313064092986,-6.13891120750164
137.88301574866816,22,121.38148148148149,-8.318518518518518,90,32,90.00003038757863,0.001998053971527386,-0.6838861792955058,-0.28927264788073215,1.3600405662453279,8.142483905946923,-4.437260563717566,-2.3226292302664677,0.02349785868513858,0.001049842838823277,-6.671473366160121,1.1828784902984077,-6.198321970040758
137.88301574866816,24,121.38148148148149,-8.318518518518518,90,32,90.00003038757863,0.0018651994573890829,-0.6319750956661,-0.2715981009557229,1.2899868404424455,7.902701612107193,-4.361098504288068,-2.1926395265467526,0.02253469905213159,0.0005943561457782367,-6.472505178524464,1.0534848455419015,-6.051111240307703
137.88301574866816,26,121.38148148148149,-8.318518518518518,90,32,90.00003038757863,0.0017393340022703596,-0.5814818841685601,-0.25459144645756954,1.183086050462171,7.38761639435092,-4.163323366873854,-2.158339581931087,0.021282904165711262,0.00014065600526775053,-6.137111750498056,1.0202499250601986,-5.729011780473976
137.88301574866816,28,121.38148148148149,-8.318518518518518,90,32,90.00003038757863,0.0016218920814333737,-0.5322164537242204,-0.2387082121628557,1.0444464184580475,6.638841907493207,-3.8663604375036154,-2.1971511780835145,0.019813110991571632,-0.0003093735594686452,-5.684174352028601,1.0584383330616778,-5.26079901880393
137.88301574866816,30,121.38148148148149,-8.318518518518518,90,32,90.00003038757863,0.0015139810065493697,-0.48408697536791073,-0.22432112896598644,0.8804259124216264,5.700688737174366,-3.4900423302681767,-2.2708263596957825,0.018194067712930077,-0.0007545700436655134,-5.1257519461303405,1.1318527567944796,-4.673010843412548
137.88301574866816,32,121.38148148148149,-8.318518518518518,90,32,90.00003038757863,0.0014163899467899421,-0.4371467853031149,-0.21172009897134286,0.6982592194012247,4.6218288735318716,-3.054774395211774,-2.334577199508337,0.01649082540204445,-0.0011942692915069544,-4.473253948842016,1.199230637521958,-3.9935616938332332
137.88301574866816,34,121.38148148148149,-8.318518518518518,90,32,90.00003038757863,0.001329606284134477,-0.39160539016104934,-0.20110297823706752,0.5057487290184794,3.457035613694766,-2.5845259491859123,-2.345832358708011,0.014763249400302717,-0.0016280891046224976,-3.7434050098924456,1.220451854518712,-3.2552242680849606
137.88301574866816,36,121.38148148148149,-8.318518518518518,90,32,90.00003038757863,0.0012538380175442232,-0.3478059368088757,-0.1925608732284067,0.3109014298557145,2.2666679863742134,-2.1077876514145273,-2.2719619622544123,0.013064863777135123,-0.002055733734327469,-2.9618299188303796,1.1626484853145835,-2.496770524704546
137.88301574866816,38,121.38148148148149,-8.318518518518518,90,32,90.00003038757863,0.0011890408823642118,-0.30617542323027813,-0.18606607703349415,0.1214608661733211,1.1129452833853102,-1.6557428206120643,-2.0958959397122214,0.011442028928442366,-0.0024768302689272548,-2.163020504450433,1.0055235340372626,-1.760811090835528
137.88301574866816,40,121.38148148148149,-8.318518518518518,90,32,90.00003038757863,0.0011349488539057762,-0.2671585947878762,-0.18147117630970128,-0.05563294717951948,0.05365354341019247,-1.2581617571502517,-1.8184460456297906,0.009933440723840625,-0.0028908043129657578,-1.3866801746707982,0.7446233836172194,-1.0888308212239104
137.88301574866816,42,121.38148148148149,-8.318518518518518,90,32,90.00003038757863,0.0010911067515718686,-0.23114998852455843,-0.1785243368851494,-0.21475747049340752,-0.8647960100763339,-0.9385452042647981,-1.4567359288932835,0.008569929747395,-0.003296798583873133,-0.671733672826775,0.3914702133332202,-0.5151455874934869
137.88301574866816,44,121.38148148148149,-8.318518518518518,90,32,90.00003038757863,0.0010569037454451757,-0.1984386241421438,-0.17689993692643752,-0.35197809924797124,-1.6126449423125138,-0.7103581346225598,-1.039283698430609,0.007374531184356805,-0.003693634457778293,-0.050106985672171055,-0.029631286592475936,-0.06195950030916143
137.88301574866816,46,121.38148148148149,-8.318518518518518,90,32,90.00003038757863,0.0010316066837607607,-0.16917556058099592,-0.17623828425586896,-0.4651913376479214,-2.1787695309371404,-0.575650164773056,-0.5993482578001568,0.006362789837405739,-0.0040798133579252336,0.4577000838011867,-0.4871385645919746,0.2628446579643969
137.88301574866816,48,121.38148148148149,-8.318518518518518,90,32,90.00003038757863,0.0010143922996405652,-0.1433674477891302,-0.17618555340633424,-0.5540237293010466,-2.5690723157197453,-0.5262882685828006,-0.1685350368358955,0.005543260623402953,-0.004453552397257528,0.8441401686039097,-0.9484532117574315,0.4647588839009371
137.88301574866816,50,121.38148148148149,-8.318518518518518,90,32,90.00003038757863,0.001004377511249932,-0.12089224381201746,-0.17642606691620744,-0.6195360965668201,-2.802241555207603,-0.5470410284814525,0.22779273343970746,0.00491816267467908,-0.004812846976437697,1.1133381615394224,-1.3850726238802127,0.5593091119873373
137.88301574866816,52,121.38148148148149,-8.318518518518518,90,32,90.00003038757863,0.001000647193633103,-0.10152896316007709,-0.17670251294286077,-0.6638213374797013,-2.904439001895321,-0.6193064701826753,0.5726795313744695,0.004484144762872105,-0.00515555212978971,1.2779779366991955,-1.7757256050298178,0.5676876946872683
137.88301574866816,54,121.38148148148149,-8.318518518518518,90,32,90.00003038757863,0.0010022789657604947,-0.08499249858465091,-0.1768236597839577,-0.6895868311588066,-2.904344655715132,-0.7244186348664491,0.8575810020083166,0.0042331210339551124,-0.005479474258715905,1.3555910283264854,-2.107362009277746,0.512646224615387
137.88301574866816,56,121.38148148148149,-8.318518518518518,90,32,90.00003038757863,0.0010083646962612547,-0.07096638548225964,-0.17666201168101042,-0.6997891816779565,-2.829421908962526,-0.8459401488214024,1.0809554317958365,0.004153138785327869,-0.005782465389476244,1.365230467249816,-2.374486748390666,0.4154357678935494
137.88301574866816,58,121.38148148148149,-8.318518518518518,90,32,90.00003038757863,0.0010180285802677824,-0.05912931733444787,-0.17614507527389633,-0.6973563321291278,-2.703649812107831,-0.9708340738827275,1.2462578035957097,0.004229243970060269,-0.006062513094325849,1.3250456933759414,-2.5775628258510292,0.2940205630355297
137.88301574866816,60,121.38148148148149,-8.318518518518518,90,32,90.00003038757863,0.0010304417732452942,-0.04917396531186208,-0.17524375541697507,-0.6850035180862789,-2.5465400470874253,-1.0897233329034914,1.359951294516855,0.004444314978232482,-0.006317820556847518,1.2508524994087284,-2.721134609934899,0.16239865543476872
142.8074091682635,0,121.41296296296296,-8.287037037037036,90,32,90.00003038757863,0.006522144075452735,0.32118352551431123,0.6789315267955549,0.4827748142096233,-1.067624797123758,0.00000000000003119032809806299,0.00000000000000006537316452439765,0.00000000000000016501664217622667,-0.0035587723510436455,0.47978740466784947,-0.29980444523405764,0.3598656265742264
142.8074091682635,2,121.41296296296296,-8.287037037037036,90,32,90.00003038757863,0.006437397094045144,0.3656226639330718,0.679773877563304,0.5501099224085202,-0.8283316919361949,0.07401503725796178,-0.7174238282108669,0.010484854879728644,-0.003075660164561408,0.09101402206177252,0.4654393233690748,0.27718975140940244
142.8074091682635,4,121.41296296296296,-8.287037037037036,90,32,90.00003038757863,0.006304045217973786,0.4141253406000792,0.6804958834106593,0.5978255994420341,-0.6455370314821469,0.1488497525539237,-1.6064416407064996,0.019901801284647348,-0.0026983901907614415,-0.34722261802069165,1.3696346656859455,0.2006312482536866
142.8074091682635,6,121.41296296296296,-8.287037037037036,90,32,90.00003038757863,0.006127979757112184,0.4674466256304054,0.6814966353967782,0.6662836469111895,-0.11841870418993782,-0.017779219962181254,-2.6982546487818904,0.028125699220081738,-0.0024191519670684,-1.137609913422152,2.379134974704745,-0.18595592354025392
142.8074091682635,8,121.41296296296296,-8.287037037037036,90,32,90.00003038757863,0.0059155136753461235,0.5259414749405241,0.6839102143984157,0.7824384410053613,0.9938357583688197,-0.561965448025357,-3.772712510517635,0.035073204815783465,-0.0022295846672522194,-2.3530207569084833,3.2658175185119425,-1.0466937495037063
142.8074091682635,10,121.41296296296296,-8.287037037037036,90,32,90.00003038757863,0.005673204163077095,0.5888419380390195,0.6890535600374994,0.9486228798741775,2.645424887814062,-1.4317753642104258,-4.534224908444781,0.04070226699729871,-0.0021212217914275593,-3.8199550478615105,3.7884956390090267,-2.3045567922579
142.8074091682635,12,121.41296296296296,-8.287037037037036,90,32,90.00003038757863,0.005407680368276713,0.654289581201078,0.697786118718072,1.1443379630847381,4.545651916095655,-2.421722961262606,-4.792053156745282,0.045010115298356274,-0.002085921362383266,-5.231815387678517,3.8418852666998378,-3.6950612809985817
142.8074091682635,14,121.41296296296296,-8.287037037037036,90,32,90.00003038757863,0.005125481831079526,0.719950533313092,0.7101468864607126,1.3375661143523654,6.321988673168266,-3.2905011303316956,-4.5498573354196665,0.04802998392164157,-0.0021162425339711507,-6.314350502799722,3.4982093666747773,-4.915066756129811
142.8074091682635,16,121.41296296296296,-8.287037037037036,90,32,90.00003038757863,0.004832912185368826,0.7837633341276895,0.7254192387389815,1.4980913408242422,7.68761519670236,-3.875169889875894,-3.96899266663096,0.049826846181129696,-0.0022057361310012565,-6.936173087124863,2.939133952746718,-5.760519506026176
142.8074091682635,18,121.41296296296296,-8.287037037037036,90,32,90.00003038757863,0.0045359116259184595,0.8444075799494826,0.7424827126349556,1.6060128981109119,8.516380955541079,-4.132002317914404,-3.2624546239518453,0.050492443606014466,-0.0023491263667476934,-7.114311788964365,2.3521209708362103,-6.17346340062988
142.8074091682635,20,121.41296296296296,-8.287037037037036,90,32,90.00003038757863,0.004239950556149841,-0.697622435931798,-0.23897416585488146,1.6535166110689148,8.82015780562612,-4.106702720977397,-2.604243711521447,0.05013988799230861,-0.002542372501056388,-6.9509179649285295,1.8640249486370624,-6.205307985473705
142.8074091682635,22,121.41296296296296,-8.287037037037036,90,32,90.00003038757863,0.003949945783873865,-0.6442388848461555,-0.22157231414129863,1.6422018714271573,8.68480099930253,-3.8810217532127074,-2.092850973658765,0.04889809586812213,-0.002782611132013394,-6.564488842561284,1.5286845527766306,-5.953015021450631
142.8074091682635,24,121.41296296296296,-8.287037037037036,90,32,90.00003038757863,0.0036701996632670375,-0.5940060913072144,-0.20515077446192065,1.5791724411765642,8.214713054808533,-3.532930770841319,-1.7575083970655097,0.04690628666482165,-0.003067990881518615,-6.049797157740284,1.3456151776270038,-5.511551086689482
142.8074091682635,26,121.41296296296296,-8.287037037037036,90,32,90.00003038757863,0.0034043617216567845,-0.546396369863019,-0.19014718282622528,1.473847707733993,7.503225256819439,-3.119743187399206,-1.5811208177513263,0.04430874165925638,-0.0033974203880239376,-5.46704816281653,1.2844415825865239,-4.9532715297819205
142.8074091682635,28,121.41296296296296,-8.287037037037036,90,32,90.00003038757863,0.0031554115793480386,-0.5009383351857541,-0.17682497152467586,1.3360276451250785,6.624205948133978,-2.677458209991238,-1.522566859931657,0.04124998337721772,-0.003770257013395785,-4.847589583062034,1.3030573058482562,-4.326366660722732
142.8074091682635,30,121.41296296296296,-8.287037037037036,90,32,90.00003038757863,0.0029256613800081877,-0.45729721392832673,-0.16533111243289245,1.174984624333585,5.634806563124311,-2.2271443058998015,-1.5325857288998628,0.03787049701487385,-0.004185967107977852,-4.204978698427147,1.3580838479637785,-3.6617451592416357
142.8074091682635,32,121.41296296296296,-8.287037037037036,90,32,90.00003038757863,0.002716775500422014,-0.4153022375311588,-0.15573310582843758,0.9991647119052383,4.581587228811593,-1.7822724483760113,-1.563655890615039,0.0343030783864126,-0.0046437890090597015,-3.5453612373554453,1.41019576281646,-2.9812829322288614
142.8074091682635,34,121.41296296296296,-8.287037037037036,90,32,90.00003038757863,0.0025298049980208848,-0.3749391969770974,-0.14803602612344868,0.8161531163823879,3.5058174318828303,-1.3541746583389003,-1.575860443766194,0.03066985827330395,-0.005142427436641979,-2.874877743028864,1.4269552184392107,-2.3040956556531795
142.8074091682635,36,121.41296296296296,-8.287037037037036,90,32,90.00003038757863,0.0023652340741061595,-0.33632094655020256,-0.1421866598042646,0.6326923523825984,2.4463000225914593,-0.954820431100985,-1.5402687316813037,0.027080021727857017,-0.005679803111170527,-2.2036627913089117,1.38464762465469,-1.6498037414470357
142.8074091682635,38,121.41296296296296,-8.287037037037036,90,32,90.00003038757863,0.002223035768604137,-0.2996450494556153,-0.13807295338268905,0.4546583075182854,1.4395727124169588,-0.597143058585242,-1.440515801703488,0.023628213421556556,-0.006252874935916582,-1.5467745808352404,1.2695231389780075,-1.0389653252440374
142.8074091682635,40,121.41296296296296,-8.287037037037036,90,32,90.00003038757863,0.0021027341446282766,-0.26514627559293824,-0.13552551313760586,0.28698048721342223,0.5181881087129664,-0.29367042996754533,-1.2727292133445967,0.020393596825561237,-0.006857544729298327,-0.9227745864071067,1.078232599561916,-0.49148154658234033
142.8074091682635,42,121.41296296296296,-8.287037037037036,90,32,90.00003038757863,0.0020034703529440423,-0.23305109259923645,-0.1343250836950025,0.13353897090562106,-0.2918181962956612,-0.054438420313572454,-1.0438740760061893,0.017439515990345607,-0.007488647022795169,-0.3509265210684226,0.8171297186066915,-0.024074633625745967
142.8074091682635,44,121.41296296296296,-8.287037037037036,90,32,90.00003038757863,0.001924070171495068,-0.20354034854912023,-0.1342167346164932,-0.002913546845514682,-0.9731381116404995,0.11487441130106271,-0.7688206855725154,0.014813693958051401,-0.008140019541236863,0.1519207743992377,0.5003562533958874,0.35206327575759266
142.8074091682635,46,121.41296296296296,-8.287037037037036,90,32,90.00003038757863,0.0018631108771151594,-0.17672440139874418,-0.13492879180118628,-0.12076424728052895,-1.518260385919308,0.21393363494659726,-0.4667346894343859,0.012548891312233624,-0.008804644198520627,0.5738398073222662,0.14700692427264644,0.6326425770313249
142.8074091682635,48,121.41296296296296,-8.287037037037036,90,32,90.00003038757863,0.0018189856090377043,-0.15263221545804956,-0.1361930461925594,-0.21946894925861,-1.9290905134659462,0.24762288573012717,-0.15752933486924625,0.010663941888912065,-0.00947484414270772,0.9091521992095845,-0.22204321105159644,0.8203349147889458
142.8074091682635,50,121.41296296296296,-8.287037037037036,90,32,90.00003038757863,0.0017899637109063393,-0.13121317677227434,-0.1377626771962857,-0.2994038223475501,-2.215315307889591,0.22497298244861363,0.14098256490770247,0.009165080009060338,-0.010142519750977883,1.1584609749877046,-0.5870094645257595,0.9236571891774008
142.8074091682635,52,121.41296296296296,-8.287037037037036,90,32,90.00003038757863,0.0017742458747058432,-0.11234837106403289,-0.13942534042288995,-0.3616651446703365,-2.392025398186362,0.15755962129659337,0.41488169769934097,0.00804747443372087,-0.010799405508251462,1.3276480769697743,-0.9312938338420449,0.9551305434329562
142.8074091682635,54,121.41296296296296,-8.287037037037036,90,32,90.00003038757863,0.0017700132425352566,-0.09586723517609141,-0.14101037168189068,-0.4078496287373572,-2.4771822436582025,0.057826492867307365,0.6548494618586327,0.0072968881902990565,-0.011437330251174913,1.4262924829253232,-1.242615329460691,0.9292463511410467
142.8074091682635,56,121.41296296296296,-8.287037037037036,90,32,90.00003038757863,0.0017754699384115447,-0.08156576061631421,-0.1423904426553943,-0.43984505880468816,-2.489395079505811,-0.06231955035930641,0.8560017997908971,0.006891389989995938,-0.01204846505445661,1.4659670018994997,-1.5132466946781582,0.8606683240282363
142.8074091682635,58,121.41296296296296,-8.287037037037036,90,32,90.00003038757863,0.00178887879220882,-0.06922339161842817,-0.14347890113729095,-0.4596519955523672,-2.446264598340889,-0.19246744447296088,1.0171715634327005,0.006803051597690132,-0.012625545742181454,1.4587483898660383,-1.7395939451995304,0.7629108117862261
142.8074091682635,60,121.41296296296296,-8.287037037037036,90,32,90.00003038757863,0.0018085902736573733,-0.05861694454671612,-0.1442243645594592,-0.46924666780801794,-2.3633516256087357,-0.32419727492187556,1.1399522921743321,0.006999575624397366,-0.013162060260280597,1.4161120816988793,-1.9214035679414159,0.6475506545223129
147.73180258785877,0,121.44444444444444,-8.255555555555555,90,32,90.00003038757863,0.009913931511241147,0.3143826109861961,0.7553539222913362,0.3617028949718625,-1.7197714731439184,0.00000000000013253287356462806,0.0000000000000001053056314925314,0.000000000000000018843857140296816,-0.024441698317763987,0.7728601736590689,-0.48293664012324367,0.5796855176097714
147.73180258785877,2,121.44444444444444,-8.255555555555555,90,32,90.00003038757863,0.009780902861962676,0.358730804124488,0.7553846481048992,0.35260922758659435,-2.066672173460372,0.3638778869714535,-0.14962591399867317,0.016606276947252127,-0.02291708194751716,1.0266902643550917,-0.18417275391050017,0.9530211627908917
147.73180258785877,4,121.44444444444444,-8.255555555555555,90,32,90.00003038757863,0.009570405487369787,0.40596154119111927,0.7535697557395825,0.26752301457475436,-2.8978299700103594,0.9339467040503412,-1.298523916020171,0.031514326480847135,-0.021414566960380934,1.1527535923050525,1.0250340991398132,1.5627672319609778
147.73180258785877,6,121.44444444444444,-8.255555555555555,90,32,90.00003038757863,0.009291802383397496,0.460676957514698,0.7504449172863448,0.2588418642676619,-2.901779951580549,1.0048718472193976,-3.3036508255196466,0.044521064182487365,-0.019949923627372076,0.30741246225756896,2.8771293554205832,1.4582642044258023
147.73180258785877,8,121.44444444444444,-8.255555555555555,90,32,90.00003038757863,0.008955135526271113,0.5253778484923876,0.7486761939220843,0.4139586059783603,-1.3637517131877175,0.20778359692510814,-5.424224903892704,0.05549169393858529,-0.018537456520577842,-1.6715804315905671,4.641734859331973,0.18511351214222227
147.73180258785877,10,121.44444444444444,-8.255555555555555,90,32,90.00003038757863,0.00857083671121106,0.5987812305433717,0.7514069677414266,0.7314448122593163,1.5416599051947082,-1.2922068609751798,-6.773502059703849,0.06435871127775614,-0.01719020431772983,-4.242839188187393,5.591567133900054,-2.0062123346273713
147.73180258785877,12,121.44444444444444,-8.255555555555555,90,32,90.00003038757863,0.008149447785245179,0.6763453515451141,0.7603757149993242,1.135757602802707,4.910893027748717,-2.8974732744763525,-6.87867932756953,0.07111838888078008,-0.01592019298868482,-6.524471153563063,5.477744657429036,-4.333373290591448
147.73180258785877,14,121.44444444444444,-8.255555555555555,90,32,90.00003038757863,0.00770135947017439,0.7526309011142136,0.775041898857417,1.5273512291716684,7.749642547532684,-4.01555608660098,-5.92765113737059,0.07582517748749129,-0.01473868098349312,-7.885756508043293,4.616018972549792,-6.039348919023377
147.73180258785877,16,121.44444444444444,-8.255555555555555,90,32,90.00003038757863,0.007236576237086678,0.8236548679659115,0.7932533580297063,1.8323478372541357,9.530178454867638,-4.4177140426340324,-4.489419707932309,0.07858450307546122,-0.013656343387402582,-8.236173472553618,3.534119096234218,-6.822525834059931
147.73180258785877,18,121.44444444444444,-8.255555555555555,90,32,90.00003038757863,0.006764512828464825,-0.7112592158865645,-0.18659467827660214,2.0206459852240632,10.24827824574854,-4.223352634687961,-3.085170711618997,0.07954445420090386,-0.012683356197008432,-7.855957700020786,2.61342316046742,-6.810588435833818
147.73180258785877,20,121.44444444444444,-8.255555555555555,90,32,90.00003038757863,0.006293826146273357,-0.6540037954494677,-0.16802169847861814,2.0960856747813277,10.166703109067322,-3.682784999634728,-1.9913838875794516,0.078886837220462,-0.01182935950909182,-7.096884005496607,1.996195044442093,-6.29840598771977
147.73180258785877,22,121.44444444444444,-8.255555555555555,90,32,90.00003038757863,0.005832284432349594,-0.6025520531068814,-0.15123947524487558,2.0788411317863345,9.5798291811493,-3.0122518422177156,-1.2713489248642602,0.07681803828601928,-0.011103297013303043,-6.216166450991734,1.666467014565447,-5.549579645165555
147.73180258785877,24,121.44444444444444,-8.255555555555555,90,32,90.00003038757863,0.00538667403580681,-0.5556611526634233,-0.13668254705956684,1.992601780148899,8.711491807081002,-2.3430161559581437,-0.8750766585333297,0.07356007628662198,-0.010513146461814065,-5.351471365342111,1.5477628498333251,-4.732366225408781
147.73180258785877,26,121.44444444444444,-8.255555555555555,90,32,90.00003038757863,0.004962742642666412,-0.5122221828739235,-0.12442470137961853,1.8584694147884069,7.703796221060684,-1.7345732341077107,-0.7153257112889693,0.06934216663815156,-0.010065569907801258,-4.555153322940651,1.5587875630071442,-3.931638297737793
147.73180258785877,28,121.44444444444444,-8.255555555555555,90,32,90.00003038757863,0.0045651766661158055,-0.4713881589837148,-0.11437013950438174,1.6932317956513632,6.638738359545277,-1.203177511449417,-0.7057750869274164,0.06439304747048277,-0.009765522194485794,-3.8335251141523705,1.6332920435088631,-3.180208296748825
147.73180258785877,30,121.44444444444444,-8.255555555555555,90,32,90.00003038757863,0.004197609574072253,-0.4325861175001391,-0.10636320795793452,1.5096274723905125,5.562411160772443,-0.7450007916813249,-0.7747359706297777,0.05893425173485754,-0.009615860812670919,-3.174154080323709,1.7225395569672632,-2.485138257536804
147.73180258785877,32,121.44444444444444,-8.255555555555555,90,32,90.00003038757863,0.003862657261996194,-0.3954819939185463,-0.10023802768543211,1.3172118675794475,4.5025738827215065,-0.3502575491548864,-0.8676422149807108,0.05317444433403221,-0.009616999827526281,-2.5611973387346465,1.792319183942927,-1.8442696651574755
147.73180258785877,34,121.44444444444444,-8.255555555555555,90,32,90.00003038757863,0.0035619761501066993,-0.3599310107646678,-0.0958329795646996,1.1232137276507612,3.4790990018710084,-0.01025361966488047,-0.9457110173217705,0.04730488481179238,-0.009766645649056556,-1.9826771280529552,1.8196063678643188,-1.2548345809072274
147.73180258785877,36,121.44444444444444,-8.255555555555555,90,32,90.00003038757863,0.003296339474526344,-0.3259266253739668,-0.09298843004821056,0.9331849015575346,2.509093916102819,0.2800581472770757,-0.9838333320763111,0.04149602479732036,-0.010059643946135078,-1.4330062065267184,1.7902670900037998,-0.7168993705251985
147.73180258785877,38,121.44444444444444,-8.255555555555555,90,32,90.00003038757863,0.0030657272257080814,-0.29355267232383697,-0.09153922411447263,0.7514259868144535,1.608564100426358,0.5220805299357435,-0.9685522775683953,0.03589520596698172,-0.010487956203291097,-0.9128478740144674,1.6977098114072915,-0.23376394945155077
147.73180258785877,40,121.44444444444444,-8.255555555555555,90,32,90.00003038757863,0.002869425336159942,-0.2629406113659982,-0.09130842950552293,0.5812349951700456,0.7920931075541001,0.7148477137479321,-0.8961314343712851,0.030625388944017402,-0.011040772613060064,-0.4275520314650274,1.541976932631968,0.18923874158775977
147.73180258785877,42,121.44444444444444,-8.255555555555555,90,32,90.00003038757863,0.002706130003258561,-0.23423327049053955,-0.09210534289700312,0.42504113221488365,0.07164536593399144,0.8567181021234945,-0.7705349805961809,0.025784816149170275,-0.011704756450918114,0.015029032627463622,1.3288106048919501,0.5465532745842436
147.73180258785877,44,121.44444444444444,-8.255555555555555,90,32,90.00003038757863,0.0025740534220113076,-0.20755637431157392,-0.09372837158910441,0.28448022667190975,-0.5447089023016728,0.9469122611497885,-0.6012442436009885,0.021447491770162433,-0.012464404880452515,0.40676196880461807,1.06843826594281,0.8341372751817421
147.73180258785877,46,121.44444444444444,-8.255555555555555,90,32,90.00003038757863,0.0024710276680507404,-0.18299875441272906,-0.09597182696215634,0.16045438629114134,-1.0536338783050256,0.9865546176862731,-0.40100166633896145,0.017664349230157098,-0.013302503098448725,0.7410670647414471,0.7740581652789218,1.050690330853016
147.73180258785877,48,121.44444444444444,-8.255555555555555,90,32,90.00003038757863,0.002394603985488325,-0.16060135917719048,-0.09863482703568494,0.05320183105566947,-1.4566990491200116,0.9790891678627722,-0.1836869198454121,0.014464970213022168,-0.014200643348897635,1.014112917534917,0.4601814063185016,1.1981854800623177
147.73180258785877,50,121.44444444444444,-8.255555555555555,90,32,90.00003038757863,0.0023421452720975844,-0.14035424157612325,-0.10153033629035191,-0.037612754550342166,-1.7598886956191728,0.9301190927939326,0.03745254205716764,0.01185971878645973,-0.015139777781466945,1.2252995965844198,0.14106397630672995,1.2817251871071118
147.73180258785877,52,121.44444444444444,-8.255555555555555,90,32,90.00003038757863,0.0023109100926930193,-0.12219990774934553,-0.1044927195480812,-0.11278900957350638,-1.9726256011876238,0.8468397240291331,0.2510610419544286,0.009842158728327388,-0.016100774277531007,1.3771172319494513,-0.17055898437189665,1.3088936382006926
147.73180258785877,54,121.44444444444444,-8.255555555555555,90,32,90.00003038757863,0.0022981270705179635,-0.106040972062935,-0.1073828229908445,-0.1734715842225999,-2.1065580203911027,0.7372791140390521,0.44837716599431215,0.008391631016142471,-0.01706494685066176,1.4745675464154766,-0.464310107517451,1.2888435034084962
147.73180258785877,56,121.44444444444444,-8.255555555555555,90,32,90.00003038757863,0.0023010589891941935,-0.09175004257771857,-0.11009027870539423,-0.22103181107746536,-2.1743476717153634,0.6095397214514693,0.623434851902654,0.007475880732714207,-0.018014536519679374,1.5243665498240249,-0.7325555537403554,1.2313443283278827
147.73180258785877,58,121.44444444444444,-8.255555555555555,90,32,90.00003038757863,0.0023170563711180925,-0.07918007259723642,-0.11253327964970361,-0.25696019522304464,-2.188631614340371,0.4711746629089988,0.7728855971942329,0.007053637473042018,-0.018933124038272922,1.5341197602353343,-0.970402284946942,1.1459588462565575
147.73180258785877,60,121.44444444444444,-8.255555555555555,90,32,90.00003038757863,0.002343600672666063,-0.06817390720892652,-0.11465640503374719,-0.28277637691084284,-2.161248308492318,0.32876202774277535,0.8955868774839392,0.007077069790643686,-0.019805961924342398,1.5116026704978756,-1.1754169504949803,1.0414358902998835
152.65619600745404,0,121.47592592592592,-8.224074074074073,90,32,90.00003038757863,0.013259593322810431,0.3099804628196848,0.8334313872584727,1.0245413915922088,0.7742253694313258,-0.000000000000033306690738754696,-0.0000000000000044882997295252635,-0.00000000000000006580526216877416,-0.058525884733348604,-0.34793459271797633,0.21741365318023922,-0.26096913144588063
152.65619600745404,2,121.47592592592592,-8.224074074074073,90,32,90.00003038757863,0.01307359121238974,0.34709635870065003,0.8340059912546323,0.34720126613606284,-2.669872306324003,0.7999740677155545,1.5187334104261465,0.023453407619322533,-0.05538655109723441,2.225107511959738,-1.5394373994260524,1.6093325521893171
152.65619600745404,4,121.47592592592592,-8.224074074074073,90,32,90.00003038757863,0.012777442667632533,0.38396812797056906,0.8286152889269003,-0.38621682044648,-6.799497086432629,2.091130251633053,-0.019403912224122546,0.044478101392673094,-0.05205362836438023,3.9869153097698455,-0.38804604568674655,3.831696891495147
152.65619600745404,6,121.47592592592592,-8.224074074074073,90,32,90.00003038757863,0.012384531714653646,0.43527738812850364,0.8183840243436781,-0.7684434601995406,-8.647077376999619,2.5307362527792443,-3.990591475709163,0.062776569674989,-0.048591736792541286,3.2739159670777207,2.978564787209786,4.465341881961635
152.65619600745404,8,121.47592592592592,-8.224074074074073,90,32,90.00003038757863,0.011909228642610903,0.5095217651850716,0.8093697420412846,-0.5545262287018725,-6.153525380826508,1.035035524982575,-8.582970168016626,0.07815304152675205,-0.045062748255630364,-0.532008651425786,6.7307064026760655,2.16027390964464
152.65619600745404,10,121.47592592592592,-8.224074074074073,90,32,90.00003038757863,0.011366460452754301,0.6037432879584723,0.8096271297516586,0.2111015877893015,0.23050281092963795,-2.1276224318424592,-11.005381857260994,0.09051163095601615,-0.04152522074398096,-5.884176382314443,8.426144846625501,-2.5137184436642426
152.65619600745404,12,121.47592592592592,-8.224074074074073,90,32,90.00003038757863,0.010771297262990864,0.7043058670915037,0.8227329966085928,1.1915658575511787,7.148996900926953,-4.953257180886178,-9.95245524556066,0.09985061222091758,-0.03803404124358401,-9.801586232728358,7.390437880500613,-6.8454110805281125
152.65619600745404,14,121.47592592592592,-8.224074074074073,90,32,90.00003038757863,0.01013856868389948,0.7970591792337604,0.8448741558685349,2.0249904000692176,11.613362195465223,-5.905151393486438,-6.853435982597706,0.10625354493216466,-0.03464018988972807,-10.87711650554141,5.174127412826303,-8.807465540410888
152.65619600745404,16,121.47592592592592,-8.224074074074073,90,32,90.00003038757863,0.009482521310087783,-0.723472536142614,-0.1297578843036452,2.5510660494091857,13.205400107709458,-5.210452285527753,-3.740099902292594,0.10987803746569494,-0.031390546013362344,-9.915581185797805,3.3225642694746456,-8.586555478007947
152.65619600745404,18,121.47592592592592,-8.224074074074073,90,32,90.00003038757863,0.00881652542217426,-0.6588994020813197,-0.10747807751519611,2.7877204042604182,12.93906436335355,-3.815165721266837,-1.5519109671239495,0.11094294712043003,-0.028327674661894727,-8.209614173423805,2.2845121307991936,-7.2958093211041275
152.65619600745404,20,121.47592592592592,-8.224074074074073,90,32,90.00003038757863,0.008152835972764505,-0.6050891017233246,-0.08924602083196631,2.816830687812482,11.815525757368555,-2.396306905960224,-0.3202397221487837,0.10971477621042017,-0.02548955634920261,-6.52713920315547,1.8824102900610384,-5.774175087131055
152.65619600745404,22,121.47592592592592,-8.224074074074073,90,32,90.00003038757863,0.007502410097837003,-0.5588221177653813,-0.07514777148986396,2.71627103078133,10.416585941226817,-1.227082634640835,0.226352485775732,0.10649394730447789,-0.022909248990825692,-5.133403652103286,1.8391832134952226,-4.397730366705197
152.65619600745404,24,121.47592592592592,-8.224074074074073,90,32,90.00003038757863,0.0068747808725005966,-0.5176334792229579,-0.06461661264111901,2.5416298694861164,9.0040848705815,-0.3494058647277879,0.35637984457841776,0.1016015406526981,-0.020614495418451086,-4.0472043028356675,1.9568771903394797,-3.2644534266998755
152.65619600745404,26,121.47592592592592,-8.224074074074073,90,32,90.00003038757863,0.006277984893935801,-0.4798483666909912,-0.05697881819353301,2.328384858910127,7.672428058004317,0.2822825747009924,0.26116904876467073,0.09536696387616135,-0.018627309540821254,-3.2066204535543625,2.122804855018452,-2.3574985115469818
152.65619600745404,28,121.47592592592592,-8.224074074074073,90,32,90.00003038757863,0.005718539563325076,-0.44440342309706227,-0.05165456370215182,2.098166687909648,6.44364695292464,0.7309995397808835,0.0625588006953644,0.08811690779166946,-0.016963587150069386,-2.5398228129673086,2.278965869893409,-1.628236465009945
152.65619600745404,30,121.47592592592592,-8.224074074074073,90,32,90.00003038757863,0.005201464660039984,-0.4106655354737504,-0.048199125102278195,1.8639968570574783,5.313989487830086,1.0515580415998504,-0.16512152888194775,0.08016583017288528,-0.015632792689624597,-1.9879085577403723,2.396920531192991,-1.0291403452631758
152.65619600745404,32,121.47592592592592,-8.224074074074073,90,32,90.00003038757863,0.0047303419382876966,-0.37829436982673575,-0.04628532508493477,1.633774035983237,4.274060223928999,1.2843402206498453,-0.37745710056133724,0.07180810652628708,-0.014637771167356105,-1.5090376079722871,2.4631529237994343,-0.5237764384525134
152.65619600745404,34,121.47592592592592,-8.224074074074073,90,32,90.00003038757863,0.004307405994606522,-0.3471454774002006,-0.04567096975429502,1.4123952737667718,3.3164205288008017,1.4561420312530873,-0.5487640524438933,0.06331189685805091,-0.013974725845754526,-1.0765659784170338,2.4717609340279925,-0.08786160480583682
152.65619600745404,36,121.47592592592592,-8.224074074074073,90,32,90.00003038757863,0.0039336595085181225,-0.3172020021271586,-0.04616776389968086,1.202986321003015,2.4375794215255016,1.5830584631080808,-0.6655610555670717,0.05491470159579423,-0.013633389019300984,-0.6757819666495515,2.421222590260691,0.292707069454725
152.65619600745404,38,121.47592592592592,-8.224074074074073,90,32,90.00003038757863,0.003609006096848638,-0.28852508082949113,-0.04761696665088988,1.007589093214103,1.6375741632216634,1.6736045772335573,-0.7228075091311128,0.046820518746708506,-0.013597397087952094,-0.3006660207659053,2.3131418030098247,0.6245907004380247
152.65619600745404,40,121.47592592592592,-8.224074074074073,90,32,90.00003038757863,0.0033323943910625875,-0.26121664598235167,-0.04987276356113235,0.8275306591299625,0.9186190358180691,1.7314934388887395,-0.72158770705623,0.03919846759078714,-0.01384486431030981,0.04898008476177587,2.1517853144729995,0.9096942105509757
152.65619600745404,42,121.47592592592592,-8.224074074074073,90,32,90.00003038757863,0.0031019674936394737,-0.23539118472429538,-0.05279272508851274,0.6636128921976917,0.28354955563042183,1.757901966790455,-0.6674550524611655,0.03218271073594346,-0.014349133949652556,0.3699765293633591,1.9437871671605647,1.147491396227585
152.65619600745404,44,121.47592592592592,-8.224074074074073,90,32,90.00003038757863,0.0029152126440239734,-0.21115476191960408,-0.056234079126339376,0.5162081704501137,-0.26554971703541796,1.7531794946625636,-0.5690365178409801,0.025873484899635764,-0.015079672528738288,0.6577616915159241,1.6977378429701826,1.3368568287039972
152.65619600745404,46,121.47592592592592,-8.224074074074073,90,32,90.00003038757863,0.0027691066810957288,-0.18859046660739737,-0.06005425372134776,0.38531272335848954,-0.7283282373921091,1.7180010228914722,-0.43674984842451464,0.020339039890453353,-0.016003063625590404,0.9079145416556064,1.4235846378627934,1.4773483968007237
152.65619600745404,48,121.47592592592592,-8.224074074074073,90,32,90.00003038757863,0.0026602536863404025,-0.16774967428457227,-0.06411408707477678,0.2705872545537014,-1.1066848322819463,1.6540059313118398,-0.28163173894890087,0.015618283475772583,-0.017084052591239997,1.1171869707940492,1.131893067714411,1.5699441978798137
152.65619600745404,50,121.47592592592592,-8.224074074074073,90,32,90.00003038757863,0.0025850119941371874,-0.14864840944500535,-0.06828222394120459,0.17139974629271884,-1.4048359289136632,1.5640029079988877,-0.11433815093781988,0.011723935697804687,-0.01828659276954035,1.2840647787582784,0.8330765816550332,1.6172954114202918
152.65619600745404,52,121.47592592592592,-8.224074074074073,90,32,90.00003038757863,0.002539608532481641,-0.13126787459401995,-0.07243949221927298,0.08687559460906599,-1.6290278691508948,1.4518532099027237,0.05561813474973763,0.00864600834520335,-0.019574846839981137,1.4089201617266345,0.5367081078693381,1.6236034048743697
152.65619600745404,54,121.47592592592592,-8.224074074074073,90,32,90.00003038757863,0.0025202391842214233,-0.11555804351125931,-0.07648242332762767,0.015954257845321,-1.7870213026517896,1.3221570679563315,0.22035768644190973,0.006355442350760508,-0.020914103061003414,1.4938539471650667,0.25099874996966254,1.5942534471529317
152.65619600745404,56,121.47592592592592,-8.224074074074073,90,32,90.00003038757863,0.0025231545162604507,-0.10144317744930448,-0.08032546963497095,-0.0425513887278817,-1.8874791782522566,1.1798594297745622,0.3738581990487651,0.0048077565580250375,-0.022271574547343447,1.542341478470507,-0.017515026108441523,1.5353354680271303
152.65619600745404,58,121.47592592592592,-8.224074074074073,90,32,90.00003038757863,0.002544730798376249,-0.088828222421583,-0.0839018131235616,-0.0898975928809671,-1.9393681522693151,1.0298662079694088,0.5119526428843275,0.003946584315550913,-0.023617059289058752,1.5587903412747854,-0.26407762376981925,1.4531592917668577
152.65619600745404,60,121.47592592592592,-8.224074074074073,90,32,90.00003038757863,0.0025815267157706934,-0.07760524681786901,-0.0871629080664868,-0.12735814602521903,-1.9514482997058342,0.8767296121270616,0.6321627588254946,0.003706998511809544,-0.024923448476799535,1.5480966393865314,-0.48564767044693447,1.3538375712077575
157.58058942704932,0,121.50740740740741,-8.192592592592593,90,32,90.00003038757863,0.016396905627455438,0.32823795531079625,0.8936141538140109,3.301230639636039,9.748814659022642,-0.0000000000000011102230246251567,0.0000000000000005132802912425128,-0.0000000000000002017079937115555,-0.10548059097787552,-4.381088316646473,2.737607798556357,-3.2860451972239297
157.58058942704932,2,121.50740740740741,-8.192592592592593,90,32,90.00003038757863,0.016154140079489315,0.3351806922515913,0.8985071899667638,0.3595268758747302,-1.9774211736990872,0.038397337931425295,3.3338916750125764,0.031047575804050525,-0.10010810566615969,2.367384713082329,-3.524155570060432,0.9577224850581563
157.58058942704932,4,121.50740740740741,-8.192592592592593,90,32,90.00003038757863,0.015764509391784226,0.3407177839296201,0.8941928886164348,-2.2575951480056995,-12.731466303811251,0.43806687302102,2.123109729788135,0.058816682385700945,-0.09414810093430916,6.84905900002892,-5.168366419466142,4.781712432242464
157.58058942704932,6,121.50740740740741,-8.192592592592593,90,32,90.00003038757863,0.015246074372527757,0.37331390891282357,0.8801113047204457,-3.9695780581047826,-20.715835084227173,1.7184762666970903,-4.042189714727717,0.08289320282736388,-0.08774865457388777,8.309933334785995,-0.9483059619920979,7.930610949989156
157.58058942704932,8,121.50740740740741,-8.192592592592593,90,32,90.00003038757863,0.014618256743463287,0.46258523879282193,0.8624226956709888,-3.6512999615025588,-17.63026587827056,0.07429137984947619,-15.291445111559458,0.10300810937752124,-0.08105355890188974,1.2530469292533601,8.846456110687082,4.791629373528194
157.58058942704932,10,121.50740740740741,-8.192592592592593,90,32,90.00003038757863,0.01390122858518908,0.6091538862067347,0.865345633876555,-0.9820751326845588,0.9401578197604543,-7.632310015241809,-20.121793735761845,0.11903419644764583,-0.07420009504226117,-12.673255395885336,12.86031103500073,-7.529130981885044
157.58058942704932,12,121.50740740740741,-8.192592592592593,90,32,90.00003038757863,0.013115327847115527,0.7584821900866066,0.8985988959667988,1.9839439627758737,16.7224202272799,-11.35048002886103,-12.41519329872495,0.1309770556014997,-0.0673173211642161,-18.058340408082035,7.69149718026679,-14.981741535975319
157.58058942704932,14,121.50740740740741,-8.192592592592593,90,32,90.00003038757863,0.012280520570617487,-0.7290293079428115,-0.06022155411661678,3.6482541055082356,20.43365689725916,-8.196677901806435,-3.7873485889305827,0.13896146038726057,-0.06052476273774517,-14.526651654205118,3.2471795113059123,-13.227779849682753
157.58058942704932,16,121.50740740740741,-8.192592592592593,90,32,90.00003038757863,0.011415925821124384,-0.6525460283436695,-0.029528663940232014,4.191693611050214,18.40119777444107,-3.77981399654052,0.5934364692517525,0.14321442452450184,-0.05393139314039298,-9.707935314322748,1.9155569400363874,-8.941712538308193
157.58058942704932,18,121.50740740740741,-8.192592592592593,90,32,90.00003038757863,0.010539414462338997,-0.5973421631724929,-0.010127458114246313,4.163902669051224,15.319433582526123,-0.6001737989650021,2.061737070792236,0.14404619090555898,-0.04763481083097871,-6.250418201026545,2.017204615390151,-5.443536354870485
157.58058942704932,20,121.50740740740741,-8.192592592592593,90,32,90.00003038757863,0.00966728817547699,-0.553812837360728,0.0010286570814101448,3.8988422302322454,12.57760877608141,1.2849364711734599,2.2131723478196887,0.1418303221249443,-0.041720548354848154,-4.104702492590291,2.4668956396652733,-3.1179442367241816
157.58058942704932,22,121.50740740740741,-8.192592592592593,90,32,90.00003038757863,0.008814040792522848,-0.5166775595474509,0.006856072332308338,3.551419569639019,10.363406977413119,2.3041503875432006,1.8648807520104442,0.13698391931252374,-0.036261481901488535,-2.804296078205143,2.891162188728906,-1.6478312027135809
157.58058942704932,24,121.50740740740741,-8.192592592592593,90,32,90.00003038757863,0.007992200257145504,-0.48315598959978323,0.009328310357118341,3.1879051337710362,8.585809961875707,2.8108676628628766,1.3677890504360086,0.1299488176965739,-0.031317341901605594,-1.995642690680797,3.2031941181147126,-0.7143650434349118
157.58058942704932,26,121.50740740740741,-8.192592592592593,90,32,90.00003038757863,0.007212246455192722,-0.45178031529022333,0.009659168293470133,2.835454378335799,7.127374457171432,3.0290600038111615,0.8647934013210602,0.12117441449229117,-0.026934350493048563,-1.4626699022690148,3.4026546666942243,-0.10160803559132492
157.58058942704932,28,121.50740740740741,-8.192592592592593,90,32,90.00003038757863,0.006482597807614149,-0.42177886387992874,0.008571181570178221,2.50441558150557,5.896127905810546,3.090582889198914,0.4121750588274527,0.11110259337474479,-0.02314502761529303,-1.0801179820371336,3.507959915447395,0.3230659841418244
157.58058942704932,30,121.50740740740741,-8.192592592592593,90,32,90.00003038757863,0.005809657878798946,-0.39276455244379715,0.00648955254764072,2.1980018263764305,4.8285764280939985,3.0708166462410333,0.03058996892484538,0.10015503167141183,-0.019968212847461052,-0.7765223042779966,3.5369268695460865,0.638248443540438
157.58058942704932,32,121.50740740740741,-8.192592592592593,90,32,90.00003038757863,0.0051979122707461745,-0.36457233786022114,0.0036651437129259223,1.9164884171615388,3.8834333748914136,3.011677313966278,-0.2741086665947381,0.0887230192046408,-0.017409345372618165,-0.5119259540104134,3.502846229929159,0.8892125379612504
157.58058942704932,34,121.50740740740741,-8.192592592592593,90,32,90.00003038757863,0.0046500656708801935,-0.3371693606466335,0.00025015726652483083,1.6590385571264177,3.0352008056181012,2.9352798942832434,-0.5024962815562919,0.07715978567251701,-0.015461031414791446,-0.2651840703570722,3.4149797938559017,1.1008078471852885
157.58058942704932,36,121.50740740740741,-8.192592592592593,90,32,90.00003038757863,0.004167209007073652,-0.31060143995498113,-0.003655519535230134,1.4244819184969388,2.269153116527764,2.8520065849814347,-0.6583031982182764,0.06577522804469618,-0.014103909781333999,-0.02664854783023031,3.2800119176609,1.28535621923413
157.58058942704932,38,121.50740740740741,-8.192592592592593,90,32,90.00003038757863,0.0037490071407063896,-0.284958501864726,-0.007976189212167084,1.2116223336650533,1.5776090362297774,2.765401584130247,-0.7471797266644499,0.05483285006427847,-0.013307804744856934,0.20624837310773414,3.1034129907067833,1.4476135693904477
157.58058942704932,40,121.50740740740741,-8.192592592592593,90,32,90.00003038757863,0.0033938983021457036,-0.26035055509584343,-0.01264388879792594,1.0193331429831858,0.9571613916533184,2.6752596381680704,-0.7762003285264397,0.04454867057462949,-0.013033134341972348,0.4318443856082198,2.890437098236203,1.588019224902701
157.58058942704932,42,121.50740740740741,-8.192592592592593,90,32,90.00003038757863,0.003099297454140476,-0.23689022671400897,-0.01758967569475811,0.8465604107400613,0.406616283938145,2.5796395063592255,-0.7535569377888535,0.03509182318248649,-0.013232523761582942,0.6462125288991203,2.646715725386751,1.7048988190538208
157.58058942704932,44,121.50740740740741,-8.192592592592593,90,32,90.00003038757863,0.0028617968779439673,-0.2146800140738701,-0.02274014002854491,0.692291850032151,-0.07450677563655465,2.476183662062529,-0.688229857132801,0.026586553505425353,-0.013852559705636064,0.8445725621009808,2.378489887428316,1.795968517072307
157.58058942704932,46,121.50740740740741,-8.192592592592593,90,32,90.00003038757863,0.002677358446315531,-0.19380339851813716,-0.028017377182541436,0.5555197894552999,-0.48700128064748077,2.3629461512914087,-0.5895860205914799,0.01911531868279871,-0.014835613527756294,1.0223003793013865,2.092556202424623,1.8593228602712357
157.58058942704932,48,121.50740740740741,-8.192592592592593,90,32,90.00003038757863,0.0025414932200951146,-0.17431934612226985,-0.033341073994622994,0.43521160135176357,-0.8325911954022779,2.2388474756554015,-0.46693074646962646,0.012722703897430876,-0.016121658918153137,1.1756064185053743,1.7960177613494255,1.8940135230451445
157.58058942704932,50,121.50740740740741,-8.192592592592593,90,32,90.00003038757863,0.0024494251352545904,-0.15625978994721657,-0.03863164577484868,0.3302928815306854,-1.1142044776134692,2.103843011485556,-0.32906817564227664,0.007419889612077722,-0.017650013550756356,1.3019269601290142,1.4959333681388756,1.9003003073845646
157.58058942704932,52,121.50740740740741,-8.192592592592593,90,32,90.00003038757863,0.0023962366000208346,-0.13962962645733823,-0.04381360427737402,0.23964399663819685,-1.3359767576535369,1.958881585253746,-0.18392600727531705,0.003189428663891715,-0.019360942549049614,1.4000716693923798,1.1989494292426492,1.8796514410894396
157.58058942704932,54,121.50740740740741,-8.192592592592593,90,32,90.00003038757863,0.0023769947711911044,-0.1244086755779008,-0.04881857236194803,0.16210797345832106,-1.5030659826037203,1.8057267280403004,-0.038284290238403317,-0.000009877800133550281,-0.021197073616358784,1.4701788602134536,0.9109796923775361,1.834570737164468
157.58058942704932,56,121.50740740740741,-8.192592592592593,90,32,90.00003038757863,0.00238685810785072,-0.1105550089197852,-0.05358758739634112,0.09650642958465752,-1.6213575438162726,1.64670655604635,0.10237425934395426,-0.0022381841250757547,-0.023104587807293884,1.5135361939235024,0.6369736349409018,1.768325647899863
157.58058942704932,58,121.50740740740741,-8.192592592592593,90,32,90.00003038757863,0.0024211634996129383,-0.09800906572394258,-0.05807253623308817,0.041659938029374004,-1.697129401084595,1.484446852806648,0.23389619610305876,-0.003570028791671889,-0.02503416479285156,1.5323242357070725,0.38078983285917545,1.6846401688507426
157.58058942704932,60,121.50740740740741,-8.192592592592593,90,32,90.00003038757863,0.0024754948319740677,-0.08669804661811581,-0.062236723656023896,-0.0035904392504071403,-1.7367305395307087,1.3216270280800628,0.35339094542056787,-0.004090099853451023,-0.02694167584601068,1.5293331748876253,0.1451704236169305,1.5874013443343975
162.50498284664465,0,121.53888888888889,-8.161111111111111,90,32,90.00003038757863,0.019146019641243822,0.38740557006217297,0.8646346888373351,5.204489403800356,17.276768050848432,-0.000000000000033861802251067274,-0.000000000000002168119959279296,-0.0000000000000001807826668799798,-0.16391526903033626,-7.764128177764382,4.851565713794533,-5.823501892246569
162.50498284664465,2,121.53888888888889,-8.161111111111111,90,32,90.00003038757863,0.018844689218540572,0.33037146861891503,0.8752344097212843,-0.5541789543981748,-1.738966963117009,-3.9253340964695567,-2.2091447689230512,0.039366466688532234,-0.15566291890993622,-1.9509722684713566,-1.3258044978471475,-2.4812940676102158
162.50498284664465,4,121.53888888888889,-8.161111111111111,90,32,90.00003038757863,0.018355678862092717,0.28772183869833867,0.8894501077723957,-5.979811350102039,-14.64896611228089,-12.5827624085919,-3.0994779725075774,0.07447139321222791,-0.14619004288015638,-0.43017599417903274,-10.37718986856818,-4.581051941606305
162.50498284664465,6,121.53888888888889,-8.161111111111111,90,32,90.00003038757863,0.017702461975209416,0.26302373775652393,0.9147651961311813,-13.173609163368658,-33.74324161912041,-22.09367895420114,-1.2301220731135747,0.10475447113679583,-0.13577595000445172,4.696028673451646,-24.259417818619163,-5.00773845399602
162.50498284664465,8,121.53888888888889,-8.161111111111111,90,32,90.00003038757863,0.016910338322304458,0.3229167965406899,0.9238930114004253,-19.75929543760082,-67.64063956162305,-14.34107923045853,-21.734278526917677,0.12985741013159516,-0.12469423709686805,14.424983052075097,-9.773724562576245,10.5154932270446
162.50498284664465,10,121.53888888888889,-8.161111111111111,90,32,90.00003038757863,0.01600558694800608,0.6773612603688282,0.9672199872765812,-0.3420022299654025,37.293228975076545,-41.38691070523389,-37.41267044751213,0.14961848362690586,-0.11320732076003817,-51.759255900946684,14.333893058706778,-46.02569867746397
162.50498284664465,12,121.53888888888889,-8.161111111111111,90,32,90.00003038757863,0.015014660411801328,-0.7003010505887657,0.0719942183324202,9.024622659400446,44.3015515754959,-10.695821295904132,7.398265677775974,0.16405860339565204,-0.1015620533067003,-21.4724695423681,-1.9012827123396985,-22.23298262730398
162.50498284664465,14,121.53888888888889,-8.161111111111111,90,32,90.00003038757863,0.013963450351849344,-0.6197702462349548,0.10441755685182447,8.599370584850794,27.635577106289965,4.509604980139026,9.662565468690007,0.17336080653895888,-0.08998630222114948,-6.156953228761169,2.3190552672034848,-5.229331121879775
162.50498284664465,16,121.53888888888889,-8.161111111111111,90,32,90.00003038757863,0.012876646913751788,-0.5746665472452701,0.10789936390547505,7.2492986294520145,18.920511052374344,8.066425995395825,7.0270678981391255,0.1778451621861185,-0.07868634742654615,-1.797329802651144,4.798522877210706,0.1220793482331386
162.50498284664465,18,121.53888888888889,-8.161111111111111,90,32,90.00003038757863,0.01177720689838535,-0.5406798008537377,0.10238332983402415,6.077878656643104,14.095051832371864,8.444525759252937,4.765859133138531,0.17794105726600126,-0.06784495573719317,-0.4501145619605453,5.747749184129615,1.848985111691301
162.50498284664465,20,121.53888888888889,-8.161111111111111,90,32,90.00003038757863,0.010685938167399905,-0.5110758471715892,0.09415072986077416,5.142953698722379,11.075858866294261,7.954054074846396,3.1328050551935016,0.17415864233987893,-0.05762001777911807,-0.02959852994502617,6.014955365507157,2.376383616257837
162.50498284664465,22,121.53888888888889,-8.161111111111111,90,32,90.00003038757863,0.009621201314810396,-0.48345056932365593,0.0853352108407846,4.392500431664471,8.98789088266142,7.258180847866143,1.9558068924683047,0.1670609536611871,-0.04814366874958985,0.08004268112997193,5.986040788819503,2.4744589966577735
162.50498284664465,24,121.53888888888889,-8.161111111111111,90,32,90.00003038757863,0.008598724135630287,-0.45680792475364046,0.07668399833279854,3.777841334666995,7.426169655586246,6.564188609017276,1.0901374368820111,0.15723791697344008,-0.03952185100064327,0.09051300019513533,5.826436284436931,2.421087513969908
162.50498284664465,26,121.53888888888889,-8.161111111111111,90,32,90.00003038757863,0.007631520128934505,-0.4307140921021197,0.06842782792495722,3.26398678800997,6.184026493158012,5.936572335663151,0.4422488480182492,0.14528311596154242,-0.03183430615478576,0.08266389863618663,5.6085704014297395,2.3260920592080825
162.50498284664465,28,121.53888888888889,-8.161111111111111,90,32,90.00003038757863,0.006729899182636889,-0.4049960470263668,0.06059311615659563,2.826786894692006,5.147997841829133,5.39070524645165,-0.046374688517676094,0.13177389955684887,-0.025135002755298716,0.08874259341362307,5.364230799728344,2.234434913304961
162.50498284664465,30,121.53888888888889,-8.161111111111111,90,32,90.00003038757863,0.005901556635660332,-0.37961606442941326,0.05312687555140666,2.449514785672112,4.252766939180511,4.924166634286098,-0.41279856946891597,0.11725512530522396,-0.01945301071230791,0.12076598382747075,5.106648810441415,2.1634255080040368
162.50498284664465,32,121.53888888888889,-8.161111111111111,90,32,90.00003038757863,0.005151725976797,-0.35461223827077726,0.04595115736153077,2.1204072792777566,3.4598702453551646,4.5281221647237135,-0.6812420178020798,0.10222660146988982,-0.014793826943298042,0.18143233781659995,4.840437884205392,2.117607491498757
162.50498284664465,34,121.53888888888889,-8.161111111111111,90,32,90.00003038757863,0.0044833803602137845,-0.3300665518046363,0.03898829206915838,1.8310378049848317,2.746708668899304,4.191721408842733,-0.8683245099076905,0.08713410327527328,-0.011141140365001105,0.26873597022863194,4.566385884598607,2.095290324068075
162.50498284664465,36,121.53888888888889,-8.161111111111111,90,32,90.00003038757863,0.003897468721509839,-0.30608539927774847,0.032172889302703844,1.575249460272335,2.1003908948750483,3.9039012324965414,-0.9862797687031624,0.07236369889723637,-0.008459002541044397,0.3781355487605939,4.283911895256061,2.0917003068630184
162.50498284664465,38,121.53888888888889,-8.161111111111111,90,32,90.00003038757863,0.00339317339179504,-0.28278618888914686,0.025457217463835446,1.348445896486166,1.5140057912088465,3.65419253620079,-1.0449289102433041,0.058239025291331493,-0.006694346858686522,0.5037268394112675,3.992373105909827,2.100676081775198
162.50498284664465,40,121.53888888888889,-8.161111111111111,90,32,90.00003038757863,0.0029681775681641986,-0.2602872743862984,0.01881288714783963,1.147110646681719,0.9842066309582291,3.433132962142298,-1.0528632048979687,0.045021097342124484,-0.0057797777709008005,0.6389953307298102,3.6917462987815814,2.115693850242443
162.50498284664465,42,121.53888888888889,-8.161111111111111,90,32,90.00003038757863,0.002618932663975143,-0.23870007187254977,0.012230244838219606,0.9684752057455666,0.50956779055002,3.2325083002533566,-1.0181007840349636,0.0329102095641721,-0.005636535276878917,0.7773753346434241,3.3829302455633705,2.1305474328687724
162.50498284664465,44,121.53888888888889,-8.161111111111111,90,32,90.00003038757863,0.0023409173115586657,-0.2181229460494476,0.0057162613204371215,0.8102869340221435,0.0894466008688874,3.04549566674037,-0.9483856324391643,0.02204949083382651,-0.006177530280851876,0.9126947415425102,3.0677978033220503,2.13981386287133
162.50498284664465,46,121.53888888888889,-8.161111111111111,90,32,90.00003038757863,0.002128881527850124,-0.19863674996666286,-0.0007085472265323522,0.6706462925835694,-0.27678787082898587,2.8667255756929717,-0.8512482526664291,0.012529692869102296,-0.007310344548191455,1.0395229046838326,2.7490785111005063,2.1391543091240353
162.50498284664465,48,121.53888888888889,-8.161111111111111,90,32,90.00003038757863,0.0019770712079138775,-0.18030198106760853,-0.007013726628371686,0.5478938034122308,-0.5902389064607622,2.6922646370994108,-0.7339204078692313,0.004394826653580532,-0.008940094470468557,1.1534177856149082,2.4301335797344876,2.125471217508703
162.50498284664465,50,121.53888888888889,-8.161111111111111,90,32,90.00003038757863,0.0018794296314697534,-0.16315748354442283,-0.013162637839079894,0.4405334997086753,-0.8527357165575712,2.51952252254677,-0.6031777282095291,-0.0023516970638457436,-0.01097206976968354,1.2510670994861635,2.1146763097421237,2.0969376233830133
162.50498284664465,52,121.53888888888889,-8.161111111111111,90,32,90.00003038757863,0.0018297740202546375,-0.14722054953308938,-0.019116030939562323,0.34718337474983335,-1.0669061135668385,2.3470944696522995,-0.46516725755965244,-0.007740720461614138,-0.013314075083217365,1.3303257947239346,1.8064834150728337,2.052919160753068
162.50498284664465,54,121.53888888888889,-8.161111111111111,90,32,90.00003038757863,0.0018219463509197842,-0.1324881922891854,-0.02483518839569704,0.2665456120258796,-1.2361162379594621,2.1745578190523434,-0.3252602244240612,-0.011831033433832329,-0.015878422255679835,1.390162071427434,1.5091332926047278,1.9938153884693253
162.50498284664465,56,121.53888888888889,-8.161111111111111,90,32,90.00003038757863,0.0018499386021927633,-0.11893930845865347,-0.03028447136726936,0.19739088256376394,-1.3643233437649827,2.0022449780911717,-0.18795391711348772,-0.014703311409997068,-0.018583542255422535,1.4305322092733663,1.2257958868412355,1.9208505640098605
162.50498284664465,58,121.53888888888889,-8.161111111111111,90,32,90.00003038757863,0.0019079933981548391,-0.10653742482011491,-0.03543319013264695,0.13855212302823372,-1.455883081755125,1.8310150504982048,-0.056831959165872435,-0.016454451165909007,-0.02135520621852829,1.4522087463154572,0.959086862716728,1.8358434914021484
162.50498284664465,60,121.53888888888889,-8.161111111111111,90,32,90.00003038757863,0.0019906816102329417,-0.09523373724506279,-0.04025679773468277,0.08892415928344201,-1.51534542482714,1.6620428374863399,0.06541914294124217,-0.017192416772761673,-0.024127363785589478,1.4565866921387176,0.7109880383122745,1.7409819074636275
167.42937626623993,0,121.57037037037037,-8.12962962962963,90,32,90.00003038757863,0.021309869435955447,0.42714197572035456,0.665852951551836,0.3342952244557418,-2.2137443912954935,0.00000000000006966649479522857,0.00000000000000013555274914652158,-0.00000000000000022872398655150655,-0.23087963150010857,0.994850074573515,-0.6216513618926499,0.746189529816455
167.42937626623993,2,121.57037037037037,-8.12962962962963,90,32,90.00003038757863,0.02095145796714115,0.30917193771280466,0.6627758989019579,-2.3513976432574193,-12.21070456434338,-0.6380223210547011,-12.160560128887898,0.04830341980294923,-0.21911834541430347,-0.1301098226168784,7.042040594016457,2.686706414989705
167.42937626623993,4,121.57037037037037,-8.12962962962963,90,32,90.00003038757863,0.020360763542140198,0.22982127123466822,0.6531089901956926,-5.091581039954859,-23.18325990002066,-0.46939095940528464,-19.66381369267324,0.09122635547104165,-0.2051898524837473,1.5874964287184195,10.825945632554959,5.917874681740403
167.42937626623993,6,121.57037037037037,-8.12962962962963,90,32,90.00003038757863,0.019567427259583298,0.14747359535250448,0.6234273157547972,-7.975483847203243,-44.39351970327443,9.40286770807754,-26.08984348873573,0.12802376381667213,-0.1895695528772612,12.738901638296705,17.745462020266245,19.837086446403205
167.42937626623993,8,121.57037037037037,-8.12962962962963,90,32,90.00003038757863,0.018603502373999548,-0.0677117221074181,0.49610911182885375,-0.09067171391563843,-73.85746579670305,70.63580913911329,19.110900771286886,0.15822747591047404,-0.17272669622293418,73.31251498884984,12.883249157019943,78.46581465165782
167.42937626623993,10,121.57037037037037,-8.12962962962963,90,32,90.00003038757863,0.01750229772212969,-0.5471638571432409,0.39248116160899965,36.17267309632703,96.16330998145676,45.92155844291679,3.2524897073190786,0.18163752563708335,-0.15511290716125126,-21.15269606161096,57.10684870827823,1.6900434217003308
167.42937626623993,12,121.57037037037037,-8.12962962962963,90,32,90.00003038757863,0.016297284841224863,-0.5733657465978467,0.32166733405941067,20.594557822395533,35.1620355374981,44.878435060564925,-2.334143199281086,0.19830107029325628,-0.13715282472696308,3.3432998626216714,44.247843910548866,21.042437426841218
167.42937626623993,14,121.57037037037037,-8.12962962962963,90,32,90.00003038757863,0.015021112141996834,-0.5523448618172745,0.2582264380238866,12.998461688288256,20.385958105841198,29.54516003599758,0.681201016479903,0.208481922918938,-0.1192367809880354,4.4147368253446295,26.360864579872,14.95908265729343
167.42937626623993,16,121.57037037037037,-8.12962962962963,90,32,90.00003038757863,0.013704757556522895,-0.5300163681426471,0.21479714720155874,9.34500183621991,14.568623778046343,21.023456545443565,0.7279839537405399,0.21262386440940323,-0.10171534946793091,3.2199096670218657,18.556538739609444,10.642525162865644
167.42937626623993,18,121.57037037037037,-8.12962962962963,90,32,90.00003038757863,0.012376839036059406,-0.5076292873593906,0.1832520763324768,7.223337125204353,11.347118013040433,16.02657801159213,0.28018307846186014,0.2113107645573564,-0.08489555321919522,2.2257594518107204,14.460691252480348,8.010035952802859
167.42937626623993,20,121.57037037037037,-8.12962962962963,90,32,90.00003038757863,0.01106309106321618,-0.48508739191216443,0.15899208452233266,5.825622390279726,9.231572003874591,12.807711388459957,-0.1804814057725074,0.20522619532643394,-0.06903852235560239,1.5279884412692535,11.965695470692445,6.314266629546232
167.42937626623993,22,121.57037037037037,-8.12962962962963,90,32,90.00003038757863,0.009786005617585608,-0.46233952691027835,0.13951484569459865,4.823890993527786,7.6909052391542065,10.581802017065405,-0.5688844454822127,0.19511474730988534,-0.0543584150645489,1.0497777764344842,10.28130644863231,5.1623003558874085
167.42937626623993,24,121.57037037037037,-8.12962962962963,90,32,90.00003038757863,0.008564628169824395,-0.43940656165655023,0.1233437308702357,4.062576084636256,6.485799064528524,8.962654592778165,-0.879433283816453,0.18174673187569848,-0.04102244930586841,0.7275732307415449,9.057547227439729,4.350592121717437
167.42937626623993,26,121.57037037037037,-8.12962962962963,90,32,90.00003038757863,0.007414493418791301,-0.4163530693789774,0.10953850100103307,3.459045469722053,5.492526175238351,7.741193850372243,-1.121209058165491,0.16588742264432738,-0.029151922765721438,0.519038775834564,8.117471552689121,3.7660273969102125
167.42937626623993,28,121.57037037037037,-8.12962962962963,90,32,90.00003038757863,0.006347681589321336,-0.3932693807254308,0.09746387382246963,2.9655570786618264,4.641545667146934,6.794612653268415,-1.3038882386707453,0.14827150095436725,-0.018824119019948852,0.39599483975458033,7.361927368074335,3.340765786984315
167.42937626623993,30,121.57037037037037,-8.12962962962963,90,32,90.00003038757863,0.005372974002733427,-0.3702615239710735,0.08667182956966768,2.5526858793463485,3.8918318038568467,6.045651800625469,-1.4351590076681284,0.12958294702269849,-0.010075005675971185,0.3387879338171009,6.730740444806246,3.0310841117395997
167.42937626623993,32,121.57037037037037,-8.12962962962963,90,32,90.00003038757863,0.004496086061428456,-0.34744495473285664,0.0768375313014798,2.201340449399655,3.218657740239152,5.44277144996118,-1.5208292616104755,0.11044027580788561,-0.0029026265704319054,0.332822362323738,6.185120519633296,2.806870570177056
167.42937626623993,34,121.57037037037037,-8.12962962962963,90,32,90.00003038757863,0.0037199564511153083,-0.3249398822993715,0.06772225521347092,1.8985993588898114,2.607161830789883,4.949814322490356,-1.56545626286295,0.091386758614045,0.002728921671088526,0.366530158508333,5.698986475100596,2.6461247485485715
167.42937626623993,36,121.57037037037037,-8.12962962962963,90,32,90.00003038757863,0.003045072945752958,-0.3028672009926482,0.0591506740371065,1.6353955669392841,2.0486533148104216,4.540322602054524,-1.572948258426853,0.07288509513180857,0.006885053785641855,0.43021359762747374,5.2543824496773315,2.5319665774984066
167.42937626623993,38,121.57037037037037,-8.12962962962963,90,32,90.00003038757863,0.002469817401835106,-0.28134466253732954,0.05099605881064917,1.405158316817211,1.538322236050732,4.194286164987195,-1.5470126263611914,0.055315897340521634,0.00965594037900806,0.515416561975678,4.838898915321191,2.450976128104154
167.42937626623993,40,121.57037037037037,-8.12962962962963,90,32,90.00003038757863,0.0019908150838817973,-0.2604832453992371,0.043169949570386335,1.2029803501591012,1.0737253665984374,3.8962249331971837,-1.491439076070638,0.03897930450733351,0.011151582576113091,0.6146190305295396,4.444122897798813,2.392268189649065
167.42937626623993,42,121.57037037037037,-8.12962962962963,90,32,90.00003038757863,0.001603276150196925,-0.2403838316979824,0.03561438392436683,1.0250879099365942,0.6537386194722077,3.6340268748112954,-1.4102370904806014,0.024099053916051966,0.011496869918555907,0.7211254118705513,4.064631638063483,2.346978067095945
167.42937626623993,44,121.57037037037037,-8.12962962962963,90,32,90.00003038757863,0.0013013197747141492,-0.22113435961996292,0.028295619867093502,0.8684931340782742,0.27781841004589397,3.3982187502672456,-1.307655464439355,0.010828371556180685,0.010826769986476538,0.8290601965515678,3.6972782639971644,2.3079715021504335
167.42937626623993,46,121.57037037037037,-8.12962962962963,90,32,90.00003038757863,0.0010782738631061883,-0.20280761447145096,0.021198781333809702,0.7307608443628453,-0.05451165467829713,3.18148159948195,-1.1881146208159699,-0.0007428912569075816,0.009281785745745296,0.9334105694504269,3.3406383568261853,2.2696659121809013
167.42937626623993,48,121.57037037037037,-8.12962962962963,90,32,90.00003038757863,0.0009269455587799513,-0.18545977721155155,0.01432314813132951,0.6098497796191725,-0.3439974062411425,2.978299558373354,-1.0560828418998391,-0.010580375468992147,0.007003797335298528,1.030074126135795,2.9945516119403495,2.227894770911935
167.42937626623993,50,121.57037037037037,-8.12962962962963,90,32,90.00003038757863,0.000839859682387839,-0.16912978355590408,0.007677983053199555,0.5040038532198431,-0.5918476278080498,2.784677189099441,-0.915925891369157,-0.018697007830559813,0.004132380609207748,1.1158847275062809,2.6597290467343093,2.1797763462000046
167.42937626623993,52,121.57037037037037,-8.12962962962963,90,32,90.00003038757863,0.0008094638904117268,-0.15383947520458296,0.0012788799835635745,0.4116778723755707,-0.7998126158055922,2.5978902414788068,-0.7717556386076999,-0.025144814662767054,0.0008016672806385783,1.1886021568076635,2.337415635013163,2.1235684108129287
167.42937626623993,54,121.57037037037037,-8.12962962962963,90,32,90.00003038757863,0.0008283006774776058,-0.1395944602533516,-0.004855346177995157,0.33148736002590456,-0.9701744501196186,2.416253890847312,-0.627297584665818,-0.030007027021776607,-0.0028622168970598096,1.2468616666637156,2.0291072923936846,2.0585045836211897
167.42937626623993,56,121.57037037037037,-8.12962962962963,90,32,90.00003038757863,0.0008891473999469712,-0.1263855513607816,-0.010705204832982651,0.2621752898559876,-1.1056747852717321,2.238904243917379,-0.4857904268418469,-0.03339068175476584,-0.006743126862466827,1.2900873660152055,1.7363237449935713,1.984616864012634
167.42937626623993,58,121.57037037037037,-8.12962962962963,90,32,90.00003038757863,0.0009851262896521662,-0.11419062225537052,-0.01625250511670584,0.2025905719582593,-1.2094042275336327,2.0655952520395586,-0.3499239802523524,-0.035419863646918105,-0.010736301549139996,1.318378453337704,1.4604377411581506,1.9025535498009645
167.42937626623993,60,121.57037037037037,-8.12962962962963,90,32,90.00003038757863,0.0011097869853496645,-0.10297671590685442,-0.02148178231017145,0.15167450354319872,-1.2846742810323097,1.8965156375386167,-0.2218158021137844,-0.03622968227716598,-0.014749232219280787,1.3323796440803803,1.2025583369469917,1.813402978859177
172.3537696858352,0,121.60185185185185,-8.098148148148148,90,32,90.00003038757863,0.02268061838590016,0.35727022708925005,0.3909585384324233,-6.147891619204357,-28.044526534880127,-0.00000000000006772360450213455,0.000000000000006158124081227824,0.00000000000000010518259823339988,-0.3012529726514239,12.603126655745767,-7.87530763831406,9.453003600420143
172.3537696858352,2,121.60185185185185,-8.098148148148148,90,32,90.00003038757863,0.022271266030150894,0.22975665536190257,0.3713680883283037,-3.9579202597412144,-22.386367133550227,3.221529112128833,-5.4802909671743665,0.05761672642795297,-0.2854549905326544,9.105710799770703,0.9561153046097477,9.488156921614602
172.3537696858352,4,121.60185185185185,-8.098148148148148,90,32,90.00003038757863,0.021582158448429728,0.11572771167691454,0.3405064439362926,-2.238034505385081,-22.524858673904024,10.416839455235145,-4.341370802073359,0.10861650160031264,-0.2661483006360172,12.900769255930273,5.068333613371308,14.928102701278796
172.3537696858352,6,121.60185185185185,-8.098148148148148,90,32,90.00003038757863,0.02064976734500437,-0.018828780808167633,0.29182865778828776,0.44411918028920144,-19.020717627012647,17.865959730303064,4.796535351028704,0.15202136165579488,-0.24408898428699569,18.679425563722663,3.1965511624597163,19.95804602870655
172.3537696858352,8,121.60185185185185,-8.098148148148148,90,32,90.00003038757863,0.019513716644359358,-0.1947864226232909,0.2421153027126411,5.005507242958438,0.5864688433195249,16.76566104409722,16.2231954551636,0.18722751420950798,-0.2200292939201556,14.382661462206686,-2.3590010237524677,13.439061052705698
172.3537696858352,10,121.60185185185185,-8.098148148148148,90,32,90.00003038757863,0.018215225549648995,-0.3674243745636147,0.22542206592279285,9.38843904378172,25.962129038718576,9.208999728964793,11.054117215302423,0.21399218686694965,-0.1946955141407355,-2.6830005507971566,3.978145389723503,-1.0917423949077554
172.3537696858352,12,121.60185185185185,-8.098148148148148,90,32,90.00003038757863,0.01679564696221275,-0.46366670314072966,0.22893487791628575,10.499831306310504,29.688163411489246,10.231367304317462,-1.391299385383958,0.2324023883988464,-0.16876974456034924,-9.353731909648937,16.94560795093507,-2.575488729274909
172.3537696858352,14,121.60185185185185,-8.098148148148148,90,32,90.00003038757863,0.015295163530337136,-0.49318338269992257,0.22306914947152912,9.387299086499524,22.540531682681454,13.237636487614058,-5.788648256581323,0.24283037182396433,-0.14287570669099592,-6.7182699313049214,21.052826256722955,1.702860571384261
172.3537696858352,16,121.60185185185185,-8.098148148148148,90,32,90.00003038757863,0.01375168473573768,-0.49266475733422826,0.20761187480201038,7.849459629072604,16.309892965397275,13.623015985560118,-5.77211343589297,0.24588074447029262,-0.1175684169094639,-3.7378026462297154,19.56547099475653,4.088385751672897
172.3537696858352,18,121.60185185185185,-8.098148148148148,90,32,90.00003038757863,0.012199969759376733,-0.4806225697731015,0.18919362619871,6.5039842160867245,12.299368332237094,12.54768321689271,-4.905724191817534,0.2423338548924718,-0.09332740695454451,-2.03893610505473,16.88718851133193,4.715939299478043
172.3537696858352,20,121.60185185185185,-8.098148148148148,90,32,90.00003038757863,0.01067098390368526,-0.46385692845455256,0.17122877830785788,5.427906601103695,9.711180953162813,11.111479088358175,-4.14320079650039,0.23308945146163773,-0.07055309494563078,-1.1869699957268265,14.442139378963109,4.589885755858417
172.3537696858352,22,121.60185185185185,-8.098148148148148,90,32,90.00003038757863,0.009191482064629747,-0.44489183299323704,0.1548179901552108,4.5750512747417,7.925805698915012,9.74449566591725,-3.6003898658096967,0.21911379437082146,-0.049565888489290916,-0.7609932896419187,12.469790261406024,4.226922814920491
172.3537696858352,24,121.60185185185185,-8.098148148148148,90,32,90.00003038757863,0.007783801646462141,-0.4247853309079979,0.14011212658457395,3.8902404069218686,6.601990634296852,8.563842532137773,-3.2282635617723257,0.20139252873435554,-0.030607612469455397,-0.5335272961446814,10.91447028556625,3.832260818081818
172.3537696858352,26,121.60185185185185,-8.098148148148148,90,32,90.00003038757863,0.0064658395107570765,-0.4040604736536725,0.12694254954756318,3.330449293154683,5.557707283524191,7.577228553269298,-2.9680128276826143,0.1808907793154553,-0.013844878394388315,-0.39352442539614085,9.67775010474898,3.4775756165034517
172.3537696858352,28,121.60185185185185,-8.098148148148148,90,32,90.00003038757863,0.005251182877689969,-0.38302626966498304,0.11506186892267578,2.864949689456935,4.6929711228958775,6.760589548354359,-2.776213837042771,0.15852116795759924,0.0006259622252881658,-0.2878305491885412,8.675216933757756,3.1822562243145613
172.3537696858352,30,121.60185185185185,-8.098148148148148,90,32,90.00003038757863,0.004149362181071314,-0.3618975083642788,0.10422874524682041,2.4721271973542147,3.9506841149330993,6.084368172892994,-2.623844264967121,0.13511982065980335,0.012772616263574342,-0.19134641262424013,7.843494511368434,2.9460513919231337
172.3537696858352,32,121.60185185185185,-8.098148148148148,90,32,90.00003038757863,0.003166194228245406,-0.3408431265052011,0.09423433998852226,2.1366461651871433,3.2971677487895668,5.521483244624026,-2.4920064307082286,0.11142994084274921,0.0226197174310019,-0.09282299822279197,7.136663907331423,2.7618425647097773
172.3537696858352,34,121.60185185185185,-8.098148148148148,90,32,90.00003038757863,0.0023041860866831743,-0.32000684041074756,0.08490761555705528,1.8474327162220316,2.7121495802001396,5.049117710064621,-2.3685314808526807,0.08809218127822421,0.03024106758801195,0.011930628166831433,6.521685338144028,2.620604763424443
172.3537696858352,36,121.60185185185185,-8.098148148148148,90,32,90.00003038757863,0.0015629733679221602,-0.29951603586279685,0.0761133694408287,1.5963210184785201,2.1833388153498046,4.648577680382437,-2.245749731891544,0.06564083936930944,0.03575153723664313,0.1233991024521906,5.97476953055487,2.5133069146741387
172.3537696858352,38,121.60185185185185,-8.098148148148148,90,32,90.00003038757863,0.000939770509684662,-0.2794853020170565,0.06774810033962775,1.3771551915665488,1.703313810124281,4.304674578503066,-2.119086317800461,0.04450480984144223,0.039298891572585225,0.24009747719612898,5.478797111969914,2.4316163219840945
172.3537696858352,40,121.60185185185185,-8.098148148148148,90,32,90.00003038757863,0.0004298148483708186,-0.26001741205038137,0.059735497877029586,1.1851900323539146,1.267631584059853,4.0050963870707035,-1.9861638143609093,0.025012230977786987,0.041055783667080244,0.35953162472630223,5.021528989383008,2.3681432204795057
172.3537696858352,42,121.60185185185185,-8.098148148148148,90,32,90.00003038757863,0.000026790399539150522,-0.2412031119646234,0.052022119129155386,1.0166860197349104,0.8736209346936252,3.7398899489543513,-1.8461998876495205,0.007397829220346771,0.04121212637231704,0.4787720088591166,4.594353726515305,2.3165134994652385
172.3537696858352,44,121.60185185185185,-8.098148148148148,90,32,90.00003038757863,-0.0002767789078139127,-0.22312044850890855,0.044573383790571464,0.8686315189120435,0.5195842308646993,3.5010612998894364,-1.699573214901973,-0.008187922322249049,0.03996802006150638,0.5948230750555136,4.191385813117352,2.2713774003024545
172.3537696858352,46,121.60185185185185,-8.098148148148148,90,32,90.00003038757863,-0.0004891734093651068,-0.20583405977331737,0.03736989252047401,0.7385494854071989,0.20426228903654586,3.282268229395303,-1.547486730629918,-0.021668584052691127,0.037527375626649324,0.7048731943797587,3.808791616382388,2.228389840932714
172.3537696858352,48,121.60185185185185,-8.098148148148148,90,32,90.00003038757863,-0.0006191632837966032,-0.18939467941110544,0.030404055490325543,0.6243613309304507,-0.07351874624906456,3.0785755296502395,-1.3916913812808203,-0.033031084386982955,0.03409233291391555,0.8064644619254774,3.4442659107382854,2.1841708262207917
172.3537696858352,50,121.60185185185185,-8.098148148148148,90,32,90.00003038757863,-0.0006757371639755649,-0.17383899302050349,0.023677032540283527,0.524290202771359,-0.3150673680023115,2.8862491152212835,-1.2342534505032305,-0.0423150932501825,0.029858535737942272,0.8976010246187183,3.0966129155387447,2.1362461908342163
172.3537696858352,52,121.60185185185185,-8.098148148148148,90,32,90.00003038757863,-0.0006678735568961536,-0.1591899037808085,0.01719600216483702,0.4367919206326617,-0.5219464229937403,2.702573019325913,-1.077359236280533,-0.04960280088216331,0.025011287468916607,0.9768062638936131,2.7654055083471185,2.0829684672324604
172.3537696858352,54,121.60185185185185,-8.098148148148148,90,32,90.00003038757863,-0.0006043534425280439,-0.14545720338374651,0.010971783481041608,0.3605055888469208,-0.696017564829017,2.525680402340653,-0.9231557531164784,-0.055009365651929355,0.019722577414850888,1.043136660059147,2.450708029701836,2.0234198719398817
172.3537696858352,56,121.60185185185185,-8.098148148148148,90,32,90.00003038757863,-0.0004936114083747001,-0.13263860019011836,0.0050168319880370404,0.2942183153340179,-0.8394311613607423,2.3543951516055506,-0.7736274531703463,-0.058674208354484426,0.014148939019445247,1.0961601140365744,2.1528543958155812,1.957301872362807
172.3537696858352,58,121.60185185185185,-8.098148148148148,90,32,90.00003038757863,-0.0003436219945975594,-0.12072102804689483,-0.000656381265492556,0.23684005023982685,-0.9545794671245649,2.1880841983168153,-0.6305083038381658,-0.06075325978233089,0.008430077107457135,1.1359070774904645,1.8722760127240066,1.8848174825800672
172.3537696858352,60,121.60185185185185,-8.098148148148148,90,32,90.00003038757863,-0.0001618175155483903,-0.10968214495682221,-0.006036612825342569,0.18738563000452668,-1.04402823856842,2.026522502829504,-0.4952270586549867,-0.061412211619050694,0.0026881835011780446,1.1628031373673455,1.6093746889062224,1.8065530129298346
177.2781631054305,0,121.63333333333334,-8.066666666666666,90,32,90.00003038757863,0.02305507636933568,0.2259063087959206,0.18681010142176707,-7.179863189657003,-31.93505273241537,0.000000000000011102230246251565,0.000000000000001955458005467721,0.00000000000000003982922504630814,-0.3671587645057001,14.351517528880557,-8.967823521668386,10.764388120213201
177.2781631054305,2,121.63333333333334,-8.066666666666666,90,32,90.00003038757863,0.02260679478940733,0.13119490950899448,0.16703308890264457,-4.41297098957895,-22.06113498260114,1.3212102277542537,1.6859062690396622,0.06687585058725537,-0.34702942858050756,11.247008868714346,-6.760172152413939,8.54294000774877
177.2781631054305,4,121.63333333333334,-8.066666666666666,90,32,90.00003038757863,0.021830228376701538,0.028922554165651426,0.14866743208164684,-2.0624056124382597,-14.916255684970533,3.7724727403860916,4.094013624842384,0.1258323166660822,-0.3215852322364545,10.193356221519606,-5.15526688784162,8.131249466382958
177.2781631054305,6,121.63333333333334,-8.066666666666666,90,32,90.00003038757863,0.020769071919656212,-0.08196619408206013,0.13124627511714748,0.2081869488129022,-6.811261812676604,4.997909984683476,7.351093402788507,0.1756021390120577,-0.2919657554125011,8.529513735690356,-4.925394806492974,6.559355813093167
177.2781631054305,8,121.63333333333334,-8.066666666666666,90,32,90.00003038757863,0.01947109968891514,-0.19687043742178076,0.12092422137241193,2.429959866418056,3.525832285710286,3.8372389300187373,8.953792164648362,0.2154153709215507,-0.25931499143472087,4.065029188500054,-4.297823637629949,2.345899733448074
177.2781631054305,10,121.63333333333334,-8.066666666666666,90,32,90.00003038757863,0.01798610405659798,-0.30035026286002,0.12276577578613967,4.2592913814483495,13.103807279758932,1.8942031738282625,6.628483083069211,0.24498041284504218,-0.22474113355297687,-2.131827158642395,-0.915619407747946,-2.4980749217415736
177.2781631054305,12,121.63333333333334,-8.066666666666666,90,32,90.00003038757863,0.016363972070029598,-0.37592432157086203,0.13315460942024554,5.317597640599335,17.930190928088106,1.6344750737551508,1.8313472589545365,0.26443894718300526,-0.18928333570914277,-6.520436569086534,4.564543164460548,-4.694619303302314
177.2781631054305,14,121.63333333333334,-8.066666666666666,90,32,90.00003038757863,0.014652988434398273,-0.41946108401450494,0.14358108486186094,5.59136834760009,17.9381203430793,3.0594226321314992,-2.25662330674268,0.27430221751031764,-0.15388599626816937,-7.675681173112642,9.265815191307555,-3.9693550965896205
177.2781631054305,16,121.63333333333334,-8.066666666666666,90,32,90.00003038757863,0.012898424174728862,-0.4378875228991219,0.14895068914662757,5.353203645714112,15.644701215516514,4.732254560545545,-4.419606479646775,0.2753762223251487,-0.11938049794778526,-6.841449160269623,11.768943001715641,-2.1338719595833666
177.2781631054305,18,121.63333333333334,-8.066666666666666,90,32,90.00003038757863,0.011141441890039627,-0.440277221480465,0.14886328539986382,4.880923906950776,12.966225858737383,5.839467715436125,-5.133163001875124,0.2686827704855366,-0.08647390883124735,-5.452974591243013,12.454420561771592,-0.47120636653437575
177.2781631054305,20,121.63333333333334,-8.066666666666666,90,32,90.00003038757863,0.009418323333001799,-0.4332977009287542,0.14486074821085893,4.344229430168799,10.635691274358967,6.320073076020662,-5.11651944583977,0.2553822443797982,-0.05574388731874853,-4.182360598955203,12.130658141529825,0.6699026576567277
177.2781631054305,22,121.63333333333334,-8.066666666666666,90,32,90.00003038757863,0.0077600044671941315,-0.4209632430176218,0.13854311495356064,3.822797676773883,8.771457134857867,6.369327227603677,-4.819291375890398,0.23670257472562786,-0.02763889949198421,-3.192148430928424,11.375430356172302,1.358023711540497
177.2781631054305,24,121.63333333333334,-8.066666666666666,90,32,90.00003038757863,0.006191887804383206,-0.40554478207252453,0.1310341596764137,3.3467189176167715,7.299958808304718,6.177678145021015,-4.452101593355407,0.21387753241052562,-0.002482810761280724,-2.4560225672126377,10.4943531515983,1.7417186934266828
177.2781631054305,26,121.63333333333334,-8.066666666666666,90,32,90.00003038757863,0.004733891732065121,-0.3883329766536112,0.12301129416505158,2.9233420735471474,6.121342596280175,5.872367202368568,-4.096780104903181,0.1880961212970242,0.019517076759073798,-1.9077990727055854,9.62444465213258,1.9419787881474466
177.2781631054305,28,121.63333333333334,-8.066666666666666,90,32,90.00003038757863,0.0034006912931900946,-0.37009155588522635,0.11484896265756694,2.5508242422368355,5.15410440968716,5.526801594540119,-3.7775701851570647,0.16046370171926674,0.03825942477106449,-1.4884888301537045,8.817400440174577,2.0384713459161263
177.2781631054305,30,121.63333333333334,-8.066666666666666,90,32,90.00003038757863,0.002202103766324931,-0.35130031907680337,0.10673929043449953,2.224199546580477,4.340006354658247,5.179704608578385,-3.49592249426692,0.13197454248284354,0.05373651263395813,-1.1551537014977764,8.086019549052635,2.079254118123278
177.2781631054305,32,121.63333333333334,-8.066666666666666,90,32,90.00003038757863,0.0011435745353661764,-0.3322820391810075,0.09877151809759244,1.93789433835237,3.639385221885142,4.849654178544723,-3.245652956948263,0.10349481422451275,0.06602087546618515,-0.8789093704775631,7.426966749500358,2.0918773293225805
177.2781631054305,34,121.63333333333334,-8.066666666666666,90,32,90.00003038757863,0.0002267231932794045,-0.31326900221431053,0.09097989983930571,1.6866757981431706,3.02571215708796,4.544111327392646,-3.019080374284079,0.07575459710666778,0.07525156169007756,-0.6411136717584811,6.831254400730518,2.091388088533726
177.2781631054305,36,121.63333333333334,-8.066666666666666,90,32,90.00003038757863,-0.000550084309617227,-0.29443839523750426,0.08337148568500413,1.465942132833482,2.481354929860175,4.26462896433266,-2.809298894193385,0.04934725717451682,0.08162054295231048,-0.43011753462456004,6.288841009237709,2.0854188690705238
177.2781631054305,38,121.63333333333334,-8.066666666666666,90,32,90.00003038757863,-0.0011911651778903354,-0.2759313998511294,0.07594185547084814,1.2717511059749902,1.9946050897646959,4.0097714099365565,-2.610863387056529,0.02473450889171252,0.0853597055671102,-0.23891741879162406,5.790512103209744,2.077287422492274
177.2781631054305,40,121.63333333333334,-8.066666666666666,90,32,90.00003038757863,-0.001702972178394796,-0.2578635935988891,0.06868377781288232,1.100755271267222,1.5576559491929363,3.7767350450349504,-2.4198516451744503,0.002255579034833791,0.08672875205130129,-0.06354557758908774,5.328533872753949,2.0678679715124924
177.2781631054305,42,121.63333333333334,-8.066666666666666,90,32,90.00003038757863,-0.00209358417405317,-0.24033064154341247,0.061591716220149084,0.9501129674863373,1.1652325420319165,3.5622457624246797,-2.2336999392264425,-0.017860928622127424,0.08600424789877886,0.09802103395814665,4.8967660759699125,2.0567274643461118
177.2781631054305,44,121.63333333333334,-8.066666666666666,90,32,90.00003038757863,-0.0023722447586202178,-0.22341143071392672,0.054663880363775286,0.8174016799355401,0.8136587745692737,3.3630533784627543,-2.050970447766961,-0.035483640103521535,0.08346996522651183,0.24660411802401183,4.49054662216783,2.042822766891144
177.2781631054305,46,121.63333333333334,-8.066666666666666,90,32,90.00003038757863,-0.002548954588886987,-0.20716984964350155,0.047902819624290216,0.7005426172392223,0.500220224116177,3.176197821342889,-1.871111672475647,-0.050564423031961354,0.0794086027762183,0.38233504163533577,4.106488737950598,2.024930536815575
177.2781631054305,48,121.63333333333334,-8.066666666666666,90,32,90.00003038757863,-0.002634119529094703,-0.19165590175614805,0.04131516017034875,0.5977382153748252,0.22273155325244223,2.9991422484679804,-1.6942344402321219,-0.06312451118769856,0.074094901332088,0.5050072561924408,3.7422538989853917,2.0019088157865976
177.2781631054305,50,121.63333333333334,-8.066666666666666,90,32,90.00003038757863,-0.0026382540782891872,-0.17690655025042495,0.03491086196300691,0.50742163899055,-0.020750591114085247,2.829825536164349,-1.5209116387148447,-0.07324125066778799,0.06779012449306804,0.6143166986262047,3.396328961311451,1.9728482831507852
177.2781631054305,52,121.63333333333334,-8.066666666666666,90,32,90.00003038757863,-0.0025717376420270333,-0.16294651821596196,0.02870224088478973,0.4282165543506642,-0.23210899185704445,2.6666640873141274,-1.3520047213018642,-0.0810358105219028,0.06073783605925389,0.7100201859423506,3.0678205813018073,1.9371484184630736
177.2781631054305,54,121.63333333333334,-8.066666666666666,90,32,90.00003038757863,-0.002444619914235946,-0.14978915896121014,0.022702920508169633,0.35890536797368083,-0.4132698305928941,2.50852121025579,-1.188518159002161,-0.0866620682667539,0.05316087603204066,0.7920321816001488,2.756273179688482,1.8945414534755416
177.2781631054305,56,121.63333333333334,-8.066666666666666,90,32,90.00003038757863,-0.002266470831963907,-0.13743744174287142,0.016926824487231373,0.29840429121909395,-0.5662504180035214,2.3546562319204343,-1.0314820342435909,-0.09029677881168806,0.04525941636572972,0.8604748444630866,2.4615134170966524,1.8450802113017475
177.2781631054305,58,121.63333333333334,-8.066666666666666,90,32,90.00003038757863,-0.002046270144811402,-0.1258850536497042,0.011387282038342217,0.2457438197853468,-0.6931673295213908,2.204662182442803,-0.8818620769827693,-0.09213105951433025,0.03720996419445602,0.9156931181708233,2.1835222340893248,1.7891020118065533
177.2781631054305,60,121.63333333333334,-8.066666666666666,90,32,90.00003038757863,-0.001792331507493583,-0.11511759168578939,0.006096289522267928,0.2000534433658011,-0.7962182956280109,2.058398827027561,-0.7404955041978334,-0.09236316936160463,0.02916517341385786,0.9582446235251264,1.9223341070352173,1.7271782663392132
182.2025565250258,0,121.66481481481482,-8.035185185185185,90,32,90.00003038757863,0.022261948085137123,0.10582767102278923,0.07062741769770953,-5.5601255687438575,-25.056713676061374,-0.0000000000000022204460492503135,0.000000000000003754727259277327,0.00000000000000009496826960535622,-0.4177421699724901,11.260412418525531,-7.036286683560399,8.445897745101371
182.2025565250258,2,121.66481481481482,-8.035185185185185,90,32,90.00003038757863,0.021793273362515797,0.04648278837352787,0.05591188976217626,-3.749880910006046,-17.755704960443367,0.068793552086744,3.4613611887251237,0.07542175354528395,-0.39340390300076145,9.527637299927735,-8.047633605756445,6.308583857625156
182.2025565250258,4,121.66481481481482,-8.035185185185185,90,32,90.00003038757863,0.020949680330506038,-0.02685213713777823,0.04638548314456925,-2.046358056488661,-10.84632262280576,0.17696337491261524,5.598255413157344,0.14165331234586406,-0.36145440055477657,7.407945392885448,-7.950212996852583,4.227860194144415
182.2025565250258,6,121.66481481481482,-8.035185185185185,90,32,90.00003038757863,0.019781959883234862,-0.10685251211913477,0.04218137693591867,-0.47591398542450564,-4.0602761356329005,-0.06333057077543697,6.7768999097485,0.197079159805082,-0.3235272998049934,4.7670126440801885,-7.27676783899144,1.8563055084836124
182.2025565250258,8,121.66481481481482,-8.035185185185185,90,32,90.00003038757863,0.018346117173600074,-0.18664256466756335,0.04423678407286069,0.9160920885922613,2.500448306658667,-0.7466813094933287,6.693140841292473,0.24072988461978304,-0.2812798361088367,1.4748292556108626,-5.850595607415466,-0.8654089873553239
182.2025565250258,10,121.66481481481482,-8.035185185185185,90,32,90.00003038757863,0.0167007030994622,-0.2586825576496748,0.05268157832325393,2.04555879304517,8.030134268054162,-1.419028073763417,5.151402791209329,0.27225644691715606,-0.23632372963988518,-1.988199267387278,-3.3956171276718514,-3.3464461184560186
182.2025565250258,12,121.66481481481482,-8.035185185185185,90,32,90.00003038757863,0.01490433677288866,-0.3165354330865903,0.0655847265745369,2.83633553829959,11.62960096544022,-1.5003607707471687,2.618759559022377,0.2918674889907996,-0.19016790286209645,-4.752577271977307,-0.16700359478640522,-4.819378709891869
182.2025565250258,14,121.66481481481482,-8.035185185185185,90,32,90.00003038757863,0.013013542308528914,-0.3572355978954892,0.07962507347547709,3.275390893427238,13.082309652535326,-0.8395264838704958,-0.02338559910974059,0.3002408869199514,-0.14417451593882485,-6.266683463936909,3.090944785318469,-5.030305549809521
182.2025565250258,16,121.66481481481482,-8.035185185185185,90,32,90.00003038757863,0.011080979554913994,-0.3816402254407578,0.09185083992366161,3.4186470278617307,12.901200213314151,0.26271721216053895,-2.107611683831856,0.29842078347952183,-0.09952850068490522,-6.603612950865791,5.706094402630994,-4.321175189813394
182.2025565250258,18,121.66481481481482,-8.035185185185185,90,32,90.00003038757863,0.009154106606572482,-0.39283280653149166,0.10072331334048479,3.3542662979481435,11.82459984552308,1.4112059592089494,-3.436906224731679,0.2877102441203379,-0.05721981419037313,-6.1863888820209985,7.424508044888447,-3.2165856640656196
182.2025565250258,20,121.66481481481482,-8.035185185185185,90,32,90.00003038757863,0.0072742755938427495,-0.39433535539153586,0.10600287473083209,3.165559510351643,10.422602333063915,2.361724815591127,-4.12732367250085,0.2695678884037624,-0.01803699910497157,-5.431834098122626,8.33494945759048,-2.097854315086434
182.2025565250258,22,121.66481481481482,-8.035185185185185,90,32,90.00003038757863,0.0054762343420294846,-0.38913556774638125,0.10815873596897635,2.9143889365641207,9.01194570288311,3.039706980382031,-4.384433400240888,0.24551474002324641,0.017429730264137175,-4.605915506641366,8.657500409323827,-1.1429153429118348
182.2025565250258,24,121.66481481481482,-8.035185185185185,90,32,90.00003038757863,0.003787985790458387,-0.37944598751674624,0.10787656071330892,2.6405576900065095,7.726001221669549,3.4676593203563537,-4.38516009743323,0.21705538555265896,0.04877782118715849,-3.836013918685041,8.60481894730529,-0.3940863397629246
182.2025565250258,26,121.66481481481482,-8.035185185185185,90,32,90.00003038757863,0.0022309444196279005,-0.36680508158853586,0.10580232832282532,2.367273701924528,6.599981461414379,3.701592120833856,-4.2492365855320315,0.18561553240637615,0.07577609171688503,-3.16527031875082,8.334690205981147,0.16860576364163915
182.2025565250258,28,121.66481481481482,-8.035185185185185,90,32,90.00003038757863,0.0008203235482703297,-0.3522591987399758,0.10245473624084206,2.106942654089517,5.626765754553497,3.798102716241178,-4.048043074469264,0.15249634639714793,0.09834466863732608,-2.5963410515166236,7.949974693295003,0.5836488258013777
182.2025565250258,30,121.66481481481482,-8.035185185185185,90,32,90.00003038757863,-0.00043431201448865253,-0.33652181888763877,0.09821955423300643,1.865478990088724,4.785446454488569,3.8027927327335083,-3.820667649456156,0.11884461333011762,0.11653281738503223,-2.116472137036961,7.512729410378903,0.8886196271146005
182.2025565250258,32,121.66481481481482,-8.035185185185185,90,32,90.00003038757863,-0.0015283883362484374,-0.3200880858609822,0.09337290348721,1.645091036931967,4.053686869936046,3.7487736426029743,-3.5869520228670853,0.08563684252826048,0.13049607934868707,-1.7094433702651215,7.058328798214621,1.113888149020727
182.2025565250258,34,121.66481481481482,-8.035185185185185,90,32,90.00003038757863,-0.002461612015418252,-0.30331067016499763,0.08810925145879983,1.4459590868722731,3.412139369803736,3.658703250556076,-3.356055223936801,0.05367490135932451,0.14047385314187583,-1.3603926878395622,6.605867010086604,1.2819541161950796
182.2025565250258,36,121.66481481481482,-8.035185185185185,90,32,90.00003038757863,-0.003237249757687105,-0.2864481998535876,0.08256550362051907,1.2672091287293616,2.8454280367713127,3.547469673500512,-3.131557578086206,0.023590587733301777,0.14676827271882292,-1.057289034429604,6.164951560656162,1.408691589832861
182.2025565250258,38,121.66481481481482,-8.035185185185185,90,32,90.00003038757863,-0.003861430556275941,-0.2696957190863446,0.07683933158706291,1.1074649769979483,2.341829504228134,3.424525507099915,-2.9143417323892327,-0.004143364824828129,0.14972496875891678,-0.7910029227523541,5.7398818478180935,1.5049498163748833
182.2025565250258,40,121.66481481481482,-8.035185185185185,90,32,90.00003038757863,-0.004342493777462791,-0.2532037767998118,0.0710022821934635,0.965155397301893,1.892572130935914,3.2956598740560623,-2.7041551923540514,-0.029198084634664914,0.14971606655927677,-0.5548801025817567,5.332131181151427,1.5779723698788142
182.2025565250258,42,121.66481481481482,-8.035185185185185,90,32,90.00003038757863,-0.004690398221784908,-0.23709043159217186,0.06510880438967859,0.8386808377667381,1.491114805496152,3.16426413010299,-2.500421130619966,-0.05137102677042072,0.14712558253208094,-0.3442040882674827,4.941783287330063,1.6325092266645425
182.2025565250258,44,121.66481481481482,-8.035185185185185,90,32,90.00003038757863,-0.004916200435247098,-0.22144887588037876,0.05920228094223723,0.7265002791853472,1.1325270863819619,3.032208369887474,-2.3026296008852856,-0.07056756859833534,0.14233723444363813,-0.1556951932869097,4.568340235634668,1.6716409009669577
182.2025565250258,46,121.66481481481482,-8.035185185185185,90,32,90.00003038757863,-0.005031605242656889,-0.20635236890888992,0.05331893320067965,0.6271729159730494,0.8129966702548312,2.900437388430926,-2.110498063462478,-0.08678281503151097,0.1357245748351076,0.01290826555136277,4.211157014249411,1.6973710712511272
182.2025565250258,48,121.66481481481482,-8.035185185185185,90,32,90.00003038757863,-0.005048587569128238,-0.1918575343534838,0.047490246352062226,0.5393745761316132,0.5294557073137922,2.769369659426135,-1.9240076487861595,-0.1000843561087409,0.1276432866370829,0.16318130365054812,3.8696561270811936,1.7110437544830255
182.2025565250258,50,121.66481481481482,-8.035185185185185,90,32,90.00003038757863,-0.004979081917939943,-0.17800668265202596,0.04174438493956806,0.46190033559850047,0.2793075765562822,2.639159080668262,-1.743375331148014,-0.11059644427614339,0.11842543760403418,0.2962648808506032,3.543414101767695,1.7136305215576813
182.2025565250258,52,121.66481481481482,-8.035185185185185,90,32,90.00003038757863,-0.0048347341585640025,-0.16482956887448685,0.036106936541568435,0.3936599353724019,0.06023487232057424,2.509861082731034,-1.5689964217363819,-0.11848584649911553,0.10837546876548153,0.4130520498337612,3.2321753455782685,1.7059221880650686
182.2025565250258,54,121.66481481481482,-8.035185185185185,90,32,90.00003038757863,-0.0046267093239607815,-0.1523448375328456,0.030601226130551384,0.33366980314428013,-0.12992868236982577,2.3815320222200826,-1.4013772907102433,-0.12394947130601858,0.09776768550670277,0.5143196776137479,2.935827190027743,1.688650553624845
182.2025565250258,56,121.66481481481482,-8.035185185185185,90,32,90.00003038757863,-0.004365548720623141,-0.1405613024998426,0.025248374552841124,0.2810438361571989,-0.29327717064231723,2.2542822552653767,-1.2410698360530157,-0.1272037635980485,0.08684502335632455,0.6008164966442654,2.6543569955217032,1.6625592948529468
182.2025565250258,58,121.66481481481482,-8.035185185185185,90,32,90.00003038757863,-0.004061069651722343,-0.1294791430654123,0.020067223759420494,0.23498412755769424,-0.43187468415132363,2.128297582935964,-1.0886141431092564,-0.1284757901010299,0.07581887058464713,0.6733168443473289,2.3878041862863126,1.628438518861854
182.2025565250258,60,121.66481481481482,-8.035185185185185,90,32,90.00003038757863,-0.003722301312328591,-0.11909105397262798,0.015074213336855824,0.19477223868158924,-0.5477711346622264,2.003839862979943,-0.9444925550113459,-0.12799589595345884,0.06486974392174144,0.7326481779027544,2.1362149689749543,1.5871341654927362
187.1269499446211,0,121.6962962962963,-8.003703703703703,90,32,90.00003038757863,0.020201590403788966,0.017327282086318174,0.00989355483910842,-3.8031253547301813,-17.465917430950064,-0.0000000000000022204460492503127,-0.0000000000000005958555431384869,-0.00000000000000000775643359138529,-0.43993151244760836,7.8491311764016425,-4.904681588510574,5.887258540997413
187.1269499446211,2,121.6962962962963,-8.003703703703703,90,32,90.00003038757863,0.019737034687368177,-0.017894187487971003,0.000015185247540627778,-2.7856062479784782,-13.04231410894091,-0.23177342811857332,3.0662173140279134,0.08237263250798144,-0.41213493013023034,7.101159894272693,-6.5850559304173455,4.467137522105755
187.1269499446211,4,121.6962962962963,-8.003703703703703,90,32,90.00003038757863,0.018856999711833133,-0.06627576020493497,-0.0053635724035580035,-1.7393992180937472,-8.149171409672274,-0.7372645834596007,4.894962964191388,0.15446613530925923,-0.3740083687537438,5.476699217074185,-7.218198517985758,2.5894198098798817
187.1269499446211,6,121.6962962962963,-8.003703703703703,90,32,90.00003038757863,0.017618437451330626,-0.12132885161864737,-0.0056371320073595466,-0.7386315388319057,-3.2462515091664015,-1.3689227443059861,5.663388134750722,0.21426739612895215,-0.32777251509212574,3.3263317212510235,-6.986323282355496,0.5318024083088249
187.1269499446211,8,121.6962962962963,-8.003703703703703,90,32,90.00003038757863,0.01608484357731263,-0.17736642438472233,-0.0007881045648766016,0.16088609310678775,1.3037490843208344,-2.0043262865563207,5.4711420010155125,0.2605762969085182,-0.2757085933112254,0.9117513745161213,-5.992800855085857,-1.4853689675182213
187.1269499446211,10,121.6962962962963,-8.003703703703703,90,32,90.00003038757863,0.01432290980309009,-0.22945703025900854,0.008559010406619716,0.9140599358042423,5.122045247284976,-2.4622705734998855,4.4542968149335955,0.2929735010198138,-0.22004648251112852,-1.4557339432011722,-4.335980732803114,-3.190126236322418
187.1269499446211,12,121.6962962962963,-8.003703703703703,90,32,90.00003038757863,0.01239942556252227,-0.2738061180531366,0.021064588556747255,1.4905712430060858,7.896551148977912,-2.568329395344477,2.882642832005321,0.3117374769482847,-0.16287171938457826,-3.43921890617084,-2.2205421808092902,-4.327435778494556
187.1269499446211,14,121.6962962962963,-8.003703703703703,90,32,90.00003038757863,0.010378596145664248,-0.30823075447828174,0.03493024779412737,1.8821364918416903,9.51922519360691,-2.2623812656524556,1.1195105907467522,0.3177268019500608,-0.10605461195000504,-4.803857901913959,0.039854342963618034,-4.787916164728512
187.1269499446211,16,121.6962962962963,-8.003703703703703,90,32,90.00003038757863,0.008319881957773473,-0.33225352693006593,0.048401405323070384,2.103499683361018,10.118000938893445,-1.6260325705956695,-0.5087038879647167,0.31224372618921975,-0.051202178328370186,-5.500734960505084,2.129081491238765,-4.649102364009578
187.1269499446211,18,121.6962962962963,-8.003703703703703,90,32,90.00003038757863,0.006276404569424215,-0.3467095345469972,0.0601892188412364,2.185317794522525,9.964238785080061,-0.8182240193549382,-1.8091297797382015,0.29689325017244633,0.00036827823437265484,-5.63867711619875,3.835682165478409,-4.104404250007386
187.1269499446211,20,121.6962962962963,-8.003703703703703,90,32,90.00003038757863,0.004293914727731524,-0.353132820050394,0.06961263062521222,2.1639158955300988,9.348836954325048,0.0077710638231132684,-2.7294450079610493,0.27344926906128025,0.04763645482435338,-5.394357252074578,5.084086048604619,-3.3607228326327307
187.1269499446211,22,121.6962962962963,-8.003703703703703,90,32,90.00003038757863,0.0024102782298024428,-0.3532271253380708,0.07650317389645894,2.0732038788395037,8.504591026402254,0.749572036869008,-3.308415256064005,0.24373620626728582,0.0898704871474741,-4.935396322587326,5.900877182564912,-2.575045449561361
187.1269499446211,24,121.6962962962963,-8.003703703703703,90,32,90.00003038757863,0.0006554084647983904,-0.34855049520775144,0.08101787695933932,1.940638802994798,7.585764702384225,1.3597566553226375,-3.6212707472698717,0.2095313902995321,0.12660620654070237,-4.385410151427689,6.3628861227827205,-1.8402557023146011
187.1269499446211,26,121.6962962962963,-8.003703703703703,90,32,90.00003038757863,-0.0009484408714837134,-0.3403900491876391,0.08346902829241515,1.7864258105047923,6.6803830731903755,1.8300722868762176,-3.744565025622592,0.17249051358672382,0.15761791023075197,-3.821224526511014,6.557702280202985,-1.1981436144298194
187.1269499446211,28,121.6962962962963,-8.003703703703703,90,32,90.00003038757863,-0.002386114256839378,-0.3297512097624924,0.0842102211303436,1.624423349701205,5.831492168324213,2.1734529195407744,-3.741008787017791,0.13409606197146068,0.18288409204626166,-3.2838622699935005,6.563079538612627,-0.6586304545484496
187.1269499446211,30,121.6962962962963,-8.003703703703703,90,32,90.00003038757863,-0.0036488118604899866,-0.3173969757630383,0.08357523282402657,1.4635910119057471,5.055575689444228,2.4110390160103248,-3.6564856475675205,0.09562675402436996,0.20255112898279967,-2.7913447012761305,6.440090596009822,-0.21530846287220173
187.1269499446211,32,121.6962962962963,-8.003703703703703,90,32,90.00003038757863,-0.004733244414436483,-0.3038996465450591,0.08185272249608544,1.3093784731632014,4.355135018283262,2.5648146932254976,-3.522351190236346,0.058144830868950025,0.21689734057444557,-2.348661720415673,6.233430747505908,0.14471057858669045
187.1269499446211,34,121.6962962962963,-8.003703703703703,90,32,90.00003038757863,-0.005640750651848242,-0.28968820815300156,0.07928094638418548,1.1648407595152805,3.7262116936855882,2.654242055558827,-3.359098044159462,0.022497456214019294,0.22629921188089208,-1.9542715725931878,5.974403917853557,0.43548999454823534
187.1269499446211,36,121.6962962962963,-8.003703703703703,90,32,90.00003038757863,-0.0063764280205132196,-0.27508617266130186,0.076051865731388,1.0314574547755007,3.162473452497702,2.695192412539575,-3.179719358627674,-0.010671578766527266,0.23120096701200657,-1.603891860261478,5.684324498275778,0.6698379390488332
187.1269499446211,38,121.6962962962963,-8.003703703703703,90,32,90.00003038757863,-0.00694831318840386,-0.26033981254228633,0.07231862376780168,0.9097045680681926,2.6572373516666277,2.6999996206349035,-2.9922911542502213,-0.04090334102737344,0.2320881504827941,-1.2925167848122807,5.377444832827989,0.8584611483189153
187.1269499446211,40,121.6962962962963,-8.003703703703703,90,32,90.00003038757863,-0.007366636156705464,-0.24563848251787884,0.06820340020303411,0.799441229947639,2.2043505721486736,2.6779626851291995,-2.801786874468901,-0.06790139075862746,0.2294654481605875,-1.015382556486888,5.063194932960972,1.0098954166975007
187.1269499446211,42,121.6962962962963,-8.003703703703703,90,32,90.00003038757863,-0.007643161231162737,-0.23112897985487763,0.06380437095892627,0.7001654021553922,1.7984800708452653,2.6359590615702104,-2.6112862461988984,-0.09150789418422442,0.22383866694635235,-0.7683518768909099,4.747791410262135,1.130764687213944
187.1269499446211,44,121.6962962962963,-8.003703703703703,90,32,90.00003038757863,-0.007790619886176409,-0.21692562229533469,0.05920137845978457,0.6111798418284634,1.4351194423325764,2.5790193480798433,-2.4227503786480478,-0.11167991664399994,0.21570058528568592,-0.5479985385943605,4.435349367951301,1.22614120858616
187.1269499446211,46,121.6962962962963,-8.003703703703703,90,32,90.00003038757863,-0.007822234584982657,-0.20311733600258608,0.0544603218949582,0.5316977531796904,1.1104772086363228,2.5108103040520104,-2.237501957395975,-0.1284670422609504,0.20552026797312145,-0.35155065896627996,4.128630006696437,1.299901343712295
187.1269499446211,48,121.6962962962963,-8.003703703703703,90,32,90.00003038757863,-0.00775132860245259,-0.18977269491486992,0.04963643680197988,0.46090844076508736,0.8213299893282077,2.43401752806106,-2.0565113040783007,-0.14199101138051887,0.193735387399826,-0.17677812126342413,3.829531717830534,1.3550345658687897
187.1269499446211,50,121.6962962962963,-8.003703703703703,90,32,90.00003038757863,-0.0075910144597778895,-0.1769435762967001,0.04477667648647565,0.3980167337495185,0.564880390895192,2.350637146473824,-1.8805577662913977,-0.15242772050197245,0.18074708875039455,-0.021868375229084677,3.53940501116355,1.3938936292363353
187.1269499446211,52,121.6962962962963,-8.003703703703703,90,32,90.00003038757863,-0.007353952339814368,-0.1646678924076469,0.03992139987750071,0.3422654185828484,0.33863653399733845,2.2621914815183835,-1.710313094324158,-0.1599916833125332,0.16691696108490603,0.11468807362533792,3.2592487283722216,1.4183875649742266
187.1269499446211,54,121.6962962962963,-8.003703703703703,90,32,90.00003038757863,-0.007052169463488023,-0.15297171097409307,0.03510554326569104,0.2929468332458827,0.14031839721616052,2.1698839673999855,-1.5463777172573028,-0.16492288920065004,0.1525657162814497,0.2341934693008179,2.9898277611511888,1.4301245737612933
187.1269499446211,56,121.6962962962963,-8.003703703703703,90,32,90.00003038757863,-0.006696931587125338,-0.14187097300218698,0.03035942148947618,0.2494076936457533,-0.0322096464915774,2.0747069160217486,-1.389290204634269,-0.16747589820445158,0.13797322411922236,0.3378174050932104,2.7317401141210516,1.430513450741631
187.1269499446211,58,121.6962962962963,-8.003703703703703,90,32,90.00003038757863,-0.006298658309140254,-0.13137294359197121,0.02570927360503178,0.21104982140618955,-0.18098339519576898,1.9775135648674749,-1.2395230610513184,-0.16791096066673192,0.12337959851835072,0.42665107278293063,2.4854524262211277,1.4208320432713817
187.1269499446211,60,121.6962962962963,-8.003703703703703,90,32,90.00003038757863,-0.005866874593763338,-0.12147748101581662,0.02117764111888587,0.17732850171726125,-0.3079647965099152,1.879063739468617,-1.097473181006313,-0.16648693067234274,0.10898707393854273,0.5017436421960906,2.251316936229506,1.402270416687893
192.0513433642164,0,121.72777777777777,-7.972222222222222,90,32,90.00003038757863,0.016892737199912966,-0.04305027202518327,-0.020619394410637315,-2.5172127910422732,-11.628972663589897,0.0000000000000005551115123125781,0.0000000000000023774037444296067,0.00000000000000030333070327215166,-0.4209368306651036,5.226025579000265,-3.265583290536582,3.9197922627856325
192.0513433642164,2,121.72777777777777,-7.972222222222222,90,32,90.00003038757863,0.016460298176570243,-0.06371942905212838,-0.026872894637691325,-1.9624885323083021,-9.076145980718636,-0.2281313182825076,2.2832188377199523,0.08671740974462029,-0.3912103789297326,4.977168561390912,-4.76492498005202,3.0711985693701043
192.0513433642164,4,121.72777777777777,-7.972222222222222,90,32,90.00003038757863,0.015582997789103853,-0.09472394311859578,-0.03002090342495628,-1.3539216708520494,-5.925389065027101,-0.7548269851721785,3.7507252318877677,0.16243990665162264,-0.34822931542299884,3.9678447569587982,-5.577924918579368,1.7366747895270511
192.0513433642164,6,121.72777777777777,-7.972222222222222,90,32,90.00003038757863,0.014321973509836106,-0.13174656195145928,-0.02931463906665116,-0.7446236753259557,-2.5959857384250573,-1.389698964797881,4.42946704812611,0.22473728260498463,-0.2948343825162158,2.4838520507398747,-5.7096203045898415,0.20000392890393792
192.0513433642164,8,121.72777777777777,-7.972222222222222,90,32,90.00003038757863,0.012746355918161395,-0.17079065570831783,-0.024684808376212924,-0.17650852589332308,0.5791401229406747,-1.9855960997420212,4.404691431725464,0.2721584790670295,-0.23398841103549928,0.7783046223678203,-5.224291602594924,-1.3114120186701497
192.0513433642164,10,121.72777777777777,-7.972222222222222,90,32,90.00003038757863,0.010929244981063874,-0.20842580431869626,-0.01660255366097249,0.3193086954528458,3.3376022547920847,-2.422997610423415,3.807640480284734,0.30419558483658604,-0.16860751891013975,-0.9196368912869116,-4.227622656497046,-2.61068595388573
192.0513433642164,12,121.72777777777777,-7.972222222222222,90,32,90.00003038757863,0.008943987262615971,-0.24199321459986545,-0.005951995621231165,0.722830614668923,5.498087889009938,-2.6180904321143705,2.813665196763545,0.32118110001215483,-0.10142011490930794,-2.4139569108412284,-2.867855997770421,-3.561099309949397
192.0513433642164,14,121.72777777777777,-7.972222222222222,90,32,90.00003038757863,0.006860971521291365,-0.2697520520347743,0.006146907749843722,1.0256511926073475,6.981354368179693,-2.540953924672553,1.6216121952573395,0.32413999003742505,-0.03485980023678081,-3.568429158224719,-1.3244477679582398,-4.098208265408015
192.0513433642164,16,121.72777777777777,-7.972222222222222,90,32,90.00003038757863,0.004745076402165205,-0.29089477783259743,0.018556385040105955,1.230212807699536,7.812481837808808,-2.220161383966599,0.4158585888861333,0.31461796780151496,0.029006098436790112,-4.326339725029699,0.22337834590019998,-4.236988386669619
192.0513433642164,18,121.72777777777777,-7.972222222222222,90,32,90.00003038757863,0.0026538252017386244,-0.3054079651808209,0.03031392289244736,1.3473171163914248,8.094273022234848,-1.7258018583493513,-0.6675356382408723,0.2945050466409435,0.08851401866275395,-4.705740889281859,1.6317938958080045,-4.053023330958657
192.0513433642164,20,121.72777777777777,-7.972222222222222,90,32,90.00003038757863,0.0006362359067051959,-0.313832175763746,0.04074165481960579,1.3925805984727289,7.965389032852581,-1.141715523601055,-1.5538771736599815,0.2658696686224061,0.1424117239600444,-4.7738806753246745,2.812306372821224,-3.6489581261961845
192.0513433642164,22,121.72777777777777,-7.972222222222222,90,32,90.00003038757863,-0.0012676964075463149,-0.31700708250460513,0.04946133095054889,1.3830048164469295,7.563071336109663,-0.542063943901921,-2.222080197322439,0.2308143641942493,0.18984148085454564,-4.616519561878067,3.7311674240669124,-3.124052592251302
192.0513433642164,24,121.72777777777777,-7.972222222222222,90,32,90.00003038757863,-0.003026981935632611,-0.315866453253964,0.05634426859668251,1.3344833173529778,7.001188078862751,0.020370941833199093,-2.6865973702032133,0.19135948929284935,0.23030509792437756,-4.314885232009833,4.395382824547378,-2.5567321021908818
192.0513433642164,26,121.72777777777777,-7.972222222222222,90,32,90.00003038757863,-0.004619198291202081,-0.3113060836889024,0.061436030289400645,1.260451835567887,6.363277493582314,0.5153700937586412,-2.9793445245049037,0.14935754347289643,0.2636170979612534,-3.9340908461091635,4.83536397758099,-1.9999452550767676
192.0513433642164,28,121.72777777777777,-7.972222222222222,90,32,90.00003038757863,-0.006029751180423121,-0.30411682555061986,0.06488473126743893,1.17146450836388,5.704982064552159,0.9307316449057992,-3.136736386598517,0.10643722802601152,0.28985176799635837,-3.5205886197373406,5.090690028054384,-1.4843126085155869
192.0513433642164,30,121.72777777777777,-7.972222222222222,90,32,90.00003038757863,-0.007250944900229261,-0.2949626271734308,0.06688618219155912,1.0753444122486384,5.060291744421742,1.2662132295249684,-3.1924440767552547,0.06397396661763993,0.30928891263055885,-3.1045229030254005,5.200994941512469,-1.0241249264204124
192.0513433642164,32,121.72777777777777,-7.972222222222222,90,32,90.00003038757863,-0.008280958971264768,-0.2843840995812177,0.0676478047900183,0.9776042419608549,4.448109818796222,1.528262818670381,-3.174412333987688,0.023082147968504597,0.3223620022222714,-2.7037412449219755,5.201340886073171,-0.623204890492707
192.0513433642164,34,121.72777777777777,-7.972222222222222,90,32,90.00003038757863,-0.009122808207451427,-0.27281364861251417,0.06736792897876864,0.8819380936760691,3.8776294915596035,1.7262732253957684,-3.10437859537953,-0.015376216387713778,0.32961123233795353,-2.32768300711893,5.120602100688324,-0.27944216684360024
192.0513433642164,36,121.72777777777777,-7.972222222222222,90,32,90.00003038757863,-0.009783343542746847,-0.2605938911002072,0.06622579088224434,0.7906793472009982,3.3521997027528205,1.8702711227226083,-2.9985715864655456,-0.050771578990557925,0.33164293519085924,-1.98046144142976,4.981516336511117,0.012145093174686705
192.0513433642164,38,121.72777777777777,-7.972222222222222,90,32,90.00003038757863,-0.010272332248637966,-0.24799519743037257,0.06437815109504125,0.7051823952590568,2.871880999681956,1.969672265225721,-2.868798063332232,-0.08268021999849216,0.3290958985770829,-1.6630480867734938,4.801484113028078,0.2575455584377375
192.0513433642164,40,121.72777777777777,-7.972222222222222,90,32,90.00003038757863,-0.010601640191519462,-0.2352306967377485,0.06195958323845702,0.6261206539906059,2.435031867494668,2.0327283034557477,-2.723521907411334,-0.11085454120723934,0.3226144917966706,-1.3747073054082872,4.5935862234593285,0.4627271839754443
192.0513433642164,42,121.72777777777777,-7.972222222222222,90,32,90.00003038757863,-0.010784526129120342,-0.22246839310107597,0.05908452860208413,0.5537092374941043,2.0392394235551436,2.0663776381958687,-2.568776936062989,-0.13519300450549077,0.3128280669436253,-1.1138817097074862,4.367558252416468,0.633141591259101
192.0513433642164,44,121.72777777777777,-7.972222222222222,90,32,90.00003038757863,-0.01083504876573757,-0.2098406352473592,0.05584999047027017,0.487866075425511,1.6818331307429932,2.0763081607705116,-2.408876737224646,-0.15571155792558344,0.30033586546566005,-0.878705999125107,4.130617951089237,0.7735411813105878
192.0513433642164,46,121.72777777777777,-7.972222222222222,90,32,90.00003038757863,-0.010767581028201162,-0.19745138998543738,0.052338257566488744,0.4283254962381658,1.360146079057072,2.067114672653457,-2.2469382683151604,-0.17251766359146278,0.28569656881541894,-0.6672831661341924,3.888122430378045,0.8879658060170256
192.0513433642164,48,121.72777777777777,-7.972222222222222,90,32,90.00003038757863,-0.010596422244754683,-0.18538179135723787,0.04861936296304642,0.37471644424137573,1.0716307045186029,2.042484732070675,-2.085253771741549,-0.1857874811001604,0.2694216419465317,-0.47781601808665874,3.6440685900702237,0.9798114179414309
192.0513433642164,50,121.72777777777777,-7.972222222222222,90,32,90.00003038757863,-0.010335497013388317,-0.1736943822191982,0.044753167642480385,0.3266150832105198,0.8138954670167735,2.0053784861415442,-1.9255470410520055,-0.19574636145665872,0.2519716890330672,-0.30865518379617096,3.4014630816823983,1.0519300488767884
192.0513433642164,52,121.72777777777777,-7.972222222222222,90,32,90.00003038757863,-0.009998128983161658,-0.16243638672201594,0.04079105657608445,0.2835792442295626,0.5847024151082991,1.9581867347538764,-1.7691452667486547,-0.20265254708239186,0.23375514107559853,-0.1583023179851186,3.1625897558730536,1.1067335843641029
192.0513433642164,54,121.72777777777777,-7.972222222222222,90,32,90.00003038757863,-0.009596878080293691,-0.15164227522341744,0.036777283603699695,0.24517024543194435,0.3819486729227714,1.9028618841903628,-1.6170913091585297,-0.20678382220834784,0.2151287035785387,-0.025392148578177367,2.929199553845395,1.1462876729599807
192.0513433642164,56,121.72777777777777,-7.972222222222222,90,32,90.00003038757863,-0.009143430534290231,-0.141335816812736,0.03275002102941699,0.2109660882757734,0.20364442775537714,1.8410219141470547,-1.4702152301687745,-0.2084267849772706,0.19639909611932133,0.09133278062347684,2.702643389823338,1.1723901365528122
192.0513433642164,58,121.72777777777777,-7.972222222222222,90,32,90.00003038757863,-0.008648532142125243,-0.13153176110207415,0.028742173713714736,0.1805688784422065,0.04789366862704351,1.7740301034579715,-1.3291788973921526,-0.20786839179069488,0.17782570758824875,0.1930470412969664,2.4839641697106876,1.1866327091812414
192.0513433642164,60,121.72777777777777,-7.972222222222222,90,32,90.00003038757863,-0.008121956378861706,-0.12223724953701143,0.024782013217592602,0.15360846368888348,-0.08711980253333557,1.7030542977494911,-1.1945035253051013,-0.20538943546009866,0.15962386870227874,0.28086316859594157,2.2739602410822126,1.1904472650288267
196.97573678381167,0,121.75925925925927,-7.940740740740741,90,32,90.00003038757863,0.012510250764222769,-0.08250118735312098,-0.0348066623272833,-1.6771613192312222,-7.518219461544223,-0.000000000000004718447854656915,-0.00000000000000023353122044734936,0.00000000000000012567923771452184,-0.3526866549759372,3.378665346280272,-2.111224487187564,2.534175551405246
196.97573678381167,2,121.75925925925927,-7.940740740740741,90,32,90.00003038757863,0.012136663218662497,-0.09459247620378519,-0.03855192353754233,-1.373337637458081,-6.051273458485796,-0.16901595480710954,1.607909471711597,0.08752942658886065,-0.3232663524311758,3.3483300003769183,-3.2660181830107335,2.041922727172625
196.97573678381167,4,121.75925925925927,-7.940740740740741,90,32,90.00003038757863,0.011305164482171587,-0.11425783917095053,-0.04030148280194251,-1.0248954498655791,-4.0824399416336545,-0.5794958648223701,2.7240783835844424,0.16391087405120694,-0.27785467577427153,2.768369853519553,-4.011558530001083,1.1637464415191199
196.97573678381167,6,121.75925925925927,-7.940740740740741,90,32,90.00003038757863,0.010078051307481628,-0.13884881922293713,-0.039383084594093676,-0.6625024503273922,-1.8867889616039,-1.0950176124562085,3.3188339435714376,0.2263324208272217,-0.21983608261336451,1.8107005655845587,-4.300306619007343,0.09057791798162129
196.97573678381167,8,121.75925925925927,-7.940740740740741,90,32,90.00003038757863,0.008527021454140443,-0.1657490566911035,-0.03561972849625428,-0.3122487709132924,0.2975569450242227,-1.5997626110826797,3.4256092734889125,0.27309588647850613,-0.1528055757789708,0.6490383394153288,-4.145885127806241,-1.0093157117071678
196.97573678381167,10,121.75925925925927,-7.940740740740741,90,32,90.00003038757863,0.0067285991732451145,-0.1926142477646377,-0.029239756430297886,0.005600723984385548,2.281587323396421,-2.0041734770600463,3.1221179174691938,0.30358287954962393,-0.08033471530958212,-0.5573618928861475,-3.6068110113769656,-2.000086297436934
196.97573678381167,12,121.75925925925927,-7.940740740740741,90,32,90.00003038757863,0.004759888121758482,-0.21753701898185562,-0.020768947158324114,0.27715492434162686,3.9331024854544294,-2.24915266833863,2.5149965130209715,0.3181381732881104,-0.005774495855802985,-1.6757853015950683,-2.7735501245639886,-2.7852053514206636
196.97573678381167,14,121.75925925925927,-7.940740740740741,90,32,90.00003038757863,0.0026949197063591,-0.2391412727538167,-0.01090894361315134,0.4949222003834425,5.180918368100328,-2.3091537541785687,1.7234333901069385,0.317896947261218,0.06789469336094064,-2.6105127671915507,-1.7548451161485759,-3.312450813650981
196.97573678381167,16,121.75925925925927,-7.940740740740741,90,32,90.00003038757863,0.0006017612669723393,-0.2566017460456875,-0.0004123509936957148,0.6572629112258856,6.01202012441455,-2.1908450924890537,0.8614343277669217,0.30458259618930805,0.13816256235259994,-3.3087153537892693,-0.6616142451570199,-3.573361051852077
196.97573678381167,18,121.75925925925927,-7.940740740740741,90,32,90.00003038757863,-0.0014595492788239683,-0.26959230314523525,0.010026117664646145,0.7672719725746127,6.460029670629114,-1.925691662998308,0.022660323424241912,0.28029893415185775,0.20303980134687025,-3.7585846413342683,0.4087729011965381,-3.595075480855653
196.97573678381167,20,121.75925925925927,-7.940740740740741,90,32,90.00003038757863,-0.003438258590138077,-0.2781827366773195,0.01984411172695033,0.8312867383695427,6.587888166126107,-1.5585375381908997,-0.7280021672923667,0.24733593073893437,0.26106619670817405,-3.9801146436422243,1.3834203385061405,-3.426746508239768
196.97573678381167,22,121.75925925925927,-7.940740740740741,90,32,90.00003038757863,-0.005293422098565703,-0.2827141615459371,0.028644565809129385,0.8573390523396629,6.470111523462248,-1.136214271565972,-1.3550457324689265,0.2080025455570508,0.3112843127968364,-4.012273127152734,2.2176587819453717,-3.1252096143745853
196.97573678381167,24,121.75925925925927,-7.940740740740741,90,32,90.00003038757863,-0.006993817795579754,-0.28368104460939797,0.036192784268587075,0.8538398776979211,6.179011761256536,-0.6993477616513595,-1.8472030469499643,0.16449451949746388,0.3531882320792228,-3.900874786512415,2.8924499246645436,-2.7438948166465975
196.97573678381167,26,121.75925925925927,-7.940740740740741,90,32,90.00003038757863,-0.008517390581000317,-0.2816372629911741,0.04239076065012759,0.8286517574767475,5.776582796803238,-0.2783747048354185,-2.209878834689594,0.11879975078913492,0.3866568409395381,-3.689826940324109,3.408170653769225,-2.3265586788164185
196.97573678381167,28,121.75925925925927,-7.940740740740741,90,32,90.00003038757863,-0.009850370499975142,-0.2771316570270865,0.04724228089651811,0.7885632346650793,5.311430906352867,0.10696668025296498,-2.457866347850697,0.07263961539181069,0.41188020555186283,-3.4163283367714676,3.777570957741128,-1.9052999536750164
196.97573678381167,30,121.75925925925927,-7.940740740740741,90,32,90.00003038757863,-0.010986196731016862,-0.2706702177283949,0.05081864778716244,0.7390893045418812,4.819078460055608,0.44608624881137143,-2.6097527893369907,0.02744158215493124,0.42928600186837695,-3.1092498967784716,4.019715818530801,-1.5013635693661511
196.97573678381167,32,121.75925925925927,-7.940740740740741,90,32,90.00003038757863,-0.011924358771921578,-0.2626983423527204,0.053230236770754225,0.6844912264647913,4.323969094077302,0.7352098456475574,-2.6843043081417584,-0.015663206361142053,0.43947108048268024,-2.7894991503773103,4.155621946833419,-1.1272503716439428
196.97573678381167,34,121.75925925925927,-7.940740740740741,90,32,90.00003038757863,-0.012669241607613957,-0.25359624199054803,0.05460547566784307,0.6279180274000662,3.8419819211195065,0.9750864918419213,-2.698511454541553,-0.055824207803215474,0.44314136805553644,-2.4713236828959726,4.205558117164378,-0.7891004360302214
196.97573678381167,36,121.75925925925927,-7.940740740740741,90,32,90.00003038757863,-0.013229036633560232,-0.24368188051096645,0.05507672937711294,0.5715976864423921,3.3827902474931304,1.169119001991645,-2.66678854016144,-0.09244401710966767,0.4410616617278514,-2.163860253015297,4.187643486126091,-0.4888028585648603
196.97573678381167,38,121.75925925925927,-7.940740740740741,90,32,90.00003038757863,-0.013614757498690983,-0.23321752842987328,0.054771685393755154,0.5170328692297828,2.9517896155874626,1.3220117135252516,-2.6008644507688823,-0.1251445987943508,0.4340155906704535,-1.8725610912412676,4.117318344169327,-0.22563375357353666
196.97573678381167,40,121.75925925925927,-7.940740740740741,90,32,90.00003038757863,-0.013839381374670945,-0.22241750734775245,0.053808697074414436,0.4651773025281849,2.551546879457685,1.4388813811663905,-2.5100268606129186,-0.15373142005599197,0.42277513465650485,-1.6003517280862343,4.0073311034426204,0.0025807132908139963
196.97573678381167,42,121.75925925925927,-7.940740740740741,90,32,90.00003038757863,-0.013917121987498532,-0.21145578824470607,0.05229475367567088,0.4165830839000274,2.1828276506693576,1.524725501276371,-2.401505669536484,-0.17815845578047762,0.4080785691350292,-1.348499746419202,3.8679890769390703,0.19869588435642638
196.97573678381167,44,121.75925925925927,-7.940740740740741,90,32,90.00003038757863,-0.013862830868112602,-0.20047281146521134,0.050325064807534736,0.37151754445335605,1.8452930851089515,1.584141042716916,-2.2808756416983123,-0.19849594746685137,0.39061547707587346,-1.1172308221142115,3.7075137508653153,0.3657746782319147
196.97573678381167,46,121.75925925925927,-7.940740740740741,90,32,90.00003038757863,-0.01369151707001448,-0.18958131095633285,0.04798355100291324,0.3300524915524701,1.5379552047269498,1.6212055948938338,-2.1524200152850663,-0.2149019283214932,0.37101744535156095,-0.9061461520235484,3.5324099791878187,0.5068178396515791
196.97573678381167,48,121.75925925925927,-7.940740740740741,90,32,90.00003038757863,-0.0134179722679659,-0.17887114643860935,0.0453437766932987,0.2921303206026346,1.2594645645479967,1.6394561843182875,-2.0194332675971203,-0.2275978903908375,0.34985316941063355,-0.7144939739402482,3.347803653312377,0.6246274873847028
196.97573678381167,50,121.75925925925927,-7.940740740740741,90,32,90.00003038757863,-0.013056486896940667,-0.16841324979682454,0.04247004071599708,0.25761173396721304,1.0082861014139166,1.6419215294721548,-1.8844605959033818,-0.23684854398755412,0.32762686186859985,-0.5413390787657735,3.1577295241484142,0.7217527308935923
196.97573678381167,52,121.75925925925927,-7.940740740740741,90,32,90.00003038757863,-0.012620643120016095,-0.1582628273561012,0.039418461994658816,0.22630936722528508,0.7828030599873473,1.6311792811226484,-1.7494807062335023,-0.2429453646121056,0.30477905390437315,-0.38566392025931595,2.9653658419167646,0.8004824165073898
196.97573678381167,54,121.75925925925927,-7.940740740740741,90,32,90.00003038757863,-0.012123171376571346,-0.14846196002335682,0.03623797766526865,0.19801092276260673,0.5813763373735551,1.609420997601836,-1.6160417502765807,-0.2461934939015123,0.2816890650013983,-0.24642567545635752,2.773219929534501,0.8628622963574429
196.97573678381167,56,121.75925925925927,-7.940740740740741,90,32,90.00003038757863,-0.011575858653960602,-0.13904172744945037,0.032971220086071396,0.17249467417342532,0.4023773365425966,1.5785151352164954,-1.485360530540641,-0.24690151866042379,0.2586785815888646,-0.12258618987923509,2.583271875130575,0.9107225601729949
196.97573678381167,58,121.75925925925927,-7.940740740740741,90,32,90.00003038757863,-0.01098949817200301,-0.1300239608997355,0.029655267712906386,0.1495395385118748,0.244205889131403,1.5400631772644393,-1.3583940234177128,-0.2453736631798527,0.2360159225976459,-0.013126161428567854,2.3970842167110638,0.9457075252558578
196.97573678381167,60,121.75925925925927,-7.940740740740741,90,32,90.00003038757863,-0.010373871698338227,-0.12142270784482118,0.026322279938515325,0.1289313563544789,0.10530034527253931,1.4954470073405055,-1.2358907203195293,-0.24190397066231475,0.21392067962954642,0.08294910822657661,2.2158849908339753,0.9693031045601668
201.90013020340697,0,121.79074074074074,-7.909259259259259,90,32,90.00003038757863,0.0073892127613179315,-0.10697353223892492,-0.03998301850450148,-1.1488143959866512,-4.699639087112168,-0.000000000000002914335439641036,-0.0000000000000011000088825224604,0.00000000000000032674842017011255,-0.2367734844753851,2.1120037490802117,-1.3197264555000179,1.5841131668802046
201.90013020340697,2,121.79074074074074,-7.909259259259259,90,32,90.00003038757863,0.0070938723932526815,-0.11397067130432939,-0.04206726050099363,-0.9800173430573463,-3.8524381235096836,-0.11568428623705455,1.110028936521718,0.08427783800995033,-0.2101788305414892,2.1658906116082344,-2.1627060717820408,1.3008081828954179
201.90013020340697,4,121.79074074074074,-7.909259259259259,90,32,90.00003038757863,0.006347610431847173,-0.12635394602094602,-0.04289965363488957,-0.7807071190129474,-2.6323801058264564,-0.40785231377427245,1.9302026018278686,0.15793228897811964,-0.16556251390875631,1.8458411781949797,-2.7673864168413687,0.7388866114584323
201.90013020340697,6,121.79074074074074,-7.909259259259259,90,32,90.00003038757863,0.0052101858313700344,-0.14253582591132752,-0.041952087286923456,-0.5673187598037317,-1.2045478574695,-0.7913204136521282,2.420513864324047,0.21787840709925602,-0.10663988542999774,1.246786493690594,-3.0829040915843873,0.013624857056838913
201.90013020340697,8,121.79074074074074,-7.909259259259259,90,32,90.00003038757863,0.0037518830926021596,-0.16085634408015675,-0.03901385626426307,-0.35469191582257714,0.2764009586293342,-1.18708319088542,2.5848910624525496,0.2622122584803742,-0.037443520699070885,0.47545611069392457,-3.099400425857533,-0.7643040596490887
201.90013020340697,10,121.79074074074074,-7.909259259259259,90,32,90.00003038757863,0.0020486542688031573,-0.17975250021185807,-0.03415229625174576,-0.1550171197369369,1.680321329222703,-1.5306783692896755,2.460792292901635,0.2901871557174492,0.03797032051665878,-0.3642734862435778,-2.8407287921604785,-1.500565003107769
201.90013020340697,12,121.79074074074074,-7.909259259259259,90,32,90.00003038757863,0.00017757222136685624,-0.19788181677577132,-0.027649979484561216,0.022719648057558453,2.9098067078876033,-1.7768790567395154,2.108044730756991,0.30209490694876784,0.11577231756905011,-1.1820767482927075,-2.355488134402487,-2.1242720020537025
201.90013020340697,14,121.79074074074074,-7.909259259259259,90,32,90.00003038757863,-0.001787096647516917,-0.21419820573670736,-0.01993007084567111,0.1728806510885616,3.9035675878452363,-1.9014758158373817,1.5976320355239972,0.2990816009260416,0.19255262893804978,-1.9084135177113426,-1.7072780427182201,-2.5913247347986306
201.90013020340697,16,121.79074074074074,-7.909259259259259,90,32,90.00003038757863,-0.003777008111090746,-0.2279813699018512,-0.01148013147792959,0.2929729978451313,4.635241430454373,-1.9002100111018436,1.0011472285013616,0.2829282844841505,0.2654493809299423,-2.4981384167600105,-0.964786130379335,-2.8840528689117444
201.90013020340697,18,121.79074074074074,-7.909259259259259,90,32,90.00003038757863,-0.005731963467265011,-0.23882501245893342,-0.0027842958528986883,0.3831679246829011,5.108109169332,-1.7850512319197573,0.382118491111566,0.2558239932999716,0.33221473330486007,-2.9302560649508407,-0.1927981711346705,-3.007375333404709
201.90013020340697,20,121.79074074074074,-7.909259259259259,90,32,90.00003038757863,-0.007601254794092294,-0.24659396749385915,0.005728149168342994,0.44564134322643195,5.347027396953825,-1.578696385225427,-0.20961697869565926,0.22015335505328154,0.39122580394250756,-3.2042896752697145,0.5545492599499239,-2.982469971289745
201.90013020340697,22,121.79074074074074,-7.909259259259259,90,32,90.00003038757863,-0.009344218839230756,-0.2513636097853993,0.013713787978409664,0.4838559251488847,5.389496477935811,-1.308670580387149,-0.7400475839687507,0.1783145266495028,0.4414513815349845,-3.3345518007627124,1.2374217238525982,-2.839583111221673
201.90013020340697,24,121.79074074074074,-7.909259259259259,90,32,90.00003038757863,-0.010930133564911126,-0.25335484325493257,0.02092645055716863,0.5018973906952715,5.27767414691247,-1.0023195627251158,-1.1901246941102477,0.13257650129690374,0.4823870713367563,-3.3439267295425323,1.8308702593525743,-2.611578625801503
201.90013020340697,26,121.79074074074074,-7.909259259259259,90,32,90.00003038757863,-0.01233761425188365,-0.25287489137916075,0.02721326682873565,0.5039423583401558,5.052446953061509,-0.6834277524460918,-1.552999159867359,0.0849786393311908,0.5139715119850568,-3.258474934256772,2.3231150128581843,-2.329228929113498
201.90013020340697,28,121.79074074074074,-7.909259259259259,90,32,90.00003038757863,-0.01355366791462001,-0.25026967661652,0.032501207469040116,0.4938893327989972,4.749839040392546,-0.3705544429140344,-1.83053483600169,0.037270273039346734,0.5364949279888933,-3.1035431100289133,2.712599729236584,-2.0185032183342795
201.90013020340697,30,121.79074074074074,-7.909259259259259,90,32,90.00003038757863,-0.01457255075492539,-0.2458894898091459,0.03677951785204897,0.47514561358071594,4.399431174184425,-0.07674252400474843,-2.029986617444978,-0.00911521748039521,0.5505090186291027,-2.901466537701909,3.004771512265222,-1.69955793279582
201.90013020340697,32,121.79074074074074,-7.909259259259259,90,32,90.00003038757863,-0.015394549375162686,-0.2400668609519317,0.04008201614914725,0.4505397787208182,4.024195191264985,0.18990605774377403,-2.1613225758094754,-0.05305929695272434,0.5567445415430871,-2.670579398300002,3.2092136254826196,-1.386893948106954
201.90013020340697,34,121.79074074074074,-7.909259259259259,90,32,90.00003038757863,-0.016024778079018726,-0.23310417469951442,0.04247158121647582,0.4223217063409757,3.6411474389397873,0.42525040726457425,-2.235327491070018,-0.09373799900822902,0.5560403771588959,-2.425117430063723,3.33741972873924,-1.0901495385680269
201.90013020340697,36,121.79074074074074,-7.909259259259259,90,32,90.00003038757863,-0.016472056327348578,-0.22526827861841464,0.04402780150523666,0.3922149277018949,3.262358574569318,0.6280543183915117,-2.2624157045032263,-0.1305897278578091,0.5492856735304251,-2.175626044580576,3.401250723055644,-0.8151257553583182
201.90013020340697,38,121.79074074074074,-7.909259259259259,90,32,90.00003038757863,-0.01674790535775142,-0.2167896471271925,0.04483786010942242,0.36149393156099435,2.8960211533054157,0.7990400393096297,-2.2519923164386486,-0.16327714986264222,0.5373750285520222,-1.9295853000808783,3.4119798747653647,-0.5647933501747322
201.90013020340697,40,121.79074074074074,-7.909259259259259,90,32,90.00003038757863,-0.016865682738444188,-0.20786421693471585,0.044990253154002624,0.3310678144454324,2.5474146682027508,0.9401302682647512,-2.2121910954550943,-0.19164771367606004,0.5211755901408489,-1.692069339443561,3.379783101296314,-0.3401560989250354
201.90013020340697,42,121.79074074074074,-7.909259259259259,90,32,90.00003038757863,-0.016839858643245803,-0.19865657369055573,0.04457075890784484,0.30155921857871276,2.2197030064147345,1.0538887670898016,-2.1498448075910246,-0.21569590205616065,0.5015043742674389,-1.4663431444580477,3.313533937764306,-0.14092956935232537
201.90013020340697,44,121.79074074074074,-7.909259259259259,90,32,90.00003038757863,-0.016685427528871255,-0.18930363967950742,0.04366007150847295,0.2733730666349783,1.9145553907659072,1.1431355788332531,-2.0705821141246727,-0.23552908730166555,0.47911389976254704,-1.2543569823811611,3.2207882675420123,0.033958324635643855
201.90013020340697,46,121.79074074074074,-7.909259259259259,90,32,90.00003038757863,-0.01641744285084401,-0.1799183608591407,0.04233259438609871,0.24675325071063867,1.63260964971432,1.2107004023654357,-1.978980834515882,-0.25133790626529173,0.4546842939170825,-1.0571326168640047,3.1078747975422862,0.1860173021529099
201.90013020340697,48,121.79074074074074,-7.909259259259259,90,32,90.00003038757863,-0.016050659502642783,-0.1705931288439812,0.040655996919531645,0.2218275604870624,1.3738068496951776,1.2592774460286758,-1.8787351092844897,-0.26337139315367414,0.4288202258596506,-0.8750521984633401,2.980034885646864,0.31696175579540564
201.90013020340697,50,121.79074074074074,-7.909259259259259,90,32,90.00003038757863,-0.015599267878673745,-0.16140282374458031,0.03869124291497256,0.1986422006793645,1.1376269925893752,1.2913503780550097,-1.7728133702401223,-0.2719166728708449,0.40205129318618216,-0.708067163040996,2.8415767360810102,0.428563531391408
201.90013020340697,52,121.79074074074074,-7.909259259259259,90,32,90.00003038757863,-0.015076704064145935,-0.152407452137375,0.03649288798819772,0.1771876417538331,0.9232518013558567,1.3091629154024156,-1.6635964826411085,-0.2772827722044534,0.3748347658330791,-0.5558451619750411,2.6960241212328198,0.522564486518087
201.90013020340697,54,121.79074074074074,-7.909259259259259,90,32,90.00003038757863,-0.0144955220426487,-0.1436544016832919,0.034109511512515955,0.15741755867030807,0.7296755341115346,1.314717192467091,-1.5529928395946333,-0.27978799711436225,0.34755984710493876,-0.4178710488419321,2.5462497728085607,0.6006288602814922
201.90013020340697,56,121.79074074074074,-7.909259259259259,90,32,90.00003038757863,-0.013867315557846566,-0.1351803554519448,0.03158419890473535,0.13926243194724192,0.555779764014924,1.3097875451681444,-1.4425312219225634,-0.2797503051099912,0.32055282950041175,-0.2935149978357384,2.394589756312209,0.6643209046891453
201.90013020340697,58,121.79074074074074,-7.909259259259259,90,32,90.00003038757863,-0.013202679088956393,-0.12701291546625038,0.02895502491265406,0.1226391310320055,0.400383764237923,1.2959415716540355,-1.3334341438759953,-0.2774801356755527,0.2940826982491523,-0.18207783465233904,2.2429386891202068,0.7150976409957437
201.90013020340697,60,121.79074074074074,-7.909259259259259,90,32,90.00003038757863,-0.01251119913327775,-0.1191719832830836,0.026255511785023944,0.10745753746072319,0.2622787139800184,1.2745634069450689,-1.2266750574896297,-0.27327522266356985,0.2683668706422892,-0.082821025754478,2.0928274997439704,0.7543099741431102
206.82452362300225,0,121.82222222222222,-7.877777777777777,90,32,90.00003038757863,0.0019760228156568416,-0.12078843032389919,-0.040134255162383004,-0.8131579296622734,-2.7985048736011384,-0.0000000000000024980018054066022,-0.0000000000000012164197789887505,0.00000000000000017877992915936803,-0.08667938487052224,1.2576397351045567,-0.7858605414328932,0.9432955185313994
206.82452362300225,2,121.82222222222222,-7.877777777777777,90,32,90.00003038757863,0.001766032534760431,-0.12472192401139864,-0.041161113140174566,-0.7178917762054399,-2.3082928682040516,-0.07711828812897471,0.7600467282525942,0.07711500912919236,-0.06501315119303072,1.335865717333727,-1.3867897727520306,0.7811498082329147
206.82452362300225,4,121.82222222222222,-7.877777777777777,90,32,90.00003038757863,0.001132771132178384,-0.13242824263645894,-0.04140901579742218,-0.6031202251506103,-1.5545486826522181,-0.27779237681715735,1.3496070650788388,0.14477771266076497,-0.024476696695565247,1.1653992079664632,-1.8493427616912894,0.42566210328994747
206.82452362300225,6,121.82222222222222,-7.877777777777777,90,32,90.00003038757863,0.000129867238939263,-0.14295984232961534,-0.04048899850689969,-0.4774177815507257,-0.6336757861766977,-0.5512115043989227,1.7340171449098076,0.19980690931184078,0.031202420704692063,0.7972022060145845,-2.1328929504273946,-0.055954974156373405
206.82452362300225,8,121.82222222222222,-7.877777777777777,90,32,90.00003038757863,-0.0011779406204986964,-0.15527798229157905,-0.03820590735693774,-0.3488559353576393,0.35804069306401415,-0.8467643245876685,1.9056538223435406,0.24017736429551145,0.09787678780527759,0.2939477825581482,-2.221228004214053,-0.594543419127473
206.82452362300225,10,121.82222222222222,-7.877777777777777,90,32,90.00003038757863,-0.0027195768283076738,-0.16835954834084532,-0.03454558318341497,-0.22438693443523705,1.334584889257484,-1.1203913964939658,1.8793961243647461,0.2650136012335645,0.17130845011774587,-0.27938607146068634,-2.12018868569743,-1.1274615457396584
206.82452362300225,12,121.82222222222222,-7.877777777777777,90,32,90.00003038757863,-0.004422153966127412,-0.18128154433111898,-0.029643504759214512,-0.10946736075664674,2.226929301062318,-1.3386191244380834,1.6864643026747277,0.2744838784743469,0.24745538689091448,-0.8630496118414099,-1.8531457623373044,-1.6043079167763317
206.82452362300225,14,121.82222222222222,-7.877777777777777,90,32,90.00003038757863,-0.006214924284163342,-0.19327879907735984,-0.023742791425450382,-0.007903215466337002,2.986449963821923,-1.4804223212372565,1.3677154019276494,0.26962350609430247,0.322695422469882,-1.4078321690467372,-1.45535460207278,-1.9899740098758492
206.82452362300225,16,121.82222222222222,-7.877777777777777,90,32,90.00003038757863,-0.008032447326083464,-0.2037742806435613,-0.01714880749899589,0.0781162665147836,3.585362648997027,-1.537153658630118,0.967232742097561,0.25211851921665207,0.393978689111254,-1.8780366559859654,-0.9680202089095822,-2.2652447395497983
206.82452362300225,18,121.82222222222222,-7.877777777777777,90,32,90.00003038757863,-0.009816877952871117,-0.21238453747576183,-0.010186607435587663,0.14783792218703193,4.014696665743424,-1.510891499934237,0.5269163951183383,0.2240784057031933,0.4589090612630765,-2.2521979002240795,-0.4328159463613241,-2.4253242787686093
206.82452362300225,20,121.82222222222222,-7.877777777777777,90,32,90.00003038757863,-0.011519378433120953,-0.21890528570135848,-0.0031659512674200307,0.2016665116870014,4.28055408799606,-1.4117260004015038,0.0825992058723907,0.18782148840929946,0.5157621108894693,-2.5218845575793534,0.11250869423239843,-2.476881079886394
206.82452362300225,22,121.82222222222222,-7.877777777777777,90,32,90.00003038757863,-0.013100735087602289,-0.2232836940841067,0.003643403148607255,0.2408419687034223,4.399553841532758,-1.2546197993049735,-0.338088917511046,0.14568992752328935,0.5634518400924544,-2.6891771362184294,0.6370260357532457,-2.434366721917131
206.82452362300225,24,121.82222222222222,-7.877777777777777,90,32,90.00003038757863,-0.014531310827187394,-0.22558417009228524,0.010025603279283368,0.2671207289572767,4.394322188099575,-1.0564481236340202,-0.7162330696538202,0.09990423497818912,0.6014607420962214,-2.76353573997113,1.1179528347809506,-2.3163546060587494
206.82452362300225,26,121.82222222222222,-7.877777777777777,90,32,90.00003038757863,-0.015790490204907248,-0.22595349491849753,0.015823089289702275,0.28249798757242006,4.289666927025084,-0.8336458432599964,-1.040913839299519,0.05246062970080105,0.6297478683625063,-2.758707947677262,1.5406214561208613,-2.142459365228917
206.82452362300225,28,121.82222222222222,-7.877777777777777,90,32,90.00003038757863,-0.016865776727628068,-0.22458944607216402,0.02093384406480636,0.2889917776120752,4.109760069842358,-0.6006475550888379,-1.3077597014910416,0.005069237180100947,0.6486480006434492,-2.6901271045096347,1.8975094948743323,-1.9311233065599018
206.82452362300225,30,121.82222222222222,-7.877777777777777,90,32,90.00003038757863,-0.01775168855592421,-0.22171516664933133,0.025304187137000056,0.2884943402920341,3.8763669874147224,-0.3690936943621331,-1.5172369278822964,-0.04087253520509146,0.6587723548340432,-2.5730100807840786,2.1867764302729116,-1.6982995086749137
206.82452362300225,32,121.82222222222222,-7.877777777777777,90,32,90.00003038757863,-0.018448574581854366,-0.21755994767805192,0.028919500165507872,0.2826847759844359,3.607968651932538,-0.147643968695848,-1.6730160048607334,-0.08427906585403122,0.6609181216545184,-2.421162852802986,2.410683060450191,-1.4568896286229092
206.82452362300225,34,121.82222222222222,-7.877777777777777,90,32,90.00003038757863,-0.018961444099578117,-0.2123460019324482,0.03179466857568097,0.2729906148068839,3.319539603649672,0.05780611796208875,-1.7806058865238747,-0.1243561020986873,0.6559911271485265,-2.2463793229316322,2.5741459060981886,-1.2167209604923568
206.82452362300225,36,121.82222222222222,-7.877777777777777,90,32,90.00003038757863,-0.019298874601530958,-0.20628023010594554,0.03396536301336567,0.26058410533064447,3.0227420582493623,0.24369396018865183,-1.846324234694089,-0.16056829186989147,0.6449433488488593,-2.0582709610844887,2.683555988035481,-0.9848485658702961
206.82452362300225,38,121.82222222222222,-7.877777777777777,90,32,90.00003038757863,-0.019472036829007472,-0.19954979855142618,0.03548072114743683,0.2464002030259869,2.7263393670542566,0.40828622487265387,-1.8765906623962443,-0.1926008153361245,0.6287251318167282,-1.8643691189972167,2.745897503537723,-0.7660101175821274
206.82452362300225,40,121.82222222222222,-7.877777777777777,90,32,90.00003038757863,-0.019493855743782484,-0.19232041432389257,0.036397586477763755,0.23116591222356347,2.4366892328632686,0.551194053292127,-1.877488671759491,-0.22031974176837235,0.6082507291612971,-1.6703725129419325,2.76814394118232,-0.5631149364690045
206.82452362300225,42,121.82222222222222,-7.877777777777777,90,32,90.00003038757863,-0.019378310997471365,-0.184736370739901,0.036776213798959456,0.2154336478300999,2.1582300715386435,0.6729549989139827,-1.854529421768071,-0.24373425558391323,0.5843751526679304,-1.4804501117064413,2.7568816697562406,-0.3776974438039449
206.82452362300225,44,121.82222222222222,-7.877777777777777,90,32,90.00003038757863,-0.019139870355560612,-0.17692165760918566,0.03667722784475297,0.19961396807742504,1.893914769001013,0.774699023991236,-1.8125546614166077,-0.26296263034172096,0.5578801189895495,-1.2975436145467392,2.71810428994701,-0.21030189856793524
206.82452362300225,46,121.82222222222222,-7.877777777777777,90,32,90.00003038757863,-0.018793043533974485,-0.16898163534930777,0.036159582370353605,0.18400511120861301,1.6455737171105342,0.8578972801592692,-1.755727812991198,-0.27820285147931434,0.5294669677317028,-1.1236395868663993,2.6571258923907175,-0.060789229910112264
206.82452362300225,48,121.82222222222222,-7.877777777777777,90,32,90.00003038757863,-0.0183520410313808,-0.16100494000026033,0.03527927680163223,0.16881821966786775,1.4142055866281729,0.9241829553621208,-1.6875754533430705,-0.2897080989681236,0.49975468267001766,-0.9599988277828851,2.5785711497301658,0.0714296321091813
206.82452362300225,50,121.82222222222222,-7.877777777777777,90,32,90.00003038757863,-0.01783052184325218,-0.15306541239801025,0.03408862133259888,0.1541980506235359,1.2002029034756188,0.9752300675474974,-1.6110533312660282,-0.2977668611785874,0.46928147101828616,-0.807341153301857,2.486410827882803,0.1872231778512643
206.82452362300225,52,121.82222222222222,-7.877777777777777,90,32,90.00003038757863,-0.017241414628777846,-0.14522393372660536,0.032635882874500755,0.14023948610743606,1.0035229702463713,1.0126761704185905,-1.5286204619134585,-0.30268720623689027,0.43850868496737877,-0.6659894246010135,2.3840207899795223,0.28761889139079544
206.82452362300225,54,121.82222222222222,-7.877777777777777,90,32,90.00003038757863,-0.016596798360110188,-0.1375301088237973,0.030965184519457123,0.12700039773612237,0.8238151762362492,1.0380767220027831,-1.4423116715847906,-0.3047846314078651,0.40782616831818586,-0.5359790689534013,2.274250132212963,0.373720983931784
206.82452362300225,56,121.82222222222222,-7.877777777777777,90,32,90.00003038757863,-0.01590783028442838,-0.1300237756896817,0.029116565929782345,0.11451149264650658,0.6605147276845691,1.052881245711684,-1.353803605647372,-0.3043728964490448,0.37755836227467166,-0.4171398509382503,2.1594896875469214,0.44665602408051835
206.82452362300225,58,121.82222222222222,-7.877777777777777,90,32,90.00003038757863,-0.015184710892052644,-0.1227363412956789,0.027126139943601024,0.10278374302930726,0.5129112072577298,1.058423776591264,-1.2644721681310762,-0.3017572859824301,0.3479707045287524,-0.3091561561577478,2.041736033655006,0.5075382573042546
206.82452362300225,60,121.82222222222222,-7.877777777777777,90,32,90.00003038757863,-0.014436677342081566,-0.11569195520358322,0.025026301897436265,0.09181393065912996,0.38019864539001685,1.0559221468442381,-1.1754411144387755,-0.2972298118969351,0.3192760082236192,-0.21161111587523337,1.9226487146723656,0.5574483699937129
211.74891704259755,0,121.8537037037037,-7.8462962962962965,90,32,90.00003038757863,-0.0032662949744032554,-0.12708300180760973,-0.03755495132190462,-0.5867640017664326,-1.5446344293043548,0.0000000000000002775557561562892,-0.0000000000000003911409927884871,0.00000000000000013415747831605406,0.07545685442214708,0.6941541355907636,-0.4337556315801557,0.5206518829587012
211.74891704259755,2,121.8537037037037,-7.8462962962962965,90,32,90.00003038757863,-0.0033972666981711974,-0.1291592587029316,-0.03793967503558904,-0.5323684397969174,-1.2623655648343008,-0.05096581223426467,0.518060713122852,0.06694996437523876,0.09112940362680716,0.7715023070800902,-0.8567742237269615,0.42879261758930554
211.74891704259755,4,121.8537037037037,-7.8462962962962965,90,32,90.00003038757863,-0.0039064854908852364,-0.13385407381165054,-0.03784080964414438,-0.46552158183844283,-0.7984213210401898,-0.18669585908661868,0.9355653616312717,0.1260720614197507,0.1251292466775816,0.6850324405247386,-1.1993577708829857,0.20528933217154427
211.74891704259755,6,121.8537037037037,-7.8462962962962965,90,32,90.00003038757863,-0.004749054749416143,-0.14060136977583423,-0.03698143917400343,-0.3907175990829521,-0.20865136173967858,-0.3773534912427935,1.2263845875721429,0.17429633117386303,0.17404810021464426,0.4617973537829753,-1.4322466652621573,-0.11110131232188764
211.74891704259755,8,121.8537037037037,-7.8462962962962965,90,32,90.00003038757863,-0.005869084666600133,-0.14875545195179554,-0.0352006969590799,-0.3123054934893284,0.44822617834874395,-0.5914836003331199,1.3802556927247316,0.20959269880721426,0.23398750362719237,0.1378217628955966,-1.5400836939880025,-0.4782117146996044
211.74891704259755,10,121.8537037037037,-7.8462962962962965,90,32,90.00003038757863,-0.007204011544874794,-0.1576551216269476,-0.032452104450851005,-0.23417718620314226,1.1169668699633555,-0.800068918874635,1.4010986411559143,0.2309851181033125,0.30088754254389233,-0.24730897801347781,-1.5210367299987353,-0.855723670012972
211.74891704259755,12,121.8537037037037,-7.8462962962962965,90,32,90.00003038757863,-0.008688765625406325,-0.1666781056943682,-0.028789550067527203,-0.15955588783916985,1.7504858068301699,-0.979430207974891,1.3039965337939001,0.23847059994599212,0.370819668534757,-0.6551816776124717,-1.3848547285650499,-1.2091235690384918
211.74891704259755,14,121.8537037037037,-7.8462962962962965,90,32,90.00003038757863,-0.010259472399440445,-0.1752817888300673,-0.024345143926129575,-0.09088591256100245,2.3126984543547673,-1.112865706076769,1.1115220542459932,0.23286841238399014,0.4402213065957263,-1.0521791197185013,-1.1499472752514872,-1.5121580298190962
211.74891704259755,16,121.8537037037037,-7.8462962962962965,90,32,90.00003038757863,-0.011856475301088854,-0.18302872993926195,-0.01930323926375696,-0.02981359346621984,2.7795880193536573,-1.1911020125064276,0.8499957636216918,0.2156276285870645,0.5060608765342338,-1.4118026172580893,-0.8400460997043078,-1.7478210571398125
211.74891704259755,18,121.8537037037037,-7.8462962962962965,90,32,90.00003038757863,-0.013426572556807709,-0.18959753327190215,-0.013874453752566851,0.022758209774228492,3.138757499691105,-1.2117525541923568,0.5461438182586897,0.1886199323297346,0.5659316735929566,-1.7156925012568127,-0.4809373802437828,-1.9080674533543258
211.74891704259755,20,121.8537037037037,-7.8462962962962965,90,32,90.00003038757863,-0.014924454783543234,-0.19478123346849147,-0.008272697892627717,0.06656359227939834,3.387856787874428,-1.178068519396651,0.2244817635982725,0.1539403865013834,0.6180808464312573,-1.9535068083957512,-0.09765369493682276,-1.9925682863704803
211.74891704259755,22,121.8537037037037,-7.8462962962962965,90,32,90.00003038757863,-0.016313404299099055,-0.19847635160726806,-0.002697156306724263,0.10183791927769317,3.532343461413046,-1.097311778572346,-0.09441238212639008,0.11373293349173474,0.6613850369457162,-2.1219408125538255,0.28761948997724224,-2.0068930165629286
211.74891704259755,24,121.8537037037037,-7.8462962962962965,90,32,90.00003038757863,-0.01756536797768371,-0.2006661375805479,0.0026799534832029903,0.12917419997925528,3.5830261102150502,-0.9790664195997122,-0.3947376813513749,0.07005084247114875,0.6952870251088794,-2.223232248383046,0.6568228561298319,-1.9605031059311133
211.74891704259755,26,121.8537037037037,-7.8462962962962965,90,32,90.00003038757863,-0.01866054259737171,-0.20140128854340317,0.007720006821178349,0.14938858354522322,3.553756613819662,-0.8337382672248613,-0.6655581706198461,0.02475611493552201,0.7197081794293266,-2.263488445995446,0.9965333132489357,-1.8648751206958718
211.74891704259755,28,121.8537037037037,-7.8462962962962965,90,32,90.00003038757863,-0.019586617774664028,-0.20078079018211986,0.012319846790423417,0.16340634096237372,3.459511204989845,-0.6713928566920422,-0.9003521044268491,-0.020543259400664347,0.734950132095211,-2.251104156970253,1.2978557097831058,-1.7319618730570108
211.74891704259755,30,121.8537037037037,-7.8462962962962965,90,32,90.00003038757863,-0.020337811579759224,-0.19893469015247878,0.016410133727191356,0.17217378859816432,3.3149673561859774,-0.5009820623135459,-1.0962517420848408,-0.0645229165836803,0.7415965196207872,-2.1954412050638124,1.5558961246287857,-1.573082755212298
211.74891704259755,32,121.8537037037037,-7.8462962962962965,90,32,90.00003038757863,-0.020913813452092783,-0.19600978739516245,0.01995144956575562,0.17659663851993446,3.133575141286804,-0.32993163708928913,-1.2531720493253484,-0.10614533777140436,0.7404225252734534,-2.1058438484101765,1.7690146098466708,-1.3982380044715081
211.74891704259755,34,121.8537037037037,-7.8462962962962965,90,32,90.00003038757863,-0.02131872354925221,-0.192158545591328,0.02292927848491566,0.17750185564870383,2.9270523650552556,-0.16401642580632012,-1.3729714842376364,-0.14464401562974305,0.7323169016196668,-1.9909879261429246,1.9380188800688278,-1.2157803741153934
211.74891704259755,36,121.8537037037037,-7.8462962962962965,90,32,90.00003038757863,-0.021560051626023674,-0.1875310717691241,0.02534871954955592,0.17561833805390895,2.7052018470618284,-0.007434781574283083,-1.4587292107354974,-0.17949546477574888,0.7182185357354034,-1.8585153401727317,2.065409847656886,-1.0323514011099773
211.74891704259755,38,121.8537037037037,-7.8462962962962965,90,32,90.00003038757863,-0.021647815039103235,-0.18226973609145775,0.027229501670958833,0.1715713085266875,2.475947221984007,0.13700022887541463,-1.5141739498956257,-0.21038488784576442,0.6990676446117841,-1.7148856957629843,2.154740818833253,-0.8529893682296831
211.74891704259755,40,121.8537037037037,-7.8462962962962965,90,32,90.00003038757863,-0.02159375620449258,-0.17650590424931328,0.028601621462273408,0.16588575310737527,2.2454984606945896,0.2676181277309533,-1.5432655557040327,-0.23716995116914855,0.675770385407361,-1.5653763286359414,2.2101133526517156,-0.6813309875752551
211.74891704259755,42,121.8537037037037,-7.8462962962962965,90,32,90.00003038757863,-0.021410685348901948,-0.17035825689758638,0.029501734919911093,0.15899512717730416,2.018579836386763,0.38364206898269837,-1.5499108726100044,-0.2598457694738713,0.6491749534518265,-1.4141720730307128,2.235806845268102,-0.519849334923472
211.74891704259755,44,121.8537037037037,-7.8462962962962965,90,32,90.00003038757863,-0.021111944446494724,-0.16393223362306475,0.029970306882115216,0.15125254514914524,1.7986745152127475,0.4849607874908065,-1.5377872225731342,-0.2785130167584492,0.6200569841181363,-1.2645002872511342,2.236024554788431,-0.3700904653357616
211.74891704259755,46,121.8537037037037,-7.8462962962962965,90,32,90.00003038757863,-0.020710982120638904,-0.15732022658105527,0.03004944844947116,0.1429425783826658,1.5882578876259341,0.5719347064865526,-1.5102460443962982,-0.29335014748064525,0.5891121265301706,-1.1187806050665172,2.2147330709943063,-0.23288737666879467
211.74891704259755,48,121.8537037037037,-7.8462962962962965,90,32,90.00003038757863,-0.020221026147786786,-0.15060223859605726,0.02978133823188267,0.13429251770053702,1.3890050809903565,0.6452399927692031,-1.4702723887299842,-0.304590039240245,0.556953888974302,-0.9787705161806216,2.1755720289757505,-0.10854170459032131
211.74891704259755,50,121.8537037037037,-7.8462962962962965,90,32,90.00003038757863,-0.0196548391736574,-0.14384680010511208,0.029207115021524732,0.12548249354780303,1.2019670683884651,0.7057486750798471,-1.4204807572839537,-0.31250092636269156,0.5241151693662908,-0.8456965594901386,2.1218136061972395,0.0030288829887572533
211.74891704259755,52,121.8537037037037,-7.8462962962962965,90,32,90.00003038757863,-0.01902454360619979,-0.1371120040042647,0.028366136431444255,0.11665420931158653,1.0277152644547067,0.754440073348266,-1.3631327052224365,-0.31737123666810974,0.4910522123359983,-0.7203668238425331,2.0563552492139223,0.10217527584303587
211.74891704259755,54,121.8537037037037,-7.8462962962962965,90,32,90.00003038757863,-0.018341502810598737,-0.13044656677263805,0.02729551240274586,0.10791826808367838,0.8664574460210214,0.792337778435617,-1.3001659595330903,-0.3194978216965562,0.4581500376736269,-0.6032641282016497,1.9817330740179848,0.18942910140554436
211.74891704259755,56,121.8537037037037,-7.8462962962962965,90,32,90.00003038757863,-0.01761624728297509,-0.12389085994392657,0.026029839234213703,0.0993601982397387,0.7181291074811464,0.8204665166046351,-1.233228269361665,-0.3191770395609219,0.42572864359452894,-0.4946213004674544,1.900146921971424,0.2654374683211152
211.74891704259755,58,121.8537037037037,-7.8462962962962965,90,32,90.00003038757863,-0.016858436143078193,-0.11747788065615966,0.024601076004842293,0.09104534137418997,0.5824646159783731,0.8398238923166502,-1.1637117879426349,-0.3166981741040549,0.3940494967004972,-0.3944809251559946,1.8134909213111194,0.3309154433684532
211.74891704259755,60,121.8537037037037,-7.8462962962962965,90,32,90.00003038757863,-0.01607684589129324,-0.11123414627674283,0.023038519484520792,0.08302278260370288,0.4590522319896931,0.8513628799893519,-1.0927856064829335,-0.3123387282304506,0.36332198091241963,-0.3027421995542937,1.7233855873083956,0.38661203536906463
216.67331046219283,0,121.8851851851852,-7.814814814814815,90,32,90.00003038757863,-0.007959508439141227,-0.12819652234048312,-0.033625592351317846,-0.4195698998193101,-0.744183143672459,-0.0000000000000008326672684688674,-0.00000000000000009320980283424999,-0.00000000000000011795193168145078,0.226490170594463,0.3344337530994555,-0.20897736277983167,0.25084280798752284
216.67331046219283,2,121.8851851851852,-7.814814814814815,90,32,90.00003038757863,-0.008027845189414656,-0.12914638680275387,-0.033644210984362544,-0.38850572253572274,-0.5836403079071941,-0.033625285981950914,0.35206856052370167,0.05520056394123769,0.23630830668433994,0.40151185375248555,-0.5045145650760993,0.19970602772204582
216.67331046219283,4,121.8851851851852,-7.814814814814815,90,32,90.00003038757863,-0.008418448273502271,-0.13190218981547594,-0.03336253559116553,-0.349118991925349,-0.29968273961771075,-0.12483702006225364,0.6446378686796932,0.10436361136432462,0.2626917090424055,0.3611658145248403,-0.753332898931931,0.05983265495206791
216.67331046219283,6,121.8851851851852,-7.814814814814815,90,32,90.00003038757863,-0.009096216284113778,-0.13612513653407898,-0.0325870578985073,-0.3038498808558122,0.07540639904693787,-0.256189979590684,0.8592287258414215,0.14471346962220913,0.3027893217331609,0.22764267646482103,-0.9353425958546017,-0.14649436187701967
216.67331046219283,8,121.8851851851852,-7.814814814814815,90,32,90.00003038757863,-0.01001585198965707,-0.1414153018661218,-0.031193235380064466,-0.2551080598989033,0.5062359835403508,-0.4084293246411942,0.9864766995795415,0.17433644902037496,0.3532409242613126,0.021395076266738457,-1.03821749498323,-0.3938919217265535
216.67331046219283,10,121.8851851851852,-7.814814814814815,90,32,90.00003038757863,-0.011125471105701501,-0.14734918154221097,-0.029127624676334174,-0.20512202382564318,0.9580274430417678,-0.5628990777951385,1.0256483797148683,0.19221196962648004,0.41047021597162675,-0.23388516556468344,-1.0576476262213943,-0.6569442160532412
216.67331046219283,12,121.8851851851852,-7.814814814814815,90,32,90.00003038757863,-0.012370159069597209,-0.15351348392240527,-0.026402407825239893,-0.15582790004978692,1.3996101787809638,-0.7034335049670272,0.9832766793557193,0.1981615753893131,0.470953191000091,-0.5140614022562618,-0.9966317240588336,-0.9127140918797954
216.67331046219283,14,121.8851851851852,-7.814814814814815,90,32,90.00003038757863,-0.013695199156216281,-0.15953234679887174,-0.023084355287453173,-0.1088012910970546,1.8054815822765158,-0.8175941459333617,0.8712661662861703,0.1927350234379496,0.531439848282665,-0.7968644126060385,-0.864085482373312,-1.1424986055553632
216.67331046219283,16,121.8851851851852,-7.814814814814815,90,32,90.00003038757863,-0.015048775596405939,-0.16508650550756387,-0.019280535586202713,-0.06523008613448407,2.1568880512138877,-0.8972350717348607,0.7048068015386217,0.17705613801460074,0.5891167088081117,-1.0635467879941827,-0.673069395195599,-1.3327745460724223
216.67331046219283,18,121.8851851851852,-7.814814814814815,90,32,90.00003038757863,-0.016384041145906636,-0.16992416144694833,-0.01512298718104621,-0.025922275306693655,2.442013640528631,-0.9384701637842571,0.50038306186883,0.15265099921895176,0.6417065308667883,-1.2998257501050798,-0.43892285950373733,-1.4753948939065749
216.67331046219283,20,121.8851851851852,-7.814814814814815,90,32,90.00003038757863,-0.017660518186886076,-0.17386428377028001,-0.01075421144391639,0.008659531883296323,2.6554537551256963,-0.9411781252943086,0.2740904110909093,0.12127819013540818,0.6875090029351206,-1.4961621939151242,-0.17754283571944351,-1.5671793282029016
216.67331046219283,22,121.8851851851852,-7.814814814814815,90,32,90.00003038757863,-0.01884486791098905,-0.17679375204868797,-0.0063148266470196,0.038346116717972445,2.7972007684075706,-0.9082126835403986,0.04038417709088246,0.08477625212369502,0.725391487620273,-1.6474983510791823,0.09602381237055682,-1.6090888261309595
216.67331046219283,24,121.8851851851852,-7.814814814814815,90,32,90.00003038757863,-0.0199111090875701,-0.1786600906290644,-0.0019341443825066085,0.06320112343311542,2.8713767907487826,-0.8444870375254739,-0.18870040598260449,0.04493817449629246,0.7547419089125113,-1.752618764317573,0.3685839341867362,-1.6051851906428785
216.67331046219283,26,121.8851851851852,-7.814814814814815,90,32,90.00003038757863,-0.020840395365347097,-0.1794615812858617,0.0022761118382983447,0.08345963547366185,2.884921479046049,-0.7560771495715513,-0.40389098899712667,0.003417532355014194,0.7753967645239062,-1.81330788462872,0.6293826088594707,-1.5615548410849318
216.67331046219283,28,121.8851851851852,-7.814814814814815,90,32,90.00003038757863,-0.021620469711679108,-0.17923633784310994,0.0062251567505352545,0.09947156901565975,2.8463913408835326,-0.6494470149443009,-0.5986672119487397,-0.03833355523987466,0.7875564050805218,-1.8334575441839587,0.8703133542669195,-1.4853322024771909
216.67331046219283,30,121.8851851851852,-7.814814814814815,90,32,90.00003038757863,-0.022244910041283816,-0.17805157828350282,0.00984405395844501,0.1116534493828826,2.7649662009885825,-0.5308521443249988,-0.7690023808425416,-0.07909774786547855,0.7916977060609998,-1.8182391507164257,1.0858359560011555,-1.3839047683159635
216.67331046219283,32,121.8851851851852,-7.814814814814815,90,32,90.00003038757863,-0.022712265796913406,-0.17599393119579082,0.013084807995013603,0.12045015109266657,2.649701821568899,-0.40593551606643136,-0.9129632436300744,-0.1179021707606144,0.788491655403124,-1.77341079280953,1.2726974586805588,-1.2643318093373064
216.67331046219283,34,121.8851851851852,-7.814814814814815,90,32,90.00003038757863,-0.023025165684494087,-0.17316123981112558,0.01591826371055044,0.12630661811830923,2.509023908564168,-0.2794996172440545,-1.0302566151081063,-0.15401035158409385,0.7787307052383389,-1.7047886572006878,1.4295465295511187,-1.1329700453802403
216.67331046219283,36,121.8851851851852,-7.814814814814815,90,32,90.00003038757863,-0.02318945572886938,-0.16965602465286655,0.01833136060871071,0.12964854167970033,2.3504311116374357,-0.1554207397791555,-1.1217873039396697,-0.1869021728213343,0.7632683624146172,-1.6178812507816942,1.5565143610295973,-0.9952755063698553
216.67331046219283,38,121.8851851851852,-7.814814814814815,90,32,90.00003038757863,-0.02321340706772107,-0.16558055249900994,0.020324169921281554,0.13087043174314036,2.180361882149275,-0.03666577027036453,-1.1892670149578415,-0.2162468834480149,0.7429716261756082,-1.5176656663488635,1.6548136912163987,-0.8557401898623039
216.67331046219283,40,121.8851851851852,-7.814814814814815,90,32,90.00003038757863,-0.02310701610769672,-0.1610333309514972,0.021907014040145167,0.13032936942788612,2.0041784732760126,0.07462611124693647,-1.2348930365445858,-0.24187318889750972,0.7186855830302943,-1.4084762533242525,1.7263867604579182,-0.7179215491410852
216.67331046219283,42,121.8851851851852,-7.814814814814815,90,32,90.00003038757863,-0.022881406542264365,-0.15610678831649644,0.023097852854492396,0.12834283818726264,1.8262266365867055,0.17702777111757143,-1.261100399096831,-0.26373934866945237,0.6912086944648513,-1.2939747760045492,1.7736161353763986,-0.5845283218539897
216.67331046219283,44,121.8851851851852,-7.814814814814815,90,32,90.00003038757863,-0.022548333286365463,-0.15088588759203014,0.02392003003932852,0.12518928060161275,1.6499379820489712,0.26969729076814836,-1.2703817698237092,-0.2819052133641949,0.6612769610663976,-1.1771744585436872,1.7991003603122464,-0.45753431441878856
216.67331046219283,46,121.8851851851852,-7.814814814814815,90,32,90.00003038757863,-0.02211978219488811,-0.1454474423259951,0.024400406734681857,0.12111032328963243,1.4779509177752426,0.35225499623427375,-1.2651645882350837,-0.296507310627537,0.6295550968030406,-1.0604957372360881,1.8054890504681376,-0.3383001170488331
216.67331046219283,48,121.8851851851852,-7.814814814814815,90,32,90.00003038757863,-0.02160765587111524,-0.13985993607944308,0.024567867771413177,0.11631389649813768,1.3122340676507958,0.42467299907361566,-1.2477334792263848,-0.30773746845628785,0.5966329875485292,-0.9458373521617867,1.7953683741202668,-0.22769000251367988
216.67331046219283,50,121.8851851851852,-7.814814814814815,90,32,90.00003038757863,-0.021023534268248767,-0.13418368589083762,0.024452161852071996,0.11097771720102889,1.1542024314877843,0.4871811901358741,-1.2201865356070982,-0.31582503351731755,0.5630259479269402,-0.8346516308635981,1.77118677113784,-0.126176922408462
216.67331046219283,52,121.8851851851852,-7.814814814814815,90,32,90.00003038757863,-0.020378498533283634,-0.12847122720336912,0.024083026690910336,0.10525279474655595,1.004821209733417,0.540190480497486,-1.1844156505140566,-0.32102247108553356,0.5291775651282341,-0.7280170204604841,1.7352112273367402,-0.03393252952578796
216.67331046219283,54,121.8851851851852,-7.814814814814815,90,32,90.00003038757863,-0.019683007138318193,-0.12276782996596591,0.023489548452735987,0.09926675790050038,0.8646953647443784,0.5842322022290639,-1.1421030293226604,-0.323593984850407,0.4954641858890614,-0.6267040402587638,1.689505707410206,0.049098242705318595
216.67331046219283,56,121.8851851851852,-7.814814814814815,90,32,90.00003038757863,-0.018946814411377688,-0.11711208188533889,0.022699708292464593,0.09312689904457422,0.7341449496374679,0.6199116258783063,-1.0947279177913682,-0.32380673355528955,0.4622003403689486,-0.531232972845,1.6359249260173367,0.12313699756193475
216.67331046219283,58,121.8851851851852,-7.814814814814815,90,32,90.00003038757863,-0.018178922850169366,-0.11153649515745417,0.021740074800374654,0.08692289464897061,0.6132673277190274,0.6478732152041509,-1.0435792444910335,-0.3219242171014239,0.4296445944658596,-0.44192298180898093,1.5761181945427665,0.1885242960081257
216.67331046219283,60,121.8851851851852,-7.814814814814815,90,32,90.00003038757863,-0.017387561903331822,-0.10606810813882456,0.020635608001911054,0.0807291998885346,0.5019879098546824,0.6687752801902865,-0.9897712171951807,-0.3182014341010833,0.39800547897496263,-0.3589331408349222,1.511539457637769,0.24568264222018543
221.59770388178814,0,121.91666666666667,-7.783333333333333,90,32,90.00003038757863,-0.01187275670611776,-0.12589272247179847,-0.02918689288441001,-0.2863723994658533,-0.25456126620776,0.0000000000000011796119636642288,-0.0000000000000004701351912810945,-0.0000000000000003336609298264667,0.3496633342045788,0.11439917351572557,-0.07148447600609105,0.08580538311328914
221.59770388178814,2,121.91666666666667,-7.783333333333333,90,32,90.00003038757863,-0.011899004758602838,-0.12616428958212433,-0.02901559328624198,-0.26898248434770855,-0.1651588293897291,-0.02222847987874455,0.2388941617196988,0.04333970941510442,0.3546420830953269,0.1689568614012268,-0.27708203427048544,0.0581240476930326
221.59770388178814,4,121.91666666666667,-7.783333333333333,90,32,90.00003038757863,-0.01218802721041734,-0.12767612358210995,-0.02865743777893609,-0.24565446640744704,0.007342616020511322,-0.0834315443374552,0.44246831609795245,0.0823280294505526,0.3736660159039818,0.15317177369165633,-0.4556287387307981,-0.029079721800662928
221.59770388178814,6,121.91666666666667,-7.783333333333333,90,32,90.00003038757863,-0.012714090434731679,-0.1302250070388667,-0.0279785038675896,-0.21779115787816009,0.2442812432636427,-0.17339930934319953,0.5980878111539537,0.11459900292364261,0.4045317709383855,0.07448010483706967,-0.5936663482879311,-0.1629864344781028
221.59770388178814,8,121.91666666666667,-7.783333333333333,90,32,90.00003038757863,-0.013442551707330275,-0.13356361605541578,-0.026885797769868658,-0.18680785180261625,0.5244736151285725,-0.2804268813972792,0.698303361717471,0.1384508935698682,0.444558805083042,-0.05560377891599899,-0.6820301140132776,-0.3284158245213101
221.59770388178814,10,121.91666666666667,-7.783333333333333,90,32,90.00003038757863,-0.01433266589360932,-0.1374222378719663,-0.025330138737334917,-0.15405612940058377,0.8263257623045541,-0.39269467863275287,0.7408119595651445,0.15288677619257549,0.49082560034442757,-0.22307349986408243,-0.7162135311749774,-0.5095589123340734
221.59770388178814,12,121.91666666666667,-7.783333333333333,90,32,90.00003038757863,-0.015340417448815397,-0.1415292738409842,-0.02330455373697382,-0.12076305064266574,1.1296516104972847,-0.4994356070465933,0.7278899350555313,0.15759045536924424,0.5403925093576408,-0.41302091945153396,-0.6961875541507216,-0.6914959411118227
221.59770388178814,14,121.91666666666667,-7.783333333333333,90,32,90.00003038757863,-0.01642115557558857,-0.14562876314895276,-0.020839104426746635,-0.08798843871353348,1.4170458382094435,-0.5917846068210829,0.6654625825904195,0.15285049576922996,0.5904922446137661,-0.6110427293239326,-0.6257898445193788,-0.8613586671316841
221.59770388178814,16,121.91666666666667,-7.783333333333333,90,32,90.00003038757863,-0.017531865921060708,-0.1494938211021863,-0.01799331627649678,-0.05660055878708388,1.6747459829758382,-0.6632707404789123,0.5619871767682931,0.13944864068251495,0.6386760261500074,-0.8043386756543132,-0.5118326434638066,-1.0090717330398358
221.59770388178814,18,121.91666666666667,-7.783333333333333,90,32,90.00003038757863,-0.018632975036947358,-0.152935542381187,-0.014847423856545139,-0.02726861665451233,1.8929946919030598,-0.709966897938244,0.4273118749377913,0.11852962957696628,0.6829104367291605,-0.9824418545738837,-0.3630831007179395,-1.1276750948610594
221.59770388178814,20,121.91666666666667,-7.783333333333333,90,32,90.00003038757863,-0.01968964486073138,-0.15580748961158736,-0.01149352776433854,-0.00046923003822460507,2.0659705150792136,-0.7303526108110436,0.2716405960455119,0.09146793574099688,0.7216261627232554,-1.1375797272633437,-0.1892536860694432,-1.213281201691121
221.59770388178814,22,121.91666666666667,-7.783333333333333,90,32,90.00003038757863,-0.020672566944736098,-0.15800631751261218,-0.008027529581814852,0.02349665987532258,2.19139148209457,-0.7249694580240259,0.10469175379136803,0.059743933754760704,0.7537244453503683,-1.26470989578715,-0.00010955785435825581,-1.2647537189288933
221.59770388178814,24,121.91666666666667,-7.783333333333333,90,32,90.00003038757863,-0.021558305967616376,-0.15946934918329891,-0.004542426949036449,0.044480128324288604,2.269909800094869,-0.6959562979227427,-0.06490559552762729,0.024838211134404507,0.778549983301055,-1.3613039282139776,0.19523845261238296,-1.2832085471690244
221.59770388178814,26,121.91666666666667,-7.783333333333333,90,32,90.00003038757863,-0.022329267678478815,-0.16017002727091717,-0.0011232626600158335,0.06245728039875456,2.304411084839182,-0.6465453336670772,-0.22997433669404826,-0.011851167885458933,0.7958402523242013,-1.4269649146282664,0.3888253655556741,-1.2714347684059968
221.59770388178814,28,121.91666666666667,-7.783333333333333,90,32,90.00003038757863,-0.022973378476654066,-0.1601121342769538,0.0021562295404049525,0.07750178925111949,2.299312665199661,-0.5805838560253913,-0.3849369611900003,-0.049067123008416945,0.8056609990860079,-1.4629619322356355,0.5741116831835501,-1.2333172589622154
221.59770388178814,30,121.91666666666667,-7.783333333333333,90,32,90.00003038757863,-0.023483564500998533,-0.15932355237057283,0.00523542848206765,0.08975908023054882,2.2599290444199442,-0.5021254029076921,-0.5257930358471629,-0.08572913772764817,0.8083364220855235,-1.4717512767624978,0.7460789831766766,-1.1733196834918271
221.59770388178814,32,121.91666666666667,-7.783333333333333,90,32,90.00003038757863,-0.023857110425435146,-0.15785015724697005,0.008067341557806307,0.09942352664686638,2.1919447332543855,-0.4151127881260448,-0.6499780559245004,-0.12094916018125064,0.8043807136674791,-1.4565352345805314,0.9011829817579037,-1.0960620418773699
221.59770388178814,34,121.91666666666667,-7.783333333333333,90,32,90.00003038757863,-0.024094965357952747,-0.15575025172689716,0.010618146842424403,0.10671934621048196,2.1010101329230633,-0.32315751232136636,-0.756152954616927,-0.15403195183399468,0.7944356094710315,-1.4208890686961377,1.0372095086746773,-1.0060052652262668
221.59770388178814,36,121.91666666666667,-7.783333333333333,90,32,90.00003038757863,-0.024201048219278265,-0.1530897717545378,0.012866073074649986,0.11188535182768478,1.992457633597607,-0.2294073168360841,-0.8439653739645593,-0.18446420410482076,0.779216687034201,-1.3684692614344562,1.1530754686167204,-0.907239073987768
221.59770388178814,38,121.91666666666667,-7.783333333333333,90,32,90.00003038757863,-0.024181589997397085,-0.1499383570329968,0.014799892598044484,0.11516333767020093,1.8711233292698244,-0.13648634403389734,-0.9138130494079577,-0.211896414465284,0.7594695692007566,-1.3028027764944805,1.2486091434608235,-0.803359119110151
221.59770388178814,40,121.91666666666667,-7.783333333333333,90,32,90.00003038757863,-0.024044536848073533,-0.14636627678865133,0.016417247941167223,0.11678966087568257,1.74125402081474,-0.046489703589561684,-0.9666288816233743,-0.23612087800504653,0.7359360053194292,-1.227148606222603,1.324334809080455,-0.6974146825904209
221.59770388178814,42,121.91666666666667,-7.783333333333333,90,32,90.00003038757863,-0.02379902695059305,-0.1424421363027461,0.017722973909126805,0.11698948187534132,1.6064780223046269,0.03898511967290039,-1.0036980580093764,-0.25704839097872584,0.7093290230525215,-1.144418597999871,1.381277579154422,-0.591907566338102
221.59770388178814,44,121.91666666666667,-7.783333333333333,90,32,90.00003038757863,-0.023454945582801534,-0.13823125562692318,0.018727522769196592,0.11597311670474647,1.4698200692528274,0.11878501825391524,-1.0265106401075028,-0.27468551270539043,0.6803159108364221,-1.0571434618357336,1.4207968032154252,-0.4888247405495635
221.59770388178814,46,121.91666666666667,-7.783333333333333,90,32,90.00003038757863,-0.0230225569159635,-0.13379460037745444,0.01944555509478496,0.11393399930588043,1.333743926271707,0.1921378180589476,-1.0366483959820645,-0.2891135731143853,0.6495076256740066,-0.9674708202241836,1.4444506891602666,-0.3896905445600769
221.59770388178814,48,121.91666666666667,-7.783333333333333,90,32,90.00003038757863,-0.02251220719385638,-0.12918814800708056,0.01989472464388642,0.11104782391508666,1.2002100535756424,0.2585869081075904,-1.035701992900564,-0.300470083387408,0.6174532399640098,-0.877184200182947,1.453891056739841,-0.2956277774870105
221.59770388178814,50,121.91666666666667,-7.783333333333333,90,32,90.00003038757863,-0.021934091808783696,-0.12446258510261454,0.020094661777660672,0.10747251816931809,1.0707392532079658,0.317929272903306,-1.025213489040933,-0.30893281328969685,0.5846381717015566,-0.787734273778386,1.4507849560010144,-0.20742029137798024
221.59770388178814,52,121.91666666666667,-7.783333333333333,90,32,90.00003038757863,-0.021298077877005883,-0.1196632473137525,0.020066144766037297,0.10334877475440578,0.9464762345951071,0.3701599351959628,-1.006638886548806,-0.3147065283989817,0.5514851279953438,-0.7002759758999116,1.4367589043584044,-0.12557241415654985
221.59770388178814,54,121.91666666666667,-7.783333333333333,90,32,90.00003038757863,-0.02061357385669979,-0.1148302303151102,0.01983043989413219,0.09880093706710426,0.8282493997444025,0.41542413182897076,-0.9813259237983546,-0.31801221165561727,0.5183568927621819,-0.6157071283538161,1.4133613205158797,-0.05036260014746419
221.59770388178814,56,121.91666666666667,-7.783333333333333,90,32,90.00003038757863,-0.01988943822677053,-0.10999861585531012,0.019408787652343662,0.09393809013104323,0.7166248739162036,0.45397741937358593,-0.9505029889998535,-0.31907850217036904,0.4855602808076829,-0.534705789543837,1.382039041222986,0.018109826945357455
221.59770388178814,58,121.91666666666667,-7.783333333333333,90,32,90.00003038757863,-0.01913392001637948,-0.10519877051324628,0.018822011829184082,0.08885525192243221,0.6119539901710395,0.4861532241001478,-0.9152758277073659,-0.31813504747077725,0.45335074888429155,-0.4577647334996853,1.3441243587557956,0.07988501000263304
221.59770388178814,60,121.91666666666667,-7.783333333333333,90,32,90.00003038757863,-0.018354624874679704,-0.10045668595098811,0.018090229758976617,0.08363459359686426,0.5144141915507083,0.5123369939377255,-0.8766294723444958,-0.3154074645257086,0.4219372943856201,-0.3852222930771656,1.3008296515479745,0.1351095675420242
226.52209730138344,0,121.94814814814815,-7.7518518518518515,90,32,90.00003038757863,-0.014927867377527188,-0.12147936801540729,-0.024736446796385425,-0.176812893443346,0.029152360435119463,-0.0000000000000002515349040166371,0.000000000000000466590271269015,0.00000000000000014666957934596262,0.4377224236470338,-0.013100860975555859,0.008186403379783191,-0.009826299623642582
226.52209730138344,2,121.94814814814815,-7.7518518518518515,90,32,90.00003038757863,-0.014931349906461111,-0.12134851732921612,-0.02448243672520911,-0.16756151226752486,0.0772039209360707,-0.014763172525431814,0.1621197690353092,0.032497618425281004,0.4392186655255337,0.029738999865582514,-0.1346497691048011,-0.024120907776337925
226.52209730138344,4,121.94814814814815,-7.7518518518518515,90,32,90.00003038757863,-0.015140902127379147,-0.12206756112676273,-0.02411173269455591,-0.15384702203274417,0.18099114264712868,-0.05591438284770453,0.3031875842338984,0.06205449747037182,0.452006984335608,0.02644415019372122,-0.26189108916746257,-0.07831228547326381
226.52209730138344,6,121.94814814814815,-7.7518518518518515,90,32,90.00003038757863,-0.015538746579124796,-0.12351421019750056,-0.02353198439639892,-0.13652360354922755,0.3296981828374812,-0.11745150544171416,0.4147208503527866,0.08675093982038592,0.47449305441123707,-0.01914598971057635,-0.36463405329399357,-0.1649996110281738
226.52209730138344,8,121.94814814814815,-7.7518518518518515,90,32,90.00003038757863,-0.01609970617206838,-0.1255354042846466,-0.02267520167803888,-0.11647825991662172,0.5106806880738345,-0.19226891640367882,0.4911782241264264,0.10514919628461991,0.504671877567474,-0.10058500374366992,-0.43633858980642004,-0.27512043966623795
226.52209730138344,10,121.94814814814815,-7.7518518518518515,90,32,90.00003038757863,-0.01679326115732452,-0.12795980569138446,-0.021500318458861467,-0.09458746505180286,0.71064162795681,-0.2729350816349558,0.5300530818054939,0.1163356051276475,0.5403028632742036,-0.20965636847232225,-0.47314110605776105,-0.3989128108954267
226.52209730138344,12,121.94814814814815,-7.7518518518518515,90,32,90.00003038757863,-0.01758567595363708,-0.13061007400857938,-0.019993165337126695,-0.07167981873259355,0.9167006169278049,-0.3523903087184332,0.5316661303745751,0.11991565579420954,0.5790801041892712,-0.3372584839948958,-0.4738696207224755,-0.526806332283886
226.52209730138344,14,121.94814814814815,-7.7518518518518515,90,32,90.00003038757863,-0.018442030860382763,-0.13331388070160044,-0.01816424252619314,-0.04850665170106895,1.1172614868217277,-0.42449783899494653,0.4987296518296531,0.11596950872993583,0.6187831436916144,-0.4742332402759599,-0.4398048197294633,-0.6501551681677452
226.52209730138344,16,121.94814814814815,-7.7518518518518515,90,32,90.00003038757863,-0.019328028062096964,-0.1359129274142099,-0.016044859975410553,-0.025721455560190377,1.302624833854028,-0.4844129283766211,0.4357702310216974,0.10497848876079191,0.6573981031925712,-0.6120602171477306,-0.3742546330502289,-0.7617620703678222
226.52209730138344,18,121.94814814814815,-7.7518518518518515,90,32,90.00003038757863,-0.02021148300582845,-0.13826956449785333,-0.013682282897134468,-0.0038680735171609665,1.4653323647738172,-0.528764152006449,0.34849651165138607,0.0877341951431931,0.6932039343257462,-0.7433700676850349,-0.282019671879145,-0.8561779364366929
226.52209730138344,20,121.94814814814815,-7.7518518518518515,90,32,90.00003038757863,-0.02106345487170458,-0.1402709179766548,-0.011134501195632474,0.016623146343804143,1.6002630223358396,-0.5556651099578143,0.24318703561708493,0.06524138866270841,0.7248230740596355,-0.8622613307219152,-0.16882444743496822,-0.9297911096959025
226.52209730138344,22,121.94814814814815,-7.7518518518518515,90,32,90.00003038757863,-0.021859008395692853,-0.1418306894218328,-0.008465152914097163,0.035432532650678666,1.704524221700211,-0.5645909905517298,0.12615467101856526,0.03862414199722638,0.751239418972228,-0.9644308599985982,-0.0407777705457881,-0.9807419682169135
226.52209730138344,24,121.94814814814815,-7.7518518518518515,90,32,90.00003038757863,-0.022577630337941218,-0.14288897474967488,-0.005739001505921992,0.05234316990899705,1.7771941874676376,-0.5561625482190583,0.0033226352920016178,0.009042356096275865,0.7717890401758776,-1.047146810676079,0.09609132076031741,-1.008710282371952
226.52209730138344,26,121.94814814814815,-7.7518518518518515,90,32,90.00003038757863,-0.023203345737747655,-0.1434105498429783,-0.003018220907198388,0.0672294951702165,1.818974111712135,-0.5318807077428801,-0.12007370864285656,-0.022376881614551127,0.7861303865393804,-1.1091037760705034,0.2361947748603254,-1.0146258661263732
226.52209730138344,28,121.94814814814815,-7.7518518518518515,90,32,90.00003038757863,-0.02372459160710061,-0.14338210007220437,-0.00035960345983615527,0.08004392377127124,1.8318036710958538,-0.4938498848711756,-0.23966253045222033,-0.054591103467934735,0.7942009944889156,-1.1502026754817656,0.37463444042210625,-1.000348899312923
226.52209730138344,30,121.94814814814815,-7.7518518518518515,90,32,90.00003038757863,-0.02413390991368855,-0.14280884238881597,0.0021873103219113843,0.09080279367083388,1.8184830739674256,-0.44451939845679267,-0.35200436229119125,-0.0866775030482493,0.7961671740704505,-1.1712948677119537,0.5073437683424131,-0.9683573603749884
226.52209730138344,32,121.94814814814815,-7.7518518518518515,90,32,90.00003038757863,-0.024427519350863403,-0.14171092174147043,0.004581265775292054,0.09957263532367283,1.7823320999520766,-0.3864622662307155,-0.4545767799145812,-0.11785278581086295,0.792372059857471,-1.1739228005977875,0.6311373835071323,-0.9214678471949346
226.52209730138344,34,121.94814814814815,-7.7518518518518515,90,32,90.00003038757863,-0.024604818543517815,-0.14011987715162916,0.006789629046958456,0.10645747789967155,1.7269039812035547,-0.32220107884255494,-0.5456998093008282,-0.14748031792875088,0.7832860822927337,-1.160080478835999,0.7436889233148177,-0.862604909510072
226.52209730138344,36,121.94814814814815,-7.7518518518518515,90,32,90.00003038757863,-0.024667863986591487,-0.13807538290937893,0.008788182056502114,0.11158762864470012,1.6557611585500098,-0.254082770308798,-0.6244254365864313,-0.17506745280079394,0.7694625631579934,-1.1320079760319972,0.843458822241252,-0.7946244471354964
226.52209730138344,38,121.94814814814815,-7.7518518518518515,90,32,90.00003038757863,-0.024620855834256522,-0.13562238846361502,0.010560535486225209,0.11511013257991635,1.5723118083932919,-0.18419851502033907,-0.6904108222691929,-0.2002558958331666,0.7514999317195709,-1.0920263931085155,0.9295920608316959,-0.7201895687758371
226.52209730138344,40,121.94814814814815,-7.7518518518518515,90,32,90.00003038757863,-0.02446965489245201,-0.13280871328078203,0.012097301406626237,0.11718094424341251,1.4797007476130375,-0.11434169133504779,-0.7437900468277111,-0.2228076739271324,0.7300110869832621,-1.0424137172529653,1.0018024879282552,-0.6416927220816632
226.52209730138344,42,121.94814814814815,-7.7518518518518515,90,32,90.00003038757863,-0.024221345600428185,-0.129683102652017,0.013395142459717013,0.1179587216350877,1.3807455620580589,-0.04599550256162038,-0.7850544272903962,-0.24258883180962862,0.7055997258938692,-0.9853180894096856,1.0602562166834306,-0.5612156027363133
226.52209730138344,44,121.94814814814815,-7.7518518518518515,90,32,90.00003038757863,-0.023883852805268724,-0.12629371653502414,0.014455787208283666,0.1176000783900305,1.2779079934470001,0.019658086922501348,-0.8149472645509219,-0.25955248373925643,0.6788430023938193,-0.9227028217755378,1.1054625623757144,-0.480517796825252
226.52209730138344,46,121.94814814814815,-7.7518518518518515,90,32,90.00003038757863,-0.023465614819809077,-0.12268700362348606,0.015285075223247513,0.11625609380911169,1.17329112465018,0.08171549620475911,-0.8343756036037712,-0.27372237672291444,0.6502796373350506,-0.8563167222964906,1.1381775052994993,-0.4010457201766908
226.52209730138344,48,121.94814814814815,-7.7518518518518515,90,32,90.00003038757863,-0.02297531148984816,-0.11890690378397001,0.0158920729908843,0.11406987142706389,1.068654157425263,0.13952077611905897,-0.8443392632291804,-0.28517771181431684,0.6204025134051072,-0.7876834441392644,1.1593219366775664,-0.3239546694682378
226.52209730138344,50,121.94814814814815,-7.7518518518518515,90,32,90.00003038757863,-0.022421643550398607,-0.11499432060420367,0.016288283739424314,0.11117494597354532,0.9654381417373563,0.19263151602218181,-0.8458759168551113,-0.2940396415843667,0.5896548123397498,-0.7181042948060209,1.169915003476513,-0.2501382934154157
226.52209730138344,52,121.94814814814815,-7.7518518518518515,90,32,90.00003038757863,-0.021813158150462975,-0.11098680927852866,0.016486960868648426,0.10769435830699739,0.8647975944519206,0.24078460757448392,-0.8400202100159443,-0.30045961623255185,0.5584288407441733,-0.6486699094149266,1.171021620212139,-0.18026126133007098
226.52209730138344,54,121.94814814814815,-7.7518518518518515,90,32,90.00003038757863,-0.0211581148039226,-0.10691843122750716,0.01650252533757135,0.10374024254474017,0.7676343633026351,0.28386392637806906,-0.8277745949836205,-0.3046095798520917,0.5270668125840811,-0.5802772075900977,1.1637125218806967,-0.11479219883781899
226.52209730138344,56,121.94814814814815,-7.7518518518518515,90,32,90.00003038757863,-0.020464385944849145,-0.10281973413013673,0.01635008139517463,0.09941379533146394,0.6746312690130107,0.321871107247991,-0.8100895813680326,-0.3066739090739064,0.4958629874320109,-0.5136489880730992,1.149034942505857,-0.05403501107075637
226.52209730138344,58,121.94814814814815,-7.7518518518518515,90,32,90.00003038757863,-0.019739386536748865,-0.09871782339645313,0.0160450216437919,0.09480552159694224,0.5862839765407032,0.35489994524965707,-0.7878513080028062,-0.30684292450351647,0.4650666889790016,-0.4493543075382384,1.1279919843242459,0.0018424861914599355
226.52209730138344,60,121.94814814814815,-7.7518518518518515,90,32,90.00003038757863,-0.018990027659961883,-0.0946364979078202,0.015602710882392512,0.08999567295838426,0.5029302247957487,0.3831145178178659,-0.7618746379733105,-0.30530777782321455,0.4348858398946837,-0.38782842125632055,1.1015288855079326,0.052783132946852496
231.44649072097872,0,121.97962962962963,-7.72037037037037,90,32,90.00003038757863,-0.017162865855665926,-0.11589068330860786,-0.02054784444718466,-0.08722650656964173,0.18184379102535236,0.0000000000000008413408858487514,0.00000000000000019703209628601595,-0.00000000000000004744557001532068,0.4915431171911484,-0.08171992021695641,0.05106435990854805,-0.06129417625353719
231.44649072097872,2,121.97962962962963,-7.72037037037037,90,32,90.00003038757863,-0.017158602229933095,-0.1155271706016997,-0.020272765727657238,-0.08280205949177558,0.2060241049164405,-0.009872662575368236,0.11020175545145906,0.023298666870319493,0.490828197257942,-0.04871396723499723,-0.048294417297671574,-0.06803173415406585
231.44649072097872,4,121.97962962962963,-7.72037037037037,90,32,90.00003038757863,-0.01731047594938634,-0.11574574327999942,-0.019924458486393792,-0.0749404060979163,0.2676164093781008,-0.037675190141364015,0.20778850441822952,0.04473405142643497,0.49882123309270915,-0.04610853097183152,-0.13870397533535425,-0.10159012110597322
231.44649072097872,6,121.97962962962963,-7.72037037037037,90,32,90.00003038757863,-0.01760688239926128,-0.11647247293507271,-0.01943918839602432,-0.06418229927359255,0.3603145080775135,-0.07985284315364789,0.2871127038574916,0.06280718604418695,0.5144267432029119,-0.07194785575270601,-0.214302689651194,-0.15766893161318363
231.44649072097872,8,121.97962962962963,-7.72037037037037,90,32,90.00003038757863,-0.01803031325585233,-0.11761234554381086,-0.01876781341110978,-0.05111054588655456,0.47655827025615793,-0.13207891534787866,0.34419925626648523,0.07635308911715243,0.5362185555190185,-0.1226326003326135,-0.27052905533463756,-0.23084422246646852
231.44649072097872,10,121.97962962962963,-7.72037037037037,90,32,90.00003038757863,-0.01855879661394691,-0.11905645217540398,-0.01787776937844987,-0.03632222352002501,0.6081829098302596,-0.18969012532262136,0.37685573569290565,0.08457886286126247,0.5625614715391453,-0.1933589657528492,-0.3043515580066821,-0.31509958895552204
231.44649072097872,12,121.97962962962963,-7.72037037037037,90,32,90.00003038757863,-0.01916742252093373,-0.12068929453663596,-0.016753574887415024,-0.020403073437861748,0.7470362587822875,-0.24809672758833687,0.3846156464283056,0.08706960698443603,0.5917331373425581,-0.2786052725702472,-0.31433928174775616,-0.4043409852693497
231.44649072097872,14,121.97962962962963,-7.72037037037037,90,32,90.00003038757863,-0.01982983892813603,-0.12239561121240622,-0.0153960101424499,-0.00390555110016004,0.8855091305377939,-0.3031279667866669,0.3685451347826882,0.08376609350024006,0.6220357178911354,-0.37261028261730605,-0.3005876947947228,-0.4928453605351952
231.44649072097872,16,121.97962962962963,-7.72037037037037,90,32,90.00003038757863,-0.02051962234209742,-0.12406626601999193,-0.013820234686463428,0.012668513560519408,1.0169428040681125,-0.3512879412494247,0.3309540245491266,0.07492040945288604,0.6518896387198239,-0.46979797913512483,-0.2645285159026209,-0.5756093854961732
231.44649072097872,18,121.97962962962963,-7.72037037037037,90,32,90.00003038757863,-0.02121145283511941,-0.12560290169510735,-0.012053169037985922,0.028880221121946638,1.1358974662537593,-0.38991185409174084,0.2750552756431994,0.06103690625767395,0.6799047304370285,-0.5651177062087303,-0.2086606288409346,-0.6485819577451041
231.44649072097872,20,121.97962962962963,-7.72037037037037,90,32,90.00003038757863,-0.02188205058064374,-0.12692122531053862,-0.010130477868705245,0.044360916904929756,1.2382832546175084,-0.41722580995871217,0.20461407477466786,0.04280587770960967,0.7049271152274283,-0.6542837599428342,-0.1362408934460813,-0.7087801173212667
231.44649072097872,22,121.97962962962963,-7.72037037037037,90,32,90.00003038757863,-0.022510857296731385,-0.12795293668793267,-0.008093465466885608,0.05881493235170321,1.3213694283522144,-0.4323233357597249,0.12362047977556372,0.021036632469266608,0.7260627529155887,-0.7339124616269187,-0.05097045898640752,-0.7543006452214817
231.44649072097872,24,121.97962962962963,-7.72037037037037,90,32,90.00003038757863,-0.023080468385488412,-0.1286464246013831,-0.005986139619934272,0.07201843232730502,1.3836962317279449,-0.4350780166659009,0.036009796835126395,-0.0034046930784735582,0.7426804967794176,-0.8015658668134531,0.043294640017741415,-0.7842480108063565
231.44649072097872,26,121.97962962962963,-7.72037037037037,90,32,90.00003038757863,-0.023576838645806397,-0.12896643174045275,-0.0038526304584055038,0.08381519336961053,1.4249181515330835,-0.42601408374840105,-0.054555489495746005,-0.02964883137579511,0.7543987118470635,-0.855718763722058,0.142788539739447,-0.7986033478262792
231.44649072097872,28,121.97962962962963,-7.72037037037037,90,32,90.00003038757863,-0.02398929568638325,-0.12889292832641286,-0.001735077990245304,0.0941101807536227,1.445607150068594,-0.40615603463386346,-0.14483789292270768,-0.056866454451806776,0.7610600122082142,-0.8956693765294523,0.24402521812490588,-0.79805928927949
231.44649072097872,30,121.97962962962963,-7.72037037037037,90,32,90.00003038757863,-0.02431040085737171,-0.12841944077490602,0.0003279646586006879,0.10286175161663234,1.4470411589472183,-0.3768753079453099,-0.23211445545305023,-0.08429992201624982,0.7626985937442954,-0.9214146584460428,0.34392983950254896,-0.7838427226450232
231.44649072097872,32,121.97962962962963,-7.72037037037037,90,32,90.00003038757863,-0.02453569849905507,-0.12755106354157641,0.0023026197468030696,0.11007321168025293,1.4309979014964092,-0.33974767300821845,-0.31421208906535986,-0.11128414924517331,0.7595041357995111,-0.9335090402450184,0.4399151850876256,-0.7575429662099681
231.44649072097872,34,121.97962962962963,-7.72037037037037,90,32,90.00003038757863,-0.024663391727530654,-0.12630234797366502,0.004160311930460403,0.11578431908480225,1.3995681621961795,-0.2964302682715503,-0.38950001113205973,-0.1372578265732635,0.7517854919154718,-0.9329219394486982,0.5299108495429621,-0.7209575996315133
231.44649072097872,36,121.97962962962963,-7.72037037037037,90,32,90.00003038757863,-0.024693978067074407,-0.12469521983746279,0.0058780045950698745,0.12006318253398894,1.3549968931701906,-0.24856284632540696,-0.45685132831382735,-0.16176667396474784,0.7399365412500919,-0.9209051333594178,0.6123551163809862,-0.6759630868070233
231.44649072097872,38,121.97962962962963,-7.72037037037037,90,32,90.00003038757863,-0.024629872120345148,-0.1227570339234354,0.007438126937917844,0.12299885955279266,1.2995556736665914,-0.19769421385007993,-0.5155850735141649,-0.18446057285900988,0.7244057498422157,-0.8988769757451165,0.6861599492332552,-0.6244129960518143
231.44649072097872,40,121.97962962962963,-7.72037037037037,90,32,90.00003038757863,-0.02447503605323012,-0.12051883450931594,0.008828273395225295,0.12469483582207305,1.2354463314707602,-0.14523228514126194,-0.5653983037449385,-0.20508636166622507,0.7056702746255611,-0.8683268724660056,0.7506588181026632,-0.5680633452249403
231.44649072097872,42,121.97962962962963,-7.72037037037037,90,32,90.00003038757863,-0.024234632617415874,-0.11801385727320907,0.01004074999991722,0.12526346455972187,1.164733044222889,-0.09241458568761192,-0.6062957394260049,-0.22347788073735836,0.684214874204188,-0.830740668313873,0.8055456060567643,-0.5085224258911674
231.44649072097872,44,121.97962962962963,-7.72037037037037,90,32,90.00003038757863,-0.023914710147151075,-0.11527628260355433,0.01107203112322358,0.12482136765133121,1.08929883296773,-0.04029530224397902,-0.6385222635113705,-0.23954457764362028,0.6605154785575356,-0.7875456852585764,0.8508110360058766,-0.4472212708562257
231.44649072097872,46,121.97962962962963,-7.72037037037037,90,32,90.00003038757863,-0.02352192464126296,-0.11234023203032134,0.011922177273852586,0.12348574641242269,1.0108218145971273,0.010255129759663672,-0.662501660244399,-0.2532596864438489,0.6350270030135269,-0.74007300979582,0.8866812375338027,-0.3854005147822989
231.44649072097872,48,121.97962962962963,-7.72037037037037,90,32,90.00003038757863,-0.023063300711733042,-0.1092389878155961,0.01259425198856201,0.12137151629504898,0.9307666430431565,0.05854159683542371,-0.6787833921855023,-0.26464871215547414,0.6081748457608499,-0.6895341033765288,0.913561444680252,-0.32410952550442795
231.44649072097872,50,121.97962962962963,-7.72037037037037,90,32,90.00003038757863,-0.02254603077442477,-0.10600440933667915,0.01309376447091043,0.1185891624802666,0.8503870102718196,0.10403018589747641,-0.6879980286258657,-0.2737787056130402,0.5803494540949761,-0.637008733632975,0.9319864815717225,-0.26421414100428603
231.44649072097872,52,121.97962962962963,-7.72037037037037,90,32,90.00003038757863,-0.021977310245255594,-0.10266651744032346,0.013428155093970162,0.11524320798108595,0.7707357107534742,0.1463308872345231,-0.6908211237792042,-0.2807486139959615,0.551903354554801,-0.5834414358011855,0.9425786828311302,-0.20640996266873335
231.44649072097872,54,121.97962962962963,-7.72037037037037,90,32,90.00003038757863,-0.021364205532415664,-0.09925321822182276,0.013606333345684285,0.11143118886908983,0.6926794620254207,0.18517901608701756,-0.6879448403980772,-0.28568083969620606,0.5231500920550934,-0.5296440827417768,0.9460131895472486,-0.15123880692287733
231.44649072097872,56,121.97962962962963,-7.72037037037037,90,32,90.00003038757863,-0.020713551129699165,-0.0957901396710843,0.01363827216567981,0.10724303942163811,0.6169163318807974,0.22041669281205248,-0.6800563527081213,-0.28871403075049695,0.49436459418747175,-0.47630257189818753,0.9429901125684002,-0.09910652687082744
231.44649072097872,58,121.97962962962963,-7.72037037037037,90,32,90.00003038757863,-0.020031871981110005,-0.09230055754719363,0.013534658655498244,0.1027608009632659,0.5439942010422255,0.25197526287190986,-0.6678219728541902,-0.2899970529706028,0.46578455543410774,-0.4239860642663805,0.9342128067412527,-0.05030094156987941
231.44649072097872,60,121.97962962962963,-7.72037037037037,90,32,90.00003038757863,-0.019325327388851787,-0.08880539013271871,0.013306598535229475,0.09805858021017062,0.47432916857752866,0.2798591800870664,-0.651875968193071,-0.28968404953032934,0.4376125131167408,-0.3731575963774197,0.9203713975344235,-0.0050090373636502705
236.370884140574,0,122.01111111111112,-7.688888888888888,90,32,90.00003038757863,-0.01868235505099139,-0.10976339478654817,-0.01675137345949146,-0.01584501390848676,0.25456716595216317,0.00000000000000152655665885959,0.0000000000000009558574032994454,-0.000000000000000048986265172785963,0.516704578578023,-0.11440158135082909,0.07148613273943422,-0.0858071282550554
236.370884140574,2,122.01111111111112,-7.688888888888888,90,32,90.00003038757863,-0.018680314971346423,-0.10927145025024959,-0.016488164727555932,-0.014210843870972175,0.26507697340578484,-0.0066587452842308955,0.07511095517894961,0.015918519604156,0.5147605785294421,-0.0891906099908825,0.0021392854212452764,-0.0883348958223844
236.370884140574,4,122.01111111111112,-7.688888888888888,90,32,90.00003038757863,-0.018792919869756425,-0.1091783833162327,-0.016178761968484945,-0.009926005135279569,0.3008225483990321,-0.02557227998955417,0.14261388027515098,0.030740772031161958,0.5193249592814104,-0.08416292187522802,-0.062096409919553334,-0.10900148584304935
236.370884140574,6,122.01111111111112,-7.688888888888888,90,32,90.00003038757863,-0.019013034764931852,-0.10943924681123857,-0.015779002961576305,-0.003338194207659923,0.35809162831377384,-0.05461453253766512,0.1987542081912622,0.04332849522793348,0.5296738931998829,-0.09834068057146579,-0.11735978762083861,-0.14528459561980123
236.370884140574,8,122.01111111111112,-7.688888888888888,90,32,90.00003038757863,-0.01932895277454666,-0.10999475991278201,-0.015253548318424792,0.005161176019722246,0.43233658485704846,-0.09113360473930508,0.24073516754255453,0.05276746390830582,0.5448299985096497,-0.12971446405312873,-0.1605069589248335,-0.19391724762306212
236.370884140574,10,122.01111111111112,-7.688888888888888,90,32,90.00003038757863,-0.01972537095741103,-0.11077546933604393,-0.014577325075738112,0.015155990822026235,0.5185327068496302,-0.13219599265273374,0.26680937243078223,0.058398921841047224,0.5636430656093171,-0.175473877722343,-0.1892686614638641,-0.25118134230788863
236.370884140574,12,122.01111111111112,-7.688888888888888,90,32,90.00003038757863,-0.020184448360461293,-0.11170609865502334,-0.013736125233534235,0.026223936749341224,0.6115315689547401,-0.17482604071964003,0.27627886144182123,0.05983000644048423,0.5848731901535371,-0.23227395012632895,-0.20232327523430926,-0.3132032602200527
236.370884140574,14,122.01111111111112,-7.688888888888888,90,32,90.00003038757863,-0.020686869849920686,-0.11270975249048093,-0.012726413619457255,0.037953350646502924,0.7063791250248482,-0.21621838508022434,0.2694157196318755,0.05692499046619094,0.60726943507938,-0.29650835155881267,-0.19928893907697745,-0.3762239271896036
236.370884140574,16,122.01111111111112,-7.688888888888888,90,32,90.00003038757863,-0.02121284917156327,-0.11371170038976353,-0.011554464531047859,0.04995755508220582,0.7985763780187897,-0.25390752098174574,0.24732191219297006,0.049780729772384735,0.6296385643963479,-0.3645641862798658,-0.18064632057079705,-0.43682271450818466
236.370884140574,18,122.01111111111112,-7.688888888888888,90,32,90.00003038757863,-0.021743019074033615,-0.11464254164420795,-0.01023498868400674,0.0618861391576604,0.8842698519718956,-0.2858858332074474,0.21175010807245614,0.03869063957579951,0.6509001630466832,-0.43303917829937655,-0.14760897187341834,-0.4920827670487439
236.370884140574,20,122.01111111111112,-7.688888888888888,90,32,90.00003038757863,-0.022259172947617895,-0.11544063508192476,-0.008789430201765314,0.07343295769256776,0.9603681885013486,-0.31066832749616086,0.16490731345349224,0.024101827005315716,0.6701262998834545,-0.4989092409926654,-0.10196064858490639,-0.539693500426628
236.370884140574,22,122.01111111111112,-7.688888888888888,90,32,90.00003038757863,-0.022744839161143338,-0.11605375663517337,-0.007244110148222571,0.08434090002820195,1.0245889209650623,-0.3273080537492483,0.10926069515517588,0.006569771469241835,0.6865655731589952,-0.5596415498031553,-0.04587874226517175,-0.577993046709224
236.370884140574,24,122.01111111111112,-7.688888888888888,90,32,90.00003038757863,-0.023185684420958974,-0.11644001445475866,-0.005628373100880435,0.09440370128803698,1.0754451788419797,-0.33537032332274713,0.04736088404623006,-0.0132856938519653,0.6996527384926597,-0.6132544392209696,0.018239342355519692,-0.6059587022787617
236.370884140574,26,122.01111111111112,-7.688888888888888,90,32,90.00003038757863,-0.023569754870775422,-0.11656810187201766,-0.0039728622554382476,0.1034652237300267,1.1121854995217826,-0.334876135463409,-0.018306822815143228,-0.0348202257127401,0.7090060734920552,-0.6583301590605777,0.0879337111806233,-0.6231566745883284
236.370884140574,28,122.01111111111112,-7.688888888888888,90,32,90.00003038757863,-0.023887572707218307,-0.11641700094747826,-0.0023080123801137997,0.11141672316461296,1.134701188694301,-0.3262258668125627,-0.08543782224867275,-0.05739873262440189,0.7144151669840209,-0.6939895192990623,0.16081453255787564,-0.6296637062759121
236.370884140574,30,122.01111111111112,-7.688888888888888,90,32,90.00003038757863,-0.024132111715829296,-0.11597526456947882,-0.0006628136950274643,0.11819264208828689,1.1434151454019224,-0.31011356573270277,-0.1519888868879489,-0.08042207280318703,0.7158219757134308,-0.7198387811372192,0.23466497247766807,-0.625972792146152
236.370884140574,32,122.01111111111112,-7.688888888888888,90,32,90.00003038757863,-0.024298677639387672,-0.1152400057400863,0.0009361327079319692,0.12376544887987682,1.1391642666251278,-0.2874405557711031,-0.21622628181067335,-0.10334649864630337,0.7132978450853331,-0.7358990765641946,0.30751355416751947,-0.6128936548971868
236.370884140574,34,122.01111111111112,-7.688888888888888,90,32,90.00003038757863,-0.02438471923170682,-0.11421571245818352,0.002465273555634362,0.12813998513352257,1.1230850137795805,-0.2592349295871613,-0.2767456923817559,-0.12569626676769216,0.7070188370064748,-0.7425275388852245,0.3776778333463269,-0.5914564055466938
236.370884140574,36,122.01111111111112,-7.688888888888888,90,32,90.00003038757863,-0.02438959390093634,-0.11291298937867439,0.0039045008850637775,0.13134770503813145,1.0965089489969586,-0.22658129070556896,-0.3324695529473829,-0.14707024272601557,0.697241240222605,-0.7403376121707046,0.44378319106863195,-0.5628243357432519
236.370884140574,38,122.01111111111112,-7.688888888888888,90,32,90.00003038757863,-0.02431430868779702,-0.11134730677154125,0.0052373249331230665,0.1334411041250146,1.0608724114587618,-0.19056306321526736,-0.382627692964258,-0.167143554397555,0.6842786367434017,-0.7301240500471113,0.504761564424514,-0.5282194242773057
236.370884140574,40,122.01111111111112,-7.688888888888888,90,32,90.00003038757863,-0.02416125356180948,-0.1095378161277375,0.006450864675677959,0.1344885495342303,1.0176422505313552,-0.15221801598628074,-0.4267268865218115,-0.1856654186589739,0.6684814221673117,-0.7127962045002789,0.5598352089659657,-0.4888621209138926
236.370884140574,42,122.01111111111112,-7.688888888888888,90,32,90.00003038757863,-0.023933940136513454,-0.10750627213479175,0.007535698974805438,0.1345696470345998,0.9682577847359701,-0.11250641296261032,-0.46451414281520687,-0.20245422205879382,0.6502192665890162,-0.6893215368554304,0.6084903114938968,-0.4459254122578717
236.370884140574,44,122.01111111111112,-7.688888888888888,90,32,90.00003038757863,-0.023636755249558078,-0.10527608393152954,0.008485618493722424,0.13377121534055947,0.9140879341181964,-0.07229039982490107,-0.4959376222824496,-0.21739081732412036,0.6298666753659731,-0.6606799563884806,0.6504446486806108,-0.40050209691623634
236.370884140574,46,122.01111111111112,-7.688888888888888,90,32,90.00003038757863,-0.023274735641176297,-0.10287150511090243,0.009297313577392052,0.13218388736033826,0.8564017292980562,-0.03232281309678818,-0.5211080720255383,-0.23041083892284098,0.6077915690022443,-0.6278286324346459,0.6856126923010123,-0.353583555514241
236.370884140574,48,122.01111111111112,-7.688888888888888,90,32,90.00003038757863,-0.022853367300672722,-0.10031696191174533,0.009970027296347495,0.12989932065146298,0.7963500459797875,0.006756531928919469,-0.5402627578630604,-0.24149667000771166,0.5843466419096784,-0.5916763065951665,0.7140707320329924,-0.3060480137819695
236.370884140574,50,122.01111111111112,-7.688888888888888,90,32,90.00003038757863,-0.02237841095737972,-0.09763651211980762,0.010505196657983995,0.12700797415434822,0.7349563486457705,0.04441894107843969,-0.5537330931546517,-0.2506695292198552,0.559863167998781,-0.5530657963014542,0.7360238146003043,-0.2586562704613325
236.370884140574,52,122.01111111111112,-7.688888888888888,90,32,90.00003038757863,-0.02185575363594977,-0.09485342289478998,0.01090609917521912,0.12359739321087806,0.673114355917792,0.08024099157395854,-0.5619165517276564,-0.25798200081294687,0.5346468818184048,-0.5127632619254907,0.7517756366415983,-0.21205300726885135
236.370884140574,54,122.01111111111112,-7.688888888888888,90,32,90.00003038757863,-0.021291285108734875,-0.09198985349743743,0.011177516881171023,0.119750937748168,0.6115907817738361,0.11389612848241214,-0.5652530019030374,-0.2635112110678728,0.5089755624771128,-0.4714528407289404,0.7617019999342289,-0.16677204075524882
236.370884140574,56,122.01111111111112,-7.688888888888888,90,32,90.00003038757863,-0.020690797378681736,-0.08906662817050054,0.011325425639175157,0.11554688720928115,0.5510315993524819,0.14514482058408296,-0.5642052924191483,-0.26735275925890944,0.48309797083525946,-0.4297353751537174,0.7662280413474796,-0.12324415861472554
236.370884140574,58,122.01111111111112,-7.688888888888888,90,32,90.00003038757863,-0.020059904931442607,-0.08610308475641665,0.011356714238062005,0.111057858498052,0.4919705739588158,0.17382412142879852,-0.5592437328857148,-0.2696154408923486,0.4572338279744949,-0.3881301354409036,0.7658091726203791,-0.08180646639275191
236.370884140574,60,122.01111111111112,-7.688888888888888,90,32,90.00003038757863,-0.019403983328470098,-0.08311698562667119,0.01127893521844786,0.1063504783682033,0.43483909169043505,0.1998372463833099,-0.5508340135106473,-0.27041675136562393,0.4315745668866635,-0.34707862498849773,0.7609154866669002,-0.042712430321737604
241.29527756016932,0,122.0425925925926,-7.6574074074074066,90,32,90.00003038757863,-0.019615651252272742,-0.1035099109972687,-0.013390226619683476,0.039153770329386155,0.2805307464413863,0.00000000000000012143064331837657,-0.0000000000000006590252401460117,-0.00000000000000024002744418581325,0.520323526600143,-0.1260695361158859,0.0787770807071406,-0.09455870383302965
241.29527756016932,2,122.0425925925926,-7.6574074074074066,90,32,90.00003038757863,-0.01962143743046213,-0.10295336994584625,-0.013154582654188618,0.03925701341670201,0.28330155119072714,-0.004534100194325807,0.051342573156129265,0.010241212583368414,0.5178164232584611,-0.10684524128925596,0.03014790413156884,-0.09478607963662843
241.29527756016932,4,122.0425925925926,-7.6574074074074066,90,32,90.00003038757863,-0.019708814192801044,-0.10267035892196202,-0.012889661850859546,0.04138063145642978,0.30323351398634174,-0.017506480827277324,0.09806583180860767,0.01990263394383336,0.5200636073843722,-0.10115023051141796,-0.015579048869204333,-0.1073818500590997
241.29527756016932,6,122.0425925925926,-7.6574074074074066,90,32,90.00003038757863,-0.019873714835358935,-0.10263338721946003,-0.012564673998430087,0.045301724232196965,0.3381135144956315,-0.03763083767344957,0.13766501520514163,0.028136055731532807,0.5266006865899673,-0.10850988739569914,-0.05584889891891418,-0.1308494469632648
241.29527756016932,8,122.0425925925926,-7.6574074074074066,90,32,90.00003038757863,-0.0201086045072435,-0.10280523299694472,-0.01215422441815217,0.05075686159055311,0.3851793078607671,-0.06326689175931863,0.168189919003692,0.03424039998980402,0.536775359418738,-0.12780064401984004,-0.08850482719766353,-0.16320257489890544
241.29527756016932,10,122.0425925925926,-7.6574074074074066,90,32,90.00003038757863,-0.02040312736820285,-0.10314137417325642,-0.011639331138437459,0.057455318402757916,0.44131839749463114,-0.09255841935444958,0.18831231671831494,0.03768610793227446,0.5497993706201102,-0.15737182841546615,-0.11189209626425069,-0.20212866692116643
241.29527756016932,12,122.0425925925926,-7.6574074074074066,90,32,90.00003038757863,-0.02074482384001533,-0.1035925913655823,-0.011007957334050023,0.06509251597321247,0.5032702730641839,-0.12357318907273616,0.19734327422446163,0.038126240770599194,0.5648033880818945,-0.19519184684253124,-0.12491746163150476,-0.24515883149513315
241.29527756016932,14,122.0425925925926,-7.6574074074074066,90,32,90.00003038757863,-0.02111986881948774,-0.10410755700072971,-0.010255073421232108,0.07336281810110798,0.5678155701913269,-0.1544324929188422,0.1952048801118445,0.03539500631823209,0.58089046765705,-0.23900379504440558,-0.1270638012627236,-0.28982931554949504
241.29527756016932,16,122.0425925925926,-7.6574074074074066,90,32,90.00003038757863,-0.021513786324092676,-0.1046352487086128,-0.009382300494495566,0.08197098219812556,0.6319391683072244,-0.18342069883247133,0.1823646619886828,0.02949543847539282,0.5971844729193104,-0.28647673650613226,-0.11836415771532073,-0.33382239959226057
241.29527756016932,18,122.0425925925926,-7.6574074074074066,90,32,90.00003038757863,-0.021912103728140425,-0.10512706041843156,-0.008397213734497644,0.09064175849050447,0.6929585568561879,-0.20906863975791254,0.1597432118000291,0.02057864015546931,0.612870774275452,-0.3353413590183081,-0.09934263746076527,-0.3750784140026142
241.29527756016932,20,122.0425925925926,-7.6574074074074066,90,32,90.00003038757863,-0.02230091827628572,-0.10553852568799965,-0.007312399742678111,0.09912733721950978,0.748613296357253,-0.23020814790071778,0.1286062887520242,0.008917331121379952,0.6272276132065338,-0.38350198468857116,-0.07093153192923714,-0.411874597460266
241.29527756016932,22,122.0425925925926,-7.6574074074074066,90,32,90.00003038757863,-0.022667358705508317,-0.10583060948372708,-0.006144365855462908,0.10721254183955117,0.7971155154874389,-0.24599819417231572,0.09045209954678986,-0.005123552474023724,0.6396475458501473,-0.4291204232425382,-0.03437462445783048,-0.4428702730256704
241.29527756016932,24,122.0425925925926,-7.6574074074074066,90,32,90.00003038757863,-0.022999934504806724,-0.1059705626037829,-0.004912394017710486,0.11471783782741517,0.8371647189888947,-0.2559255913969063,0.04690289890302782,-0.02111671789940463,0.6496492702361577,-0.47067046185962114,0.008873891053854912,-0.46712090543807916
241.29527756016932,26,122.0425925925926,-7.6574074074074066,90,32,90.00003038757863,-0.023288773792317197,-0.10593236419687735,-0.0036374191978972847,0.12150036062893646,0.8679325188064247,-0.2597849071287565,-0.00039210675059619254,-0.03860078542817098,0.6568808266886302,-0.5069645404772406,0.05724683842116769,-0.4840658051087735
241.29527756016932,28,122.0425925925926,-7.6574074074074066,90,32,90.00003038757863,-0.023525757490749394,-0.10569680075459642,-0.002340995353548314,0.12745325765811572,0.8890241997087635,-0.25764308932623237,-0.049837957079843016,-0.057105453327363144,0.6611156136511489,-0.5371561771430814,0.109151687054445,-0.4934955023213034
241.29527756016932,30,122.0425925925926,-7.6574074074074066,90,32,90.00003038757863,-0.02370456222307904,-0.10525124419813742,-0.001044393235775154,0.13250368885592492,0.9004243861038987,-0.2497944271894691,-0.0999569392349826,-0.07617259752958185,0.6622428874873205,-0.5607229283629662,0.16304431120701202,-0.4955052038801614
241.29527756016932,32,122.0425925925926,-7.6574074074074066,90,32,90.00003038757863,-0.023820627167011638,-0.1045891979065861,0.0002321439312653606,0.13660984302103235,0.9024336762215178,-0.23671101279113332,-0.14943307223616736,-0.09537285629298194,0.6602544453521437,-0.5774351509627214,0.21748680552067134,-0.4904404287544528
241.29527756016932,34,122.0425925925926,-7.6574074074074066,90,32,90.00003038757863,-0.023871061216240774,-0.10370967909376716,0.0014699770246381916,0.13975731045605544,0.895602184558005,-0.21899303026495642,-0.19713927802820894,-0.1143176776860504,0.6552290702856947,-0.5873157073754989,0.27118899526621476,-0.478840109269013
241.29527756016932,36,122.0425925925926,-7.6574074074074066,90,32,90.00003038757863,-0.02385450652691573,-0.10261650053246041,0.0026524830708647418,0.1419551150333428,0.880664716272624,-0.1973221681750515,-0.24214947077127288,-0.13266713101701358,0.6473160975279793,-0.5905951964631823,0.32303460331304434,-0.4613813551379645
241.29527756016932,38,122.0425925925926,-7.6574074074074066,90,32,90.00003038757863,-0.02377097325199687,-0.10131750600220946,0.0037653156088247597,0.14323165900383988,0.8584809912215057,-0.1724203886650354,-0.28373835512709467,-0.1501339988740031,0.6367191883268233,-0.5876664729307753,0.37209393550953385,-0.4388288987269618
241.29527756016932,40,122.0425925925926,-7.6574074074074066,90,32,90.00003038757863,-0.023621658349266106,-0.0998238035913589,0.004796532429028888,0.14363077911161132,0.8299830958513389,-0.14501531329529152,-0.3213718895214619,-0.16648478355611104,0.6236811120701399,-0.5790412962354241,0.41762544686026,-0.4119911174913201
241.29527756016932,42,122.0425925925926,-7.6574074074074066,90,32,90.00003038757863,-0.023408759111272992,-0.09814903041100126,0.005736612969627242,0.14320805861722907,0.7961312699500462,-0.11581267378472024,-0.35469123958284793,-0.1815382975269362,0.6084700689649255,-0.5653110463841092,0.4590687162830164,-0.38168355987090263
241.29527756016932,44,122.0425925925926,-7.6574074074074066,90,32,90.00003038757863,-0.023135289763481642,-0.0963086723228877,0.006578388444744343,0.1420274907152471,0.7578782840359093,-0.08547565869621787,-0.3834927215321924,-0.1951624826572594,0.5913678525777865,-0.5471126414658324,0.4960312700697583,-0.34870013343792905
241.29527756016932,46,122.0425925925926,-7.6574074074074066,90,32,90.00003038757863,-0.02280490729562676,-0.0943194535452403,0.007316906791476119,0.1401585469525709,0.7161420433927816,-0.05461056479307473,-0.40770580603162976,-0.20727003785575113,0.5726599637225939,-0.5251001352755622,0.5282714380321321,-0.31379156006270936
241.29527756016932,48,122.0425925925926,-7.6574074074074066,90,32,90.00003038757863,-0.0224217507492655,-0.09219880378202566,0.0079492523576572,0.13767367063646402,0.6717856495373441,-0.023757913131795868,-0.427370792353197,-0.21781334716982498,0.552627646348163,-0.499921977599784,0.5556790773274694,-0.2776503466687963
241.29527756016932,50,122.0425925925926,-7.6574074074074066,90,32,90.00003038757863,-0.021990296543477672,-0.08996440489369179,0.008474337437179735,0.13464618984695462,0.625603925743487,0.006611917868255374,-0.4426173222872263,-0.22677910485517594,0.5315417189975159,-0.472203577463301,0.5782556176937402,-0.24090133038580488
241.29527756016932,52,122.0425925925926,-7.6574074074074066,90,32,90.00003038757863,-0.021515231098722665,-0.08763381500131567,0.008892679705576279,0.13114862682894518,0.5783153298067218,0.03609949352736415,-0.45364451488046237,-0.2341829405542905,0.5096580158064988,-0.4425346003826179,0.596094511799386,-0.20409679566286348
241.29527756016932,54,122.0425925925926,-7.6574074074074066,90,32,90.00003038757863,-0.021001341003335672,-0.08522416510609931,0.009206176612547079,0.1272513691345458,0.5305581943793664,0.06437444271058398,-0.46070318247042513,-0.24006426318453272,0.4872142213156385,-0.411460327763546,0.6093628431437327,-0.16771519050605294
241.29527756016932,56,122.0425925925926,-7.6574074074074066,90,32,90.00003038757863,-0.020453420226553054,-0.08275192158205158,0.00941788504237967,0.12302166166371319,0.4828903174119669,0.09117167347189341,-0.4640803390561118,-0.2444814699404943,0.4644278759726159,-0.37947638244446275,0.6182845656087259,-0.13216255620097236
241.29527756016932,58,122.0425925925926,-7.6574074074074066,90,32,90.00003038757863,-0.019876193375043982,-0.08023270702428364,0.009531812164042142,0.11852287647474084,0.4357910436902488,0.1162863362131268,-0.4640860293217867,-0.24750760817556064,0.44149533723083517,-0.34702615390049996,0.623125627566103,-0.09777590287405874
241.29527756016932,60,122.0425925925926,-7.6574074074074066,90,32,90.00003038757863,-0.019274253672830477,-0.07768117168836897,0.009552721401388853,0.11381401778956558,0.389665111567071,0.13956805868381172,-0.46104238162380434,-0.24922653247550092,0.41859149887050684,-0.3145003188744324,0.6241810668800036,-0.06482789212243095
246.2196709797646,0,122.07407407407408,-7.625925925925926,90,32,90.00003038757863,-0.02008998031656445,-0.09691704766765541,-0.011203797069597787,0.08000946465183904,0.2804566353989362,-0.0000000000000008673617379884034,-0.0000000000000005028955893155532,-0.000000000000000048520276127149135,0.5090943999377608,-0.12603623398996971,0.078756269257249,-0.0945337262870701
246.2196709797646,2,122.07407407407408,-7.625925925925926,90,32,90.00003038757863,-0.02010601837616241,-0.09635000791611259,-0.010977297061383673,0.07934963597216964,0.2789346880380177,-0.0031180986583894755,0.03517386472575537,0.006012028697428479,0.5064324527376667,-0.11133433566690897,0.044472332709393325,-0.09354540258315164
246.2196709797646,4,122.07407407407408,-7.625925925925926,90,32,90.00003038757863,-0.020178110338763544,-0.09597021176985299,-0.01073268563247265,0.08020288380222972,0.2892039371310556,-0.012094316043968151,0.06752630698207382,0.011776110565116502,0.50718544712118,-0.10580081617909827,0.011822337474545402,-0.10107188118928011
246.2196709797646,6,122.07407407407408,-7.625925925925926,90,32,90.00003038757863,-0.02030420698302965,-0.09576073688841907,-0.010448368913436812,0.08242857302528525,0.30992536028016193,-0.026140762149094266,0.09537491071253569,0.016667520878569517,0.511062271872999,-0.10921736987985327,-0.017490948592343684,-0.11621374931679074
246.2196709797646,8,122.07407407407408,-7.625925925925926,90,32,90.00003038757863,-0.020479662841060065,-0.09569803632662688,-0.010106089503363225,0.08585113630524753,0.3394002314841568,-0.04423191939073034,0.11736276288667144,0.02015697139965571,0.5176355923263786,-0.12095456121539472,-0.04198742945514023,-0.1377495329974508
246.2196709797646,10,122.07407407407408,-7.625925925925926,90,32,90.00003038757863,-0.020697659947275265,-0.09575337629409669,-0.009691632778384085,0.09026922613007664,0.37568172478529893,-0.06518357361789594,0.1325054406109229,0.021828783274042213,0.5263746945358373,-0.14003685263647145,-0.06047733875990256,-0.16422778814043248
246.2196709797646,12,122.07407407407408,-7.625925925925926,90,32,90.00003038757863,-0.020949687258794147,-0.09589440783400249,-0.009195252524891506,0.09546533628536608,0.41669134565436866,-0.08773511331589787,0.14021042099003225,0.02139081381031529,0.5366809783870713,-0.16522340480489972,-0.07210517809048,-0.19406547604109173
246.2196709797646,14,122.07407407407408,-7.625925925925926,90,32,90.00003038757863,-0.021226044811829742,-0.09608676851224457,-0.008611815821462587,0.1012152859764997,0.4603313470945589,-0.11062842597694035,0.14027040737865343,0.01867633132108394,0.5479234530844115,-0.1950969774196971,-0.07636889171097544,-0.22564453410408727
246.2196709797646,16,122.07407407407408,-7.625925925925926,90,32,90.00003038757863,-0.021516343587788117,-0.09629561962644329,-0.007940688170981203,0.10729703783286434,0.5045857091734236,-0.13267777053565444,0.13283414916951433,0.013638660184154602,0.5594719110405283,-0.22815350133386122,-0.07311553430332363,-0.25739971505519066
246.2196709797646,18,122.07407407407408,-7.625925925925926,90,32,90.00003038757863,-0.02180997595898676,-0.09648704046757012,-0.007185396385656184,0.11349843320883617,0.547604210955237,-0.15282657062927485,0.11835976252988721,0.0063398819054917045,0.570725948289233,-0.2628858457816075,-0.06251655220505092,-0.2878924666636279
246.2196709797646,20,122.07407407407408,-7.625925925925926,90,32,90.00003038757863,-0.022096536826448465,-0.09662922129123586,-0.006353117672635411,0.11962355856763195,0.5877663007960329,-0.17018880653911672,0.09755627849508022,-0.0030648468799252338,0.5811385826697508,-0.297856746529706,-0.04502707997059741,-0.31586757851794495
246.2196709797646,22,122.07407407407408,-7.625925925925926,90,32,90.00003038757863,-0.022366181475284547,-0.09669341833952627,-0.005454048569161873,0.1254975899842602,0.6237235983539043,-0.18407435843487585,0.07131919478869593,-0.014345709034673528,0.5902338195666078,-0.3317575475421767,-0.02133430604910188,-0.3402912699618174
246.2196709797646,24,122.07407407407408,-7.625925925925926,90,32,90.00003038757863,-0.02260991213123839,-0.09665465523704891,-0.004500707316450803,0.13097008604307425,0.6544217212778064,-0.19399909451545916,0.04066530551271926,-0.02721779572213406,0.5976180655500486,-0.36345111218120363,0.007699975905895605,-0.3603711218188454
246.2196709797646,26,122.07407407407408,-7.625925925925926,90,32,90.00003038757863,-0.022819790691605224,-0.09649217360248419,-0.003507218904151038,0.13591680323803135,0.6791035784497828,-0.19968159310901887,0.006671188788557558,-0.0413604463311601,0.6029857473681649,-0.3919987953349626,0.041097936186754586,-0.3755596208602608
246.2196709797646,28,122.07407407407408,-7.625925925925926,90,32,90.00003038757863,-0.022989079758647363,-0.09618965060783205,-0.0024886245924946038,0.140240186895021,0.6972972447915243,-0.20102909112171505,-0.029581380105001928,-0.056435251091236614,0.6061198317546728,-0.4166726089635574,0.07782147212203458,-0.3855440201147436
246.2196709797646,30,122.07407407407408,-7.625925925925926,90,32,90.00003038757863,-0.02311231771329114,-0.09573521192785203,-0.0014602485208190519,0.14386874279604736,0.7087920338408522,-0.19811557253404596,-0.06705099261772392,-0.07210191838212007,0.6068881534253181,-0.4369545961084201,0.11682219989751204,-0.39022571614941526
246.2196709797646,32,122.07407407407408,-7.625925925925926,90,32,90.00003038757863,-0.023185336064775713,-0.09512127503292647,-0.0004371442318116814,0.1467555213327399,0.7136064698895859,-0.19115490240287933,-0.10477214720299816,-0.0880315175046786,0.6052365526186428,-0.45252594399401413,0.15708372569623416,-0.38969245371552047
246.2196709797646,34,122.07407407407408,-7.625925925925926,90,32,90.00003038757863,-0.02320522874875275,-0.09434426048287664,0.0005663654414778119,0.14887595060289932,0.7119516205960739,-0.18047165193131903,-0.14188069770300715,-0.10391688634789212,0.6011798183256163,-0.4632485505219606,0.1976552040130648,-0.3841864689167347
246.2196709797646,36,122.07407407407408,-7.625925925925926,90,32,90.00003038757863,-0.023170283556342708,-0.09340420843891512,0.001537049958756087,0.15022524213480087,0.7041927863492901,-0.16647183568131713,-0.17762985917894433,-0.11948022373371439,0.5947913533731818,-0.46914167346940483,0.23767601079486309,-0.3740712691514596
246.2196709797646,38,122.07407407407408,-7.625925925925926,90,32,90.00003038757863,-0.023079885642652676,-0.09230433481693012,0.0024630357131560365,0.15081556807878518,0.690811954448529,-0.14961527583836104,-0.2113979096563853,-0.13447805970997057,0.5861923485654282,-0.4703560143157152,0.2763919975375162,-0.35979921530070874
246.2196709797646,40,122.07407407407408,-7.625925925925926,90,32,90.00003038757863,-0.02293440228545693,-0.0910505571597783,0.0033339803768905885,0.1506731767228722,0.6723728006520919,-0.13039079020693517,-0.2426890014386305,-0.1487039132135161,0.5755410989607967,-0.4671471952598375,0.31316423685521466,-0.3418815005177516
246.2196709797646,42,122.07407407407408,-7.625925925925926,90,32,90.00003038757863,-0.022735056936315057,-0.08965101513611201,0.004141166998482437,0.1498355783654392,0.6494894239094391,-0.10929492187966798,-0.27112858992770855,-0.1619890107130853,0.5630229357894567,-0.45985014600815755,0.3474714315088129,-0.3208615734046324
246.2196709797646,44,122.07407407407408,-7.625925925925926,90,32,90.00003038757863,-0.022483799296741103,-0.08811560517711592,0.004877529812003623,0.14834889927899994,0.6227994762009628,-0.08681452186804507,-0.29645494352984436,-0.17420146058191285,0.5488410971129017,-0.4488554792810351,0.3789072643514921,-0.29729257354043825
246.2196709797646,46,122.07407407407408,-7.625925925925926,90,32,90.00003038757863,-0.022183176797705317,-0.08645554358860205,0.005537624405137775,0.14626547009123417,0.5929419220727017,-0.06341317690926401,-0.3185080589513709,-0.18524426646264386,0.5332087285677222,-0.43458853749941323,0.4071739509447237,-0.2717189571215237
246.2196709797646,48,122.07407407407408,-7.625925925925926,90,32,90.00003038757863,-0.021836211562594438,-0.08468296782332799,0.006117554641154155,0.1436416878266183,0.5605393387149926,-0.03952124511782032,-0.33721711179853575,-0.19505252910339294,0.5163420973218371,-0.41749145925255116,0.43207315605445384,-0.24466219683076962
246.2196709797646,50,122.07407407407408,-7.625925925925926,90,32,90.00003038757863,-0.021446285758717515,-0.08281058163479721,0.006614867822707815,0.14053616874397143,0.5261844422655949,-0.015529114648339906,-0.3525873555448535,-0.20359013924728178,0.4984550189841921,-0.39800835161024933,0.4534952831849335,-0.21661023833627593
246.2196709797646,52,122.07407407407408,-7.625925925925926,90,32,90.00003038757863,-0.021017037228293872,-0.08085134662126353,0.007028428273511633,0.1370081920243585,0.49043038684530943,0.008216777908149855,-0.36468716695047226,-0.21084621161030953,0.47975443735319834,-0.3765734623059509,0.47140797041998317,-0.18801027413795762
246.2196709797646,54,122.07407407407408,-7.625925925925926,90,32,90.00003038757863,-0.02055226645119798,-0.07881822019218815,0.007358278002961294,0.1331164219521558,0.453784313405784,0.03141565729173708,-0.3736357391209764,-0.21683145734560647,0.46043705767991583,-0.3536021172383676,0.48584444708104474,-0.1592643384059497
246.2196709797646,56,122.07407407407408,-7.625925925925926,90,32,90.00003038757863,-0.02005585522631384,-0.07672393818370593,0.007605491565228051,0.12891788788871164,0.41670360879000284,0.053812321299067475,-0.37959175378092913,-0.22157464342518468,0.44068691190249715,-0.3294841132285636,0.49689223843851044,-0.13072721785315938
246.2196709797646,58,122.07407407407408,-7.625925925925926,90,32,90.00003038757863,-0.01953169695281204,-0.0745808391215218,0.00777203073791527,0.12446719635224072,0.379594355695245,0.07519568889948418,-0.3827432257259049,-0.2251192442908827,0.42067372526054314,-0.3045792220129634,0.504682558518984,-0.10270619860536978
246.2196709797646,60,122.07407407407408,-7.625925925925926,90,32,90.00003038757863,-0.018983638027254363,-0.07240072637541095,0.007860603295572699,0.1198159471666703,0.3428114980255251,0.0953963656122126,-0.38329860461917503,-0.22752035494230635,0.4005519542497694,-0.27921445795056016,0.509380607940864,-0.07546221477421453
251.14406439935988,0,122.10555555555555,-7.594444444444444,90,32,90.00003038757863,-0.02021714271769931,-0.09017504963627038,-0.01008741673810265,0.10916320947393944,0.2668284139016007,-0.00000000000000038163916471489746,-0.0000000000000006408389795019585,-0.0000000000000003768537796524692,0.4884524171039623,-0.11991175761966837,0.07492926805182298,-0.08994005039893917
251.14406439935988,2,122.10555555555555,-7.594444444444444,90,32,90.00003038757863,-0.020243823059775956,-0.08963230146649448,-0.009852604848977653,0.10819503908614952,0.26301773209892415,-0.002165264925825132,0.02411188304242579,0.0029421645037074457,0.48586345959047744,-0.10860236040375378,0.05063032940560341,-0.08835022864151242
251.14406439935988,4,122.10555555555555,-7.594444444444444,90,32,90.00003038757863,-0.02030727044712441,-0.08921712019423089,-0.009607210334303562,0.10833709937794883,0.26740317566913796,-0.008431488740726396,0.04649364077310205,0.005840222076132379,0.4856955949349569,-0.10357767256530091,0.027238656865803162,-0.09268220981897965
251.14406439935988,6,122.10555555555555,-7.594444444444444,90,32,90.00003038757863,-0.020406712154478257,-0.08891902809317281,-0.009336006098535576,0.10950303122115101,0.27916160900466236,-0.018310074231750382,0.06600509508972081,0.008236947100194012,0.48777008286504975,-0.10474802630643358,0.0058992794355927965,-0.10238831453219646
251.14406439935988,8,122.10555555555555,-7.594444444444444,90,32,90.00003038757863,-0.020539446609844803,-0.08872301287177659,-0.009025850134134095,0.11157778872353956,0.2972335932130935,-0.031152450499106317,0.08170007341679868,0.009736650345238655,0.49181070008495575,-0.11176062176766613,-0.012368451498052494,-0.11670800236688712
251.14406439935988,10,122.10555555555555,-7.594444444444444,90,32,90.00003038757863,-0.020701119120175138,-0.08861039024554301,-0.008666173459949744,0.11442388789968103,0.32038693113860267,-0.04619586452219494,0.09285832585523267,0.01001837737806858,0.4974643275652104,-0.12403467100751188,-0.02671463738327223,-0.13472052596082076
251.14406439935988,12,122.10555555555555,-7.594444444444444,90,32,90.00003038757863,-0.02088603993647381,-0.08855976381558817,-0.008249303530532381,0.1178881688578227,0.3472843987631163,-0.06261227364718983,0.09900210032901567,0.008844037675569894,0.5043236589773012,-0.14080654236212065,-0.03648987296363523,-0.15540249154757474
251.14406439935988,14,122.10555555555555,-7.594444444444444,90,32,90.00003038757863,-0.02108752539584277,-0.08854802368930825,-0.007770618798112305,0.12180865587690633,0.37655089585184365,-0.07955660641980584,0.09989773284545647,0.0060614464224162945,0.5119504430256734,-0.161180928890702,-0.041262527219224514,-0.1776859397783918
251.14406439935988,16,122.10555555555555,-7.594444444444444,90,32,90.00003038757863,-0.021298243516773896,-0.08855132867660237,-0.007228541986139925,0.1260211366183035,0.40683581733433155,-0.09621112893886648,0.09554374976637685,0.001602639338737849,0.5198978102692973,-0.18418403160970856,-0.040822442616647046,-0.20051300865636737
251.14406439935988,18,122.10555555555555,-7.594444444444444,90,32,90.00003038757863,-0.02151054729752827,-0.08854602403308082,-0.0066243895178332846,0.13036514386246978,0.43686731872657514,-0.11182336967196363,0.08614783678665501,-0.004521879626430689,0.5277304780590447,-0.2088150856382755,-0.03517227143097005,-0.22288399421066352
251.14406439935988,20,122.10555555555555,-7.594444444444444,90,32,90.00003038757863,-0.021716781756362075,-0.08850945648046238,-0.00596210179765988,0.13468910144664278,0.4654961909728266,-0.1257359054082131,0.07209555652046742,-0.012232095725541162,0.5350419367437028,-0.2340931764387549,-0.024508460237447852,-0.24389656053373404
251.14406439935988,22,122.10555555555555,-7.594444444444444,90,32,90.00003038757863,-0.02190955409738443,-0.08842065939854077,-0.00524788340036747,0.1388544810980021,0.49172814133229864,-0.13740718498356372,0.053913891177998226,-0.021389683689936115,0.5414680564431184,-0.25909708670102793,-0.009194393470541073,-0.26277484408924434
251.14406439935988,24,122.10555555555555,-7.594444444444444,90,32,90.00003038757863,-0.022081959933487078,-0.08826089249488889,-0.004489783752505083,0.14273890007460355,0.5147442845337538,-0.14642337214202658,0.03223258520180426,-0.03181048283916552,0.5466968805262423,-0.282996773417425,0.010271588581246816,-0.2788881379849263
251.14406439935988,26,122.10555555555555,-7.594444444444444,90,32,90.00003038757863,-0.02222776193687409,-0.08801403093599985,-0.0036972479368642397,0.14623816410250567,0.5339104984432024,-0.15250185610229278,0.00774592787333975,-0.04327735159453301,0.5504746610782257,-0.30507590332525364,0.03329064179868447,-0.29175964660577985
251.14406439935988,28,122.10555555555555,-7.594444444444444,90,32,90.00003038757863,-0.02234152037403009,-0.0876668081342683,-0.002880664333247518,0.14926732132258408,0.5487769404164655,-0.15548756851223974,-0.01882287583268989,-0.05555263554134361,0.5526084241091839,-0.3247455991905064,0.05919795447380149,-0.3010664174009858
251.14406439935988,30,122.10555555555555,-7.594444444444444,90,32,90.00003038757863,-0.02241867754971455,-0.0872089236744718,-0.0020509315390521143,0.151760838341881,0.5590694363146662,-0.15534354651375873,-0.04675316879120349,-0.06838964683587632,0.5529655187120867,-0.34155012183081784,0.08729539537385637,-0.3066319636812753
251.14406439935988,32,122.10555555555555,-7.594444444444444,90,32,90.00003038757863,-0.022455600146831622,-0.08663303304396242,-0.0012190620031296562,0.15367203854273687,0.5646746533423118,-0.15213730463653677,-0.07535314301255305,-0.08154272899660257,0.5514707040937271,-0.35516561212378556,0.11688079063684392,-0.308413295869048
251.14406439935988,34,122.10555555555555,-7.594444444444444,90,32,90.00003038757863,-0.02244958478887557,-0.08593463894343864,-0.00039583460662534486,0.1549719566745423,0.5656209800520764,-0.14602455066269332,-0.10398051764639346,-0.09477565200067167,0.5481013673885806,-0.36539324513391735,0.1472728511829978,-0.30648410466071824
251.14406439935988,36,122.10555555555555,-7.594444444444444,90,32,90.00003038757863,-0.022398832907868843,-0.08511190521247866,0.0004084965202361679,0.15564776469521,0.5620569036194633,-0.13723163922185513,-0.1320575858497316,-0.1078682348711363,0.5428814538987894,-0.37214822373362166,0.17783124389827806,-0.30101572617431044
251.14406439935988,38,122.10555555555555,-7.594444444444444,90,32,90.00003038757863,-0.022302401250713255,-0.08416541412822776,0.0011844340271766063,0.1557009147180772,0.5542284416877422,-0.12603794118687256,-0.15908097340000063,-0.12062121832733093,0.5358746425922194,-0.37544599129455386,0.20797170483043023,-0.29225730936238176
251.14406439935988,40,122.10555555555555,-7.594444444444444,90,32,90.00003038757863,-0.02216013420005733,-0.0830978864000265,0.001923410905126266,0.155145128803856,0.542456897673555,-0.11275905395941731,-0.18462669542962806,-0.13285950492560636,0.5271772263439262,-0.3753869064675776,0.23717641244118673,-0.28051634149110294
251.14406439935988,42,122.10555555555555,-7.594444444444444,90,32,90.00003038757863,-0.021972583628666775,-0.08191388096289226,0.00261790902570902,0.15400434509185973,0.5271179021587322,-0.09773151849566013,-0.20835124076611944,-0.1444339485559131,0.5169110703920802,-0.3721404316680531,0.26500006801979015,-0.26614040446013704
251.14406439935988,44,122.10555555555555,-7.594444444444444,90,32,90.00003038757863,-0.021740921351186132,-0.08061948901063767,0.003261528031267724,0.1523107078594948,0.5086224080853621,-0.08129946669873818,-0.22998947061911443,-0.1552219120196738,0.5052169336167892,-0.36592967059766024,0.29107227321473483,-0.2495007613117663
251.14406439935988,46,122.10555555555555,-7.594444444444444,90,32,90.00003038757863,-0.021466848474326367,-0.07922203389121552,0.0038490111173939967,0.15010266747548964,0.48740004395016184,-0.06380341279563523,-0.24935010824043224,-0.16512682519586894,0.4922483529007867,-0.35701687289665957,0.31509686258393726,-0.23097812786308466
251.14406439935988,48,122.10555555555555,-7.594444444444444,90,32,90.00003038757863,-0.02115250514974293,-0.07772978573312289,0.004376234778981025,0.14742323625396955,0.4638850085429092,-0.045571232398117154,-0.2663095380171347,-0.17407697223201232,0.47816621588864683,-0.34569032300155683,0.3368488570247932,-0.21095078019163954
251.14406439935988,50,122.10555555555555,-7.594444444444444,90,32,90.00003038757863,-0.020800383459075228,-0.076151697136731,0.004840169612752243,0.14431842878609355,0.438504517348858,-0.026911245062069145,-0.28080454417010464,-0.182023719499024,0.46313408461800665,-0.33225285617258055,0.3561696678663404,-0.18978498902604438
251.14406439935988,52,122.10555555555555,-7.594444444444444,90,32,90.00003038757863,-0.020413245446529477,-0.07449716404290713,0.005238818918130939,0.14083590084534228,0.4116696835468919,-0.008107227949056115,-0.29282451598844206,-0.18893937144632642,0.44731428266407786,-0.317012102597474,0.3729611163357369,-0.1678276560631792
251.14406439935988,54,122.10555555555555,-7.594444444444444,90,32,90.00003038757863,-0.019994047684572858,-0.07277581402828323,0.0055711412369297,0.13702378951063449,0.38376863103941067,0.010584865404068904,-0.30240354012412074,-0.19481481292146088,0.430864721222375,-0.30027245132454966,0.3871787520127752,-0.14540095051943958
251.14406439935988,56,122.10555555555555,-7.594444444444444,90,32,90.00003038757863,-0.01954587322395554,-0.07099732277916992,0.0058369622252952835,0.1329297485649563,0.355161586628935,0.02893873258926155,-0.3096126992783344,-0.1996570670178879,0.4139364137058642,-0.2823286473946639,0.3988248670619909,-0.12279870056986752
251.14406439935988,58,122.10555555555555,-7.594444444444444,90,32,90.00003038757863,-0.019071871342238755,-0.06917125834489557,0.0060368804422120115,0.1286001671908961,0.3261776760723513,0.04675835135682764,-0.3145528059331179,-0.2034868692510256,0.396671612237261,-0.2634608839927411,0.4079415180286862,-0.10028427678126658
251.14406439935988,60,122.10555555555555,-7.594444444444444,90,32,90.00003038757863,-0.01857520516055222,-0.06730695193022745,0.00617217083016347,0.12407955610577417,0.29711314723233256,0.06387765404098868,-0.3173477223928339,-0.20633633322683834,0.3792024909954757,-0.2439312219498391,0.41460378881883775,-0.07808970642230398
256.06845781895515,0,122.13703703703705,-7.562962962962962,90,32,90.00003038757863,-0.02008913019368852,-0.08392047688496362,-0.00909886954313549,0.1289746518636147,0.2469337769292514,0.00000000000000010408340855860845,-0.0000000000000001885926805735694,-0.0000000000000001844409946567692,0.46243344348053955,-0.11097117430027928,0.06934256697790883,-0.08323414750911574
256.06845781895515,2,122.13703703703705,-7.562962962962962,90,32,90.00003038757863,-0.020125687161132,-0.0834090024096682,-0.00886487003015518,0.1279556889159474,0.24199994859789062,-0.0015173763444291234,0.016495427315810378,0.000764463104134794,0.4600306996205653,-0.10220471257753806,0.05203980976513315,-0.0813887886714848
256.06845781895515,4,122.13703703703705,-7.562962962962962,90,32,90.00003038757863,-0.020184696801949953,-0.08298385796609165,-0.008625054044396896,0.12773279678884616,0.24283302461597547,-0.0059287155550723615,0.03192931566300116,0.001603658682162209,0.4593250581427573,-0.09779576641108519,0.035229291052124974,-0.0837040499902352
256.06845781895515,6,122.13703703703705,-7.562962962962962,90,32,90.00003038757863,-0.020266162050251724,-0.08263854331462589,-0.008368609168130259,0.1282551159832445,0.2489187650584425,-0.012927465223385158,0.045521153228776735,0.002183789999071976,0.46020921858521147,-0.09771762790805459,0.01968859228931118,-0.08984219099233012
256.06845781895515,8,122.13703703703705,-7.562962962962962,90,32,90.00003038757863,-0.02036865781019198,-0.08236343031773263,-0.0080860412221187,0.12944897476790856,0.2595866150932089,-0.022098699614062675,0.05660792485782728,0.0022106712380520646,0.4625065614409157,-0.10177313196406917,0.006123734683072901,-0.09932363809084001
256.06845781895515,10,122.13703703703705,-7.562962962962962,90,32,90.00003038757863,-0.020489510030559266,-0.08214628832931231,-0.007769511583912536,0.1312221065916334,0.2740464961657818,-0.03294611312369732,0.06466556837814812,0.0014391691908730603,0.4659840299697737,-0.10961391505851828,-0.004859187432789071,-0.1115575900316339
256.06845781895515,12,122.13703703703705,-7.562962962962962,90,32,90.00003038757863,-0.020625006141916397,-0.08197287804297093,-0.007413076651881068,0.13346833018322726,0.29142873700670985,-0.044921431610558525,0.06932177349348696,-0.00032046437482479323,0.4703666032485571,-0.12076596682810847,-0.012775449166495598,-0.12587614649470671
256.06845781895515,14,122.13703703703705,-7.562962962962962,90,32,90.00003038757863,-0.02077062490765838,-0.0818275803889631,-0.007012824676788931,0.13607241566405545,0.3108245515973952,-0.057454166442470055,0.07036009552826618,-0.0031994559326673235,0.47535241618412527,-0.13465938877482764,-0.017275424362957256,-0.14156955852001055
256.06845781895515,16,122.13703703703705,-7.562962962962962,90,32,90.00003038757863,-0.020921273833841292,-0.0816940280774201,-0.006566911905445394,0.13891487532879143,0.33132468988828323,-0.06997982046612371,0.06771597767464209,-0.007270430836397423,0.48062763524224317,-0.15066018319025962,-0.018150442070061164,-0.15792036001828408
256.06845781895515,18,122.13703703703705,-7.562962962962962,90,32,90.00003038757863,-0.021071523126909547,-0.08155571048718302,-0.0060755058510934545,0.14187645040465713,0.3520542735489406,-0.08196497938790318,0.06146577599021215,-0.012550065505435038,0.48588031453788477,-0.16810199534907147,-0.015331185249873713,-0.17423446944902096
256.06845781895515,20,122.13703703703705,-7.562962962962962,90,32,90.00003038757863,-0.021215826628448342,-0.08139652729756686,-0.005540648137654591,0.14484211011860784,0.37220232531555053,-0.09292813626962855,0.05181022935557908,-0.01900400661200384,0.4908126171348335,-0.18631598866428134,-0.00887951808504178,-0.18986779589829805
256.06845781895515,22,122.13703703703705,-7.562962962962962,90,32,90.00003038757863,-0.021348722005390425,-0.08120127197797083,-0.004966052545226418,0.14770443132678976,0.39104504541493873,-0.10245554851867118,0.03905400119102966,-0.026553508547667977,0.49515097053715307,-0.20465739944236033,0.001025034041591997,-0.20424738582572352
256.06845781895515,24,122.13703703703705,-7.562962962962962,90,32,90.00003038757863,-0.021465004538682636,-0.08095603240375482,-0.0043568555654376895,0.1503662805120728,0.4079624255356857,-0.11021186776186807,0.023582949176221737,-0.03508320981923242,0.4986539138600014,-0.22252774447943116,0.014102734978410627,-0.2168866504880669
256.06845781895515,26,122.13703703703705,-7.562962962962962,90,32,90.00003038757863,-0.021559870951712107,-0.08064850192645423,-0.0037193370553226246,0.15274277057278568,0.4224482737228198,-0.11594567452454636,0.005840676412182985,-0.044449485822987286,0.5011175703486147,-0.23939209277608897,0.029993548154758073,-0.22739467351418574
256.06845781895515,28,122.13703703703705,-7.562962962962962,90,32,90.00003038757863,-0.02162903169838762,-0.08026819976004368,-0.003060627664768306,0.15476250901898325,0.43411411995356813,-0.11949036500531351,-0.013694285381263422,-0.054488870007480705,0.5023788302590008,-0.25479122142869665,0.04827810317362781,-0.2354799801592455
256.06845781895515,30,122.13703703703705,-7.562962962962962,90,32,90.00003038757863,-0.021668791873511117,-0.0798066042426146,-0.0023884178807728473,0.15636818969956096,0.4426877642414698,-0.12076106258122966,-0.03452957687438304,-0.06502611629760709,0.502316447830618,-0.26834882526084236,0.06849847476043139,-0.2409494353566698
256.06845781895515,32,122.13703703703705,-7.562962962962962,90,32,90.00003038757863,-0.021676102339745623,-0.07925720621281085,-0.0017106810846760911,0.15751660595400369,0.4480074127678526,-0.11974835988877577,-0.05617760830662958,-0.07588157115851532,0.5008503389638762,-0.27977422179170747,0.09017775174306121,-0.24370312109448297
256.06845781895515,34,122.13703703703705,-7.562962962962962,90,32,90.00003038757863,-0.021648583750268596,-0.07861549234036438,-0.0010354202511854704,0.15817817912754953,0.45001242975116645,-0.11650974576206302,-0.07817115889273282,-0.08687762324516174,0.49793941399625613,-0.28886118077247147,0.11283762631905743,-0.2437261302448485
256.06845781895515,36,122.13703703703705,-7.562962962962962,90,32,90.00003038757863,-0.02158452688239071,-0.07787886980736863,-0.00037044509095723877,0.15833610354582905,0.44873172843985604,-0.11115954887301485,-0.10007575329674369,-0.09784409356545849,0.49357829636634937,-0.2954836133225195,0.13601349036901572,-0.2410782171749132
256.06845781895515,38,122.13703703703705,-7.562962962962962,90,32,90.00003038757863,-0.021482873110085454,-0.07704654436281672,0.00027681623915304376,0.15798520870881144,0.44427075316300896,-0.10385815403727584,-0.12149881755548969,-0.10862251320239395,0.48779326859609534,-0.29958888923361376,0.15926676459531303,-0.23588218339548855
256.06845781895515,40,122.13703703703705,-7.562962962962962,90,32,90.00003038757863,-0.021343178975818555,-0.07611936362552876,0.0008994691119690312,0.15713063332014635,0.4367978866261301,-0.09480113608687782,-0.1420957947170987,-0.11906930503895391,0.48063775843302087,-0.30118952616311107,0.18219439295617598,-0.22831176898064065
256.06845781895515,42,122.13703703703705,-7.562962962962962,90,32,90.00003038757863,-0.021165568727932543,-0.07509963676973108,0.001491268331970108,0.15578639556600227,0.4265309723920766,-0.08420882695987507,-0.16157352676587095,-0.1290579389524528,0.47218763673735475,-0.3003539268967916,0.20443560083645546,-0.21857968656220939
256.06845781895515,44,122.13703703703705,-7.562962962962962,90,32,90.00003038757863,-0.02095067842596121,-0.07399094057377281,0.00204669975779026,0.1539739314338659,0.41372448880726803,-0.0723166985422547,-0.17969128720491623,-0.13848016672499308,0.4625365507346618,-0.2971967460824539,0.22567613790155144,-0.2069262909218333
256.06845781895515,46,122.13703703703705,-7.562962962962962,90,32,90.00003038757863,-0.02069959483731923,-0.07279792041167871,0.002561030564594391,0.15172065922434086,0.3986577609358027,-0.059366817755631004,-0.19625988438779166,-0.14724646488667248,0.4517914665470787,-0.29186935957755955,0.24565030729592185,-0.1936092366591908
256.06845781895515,48,122.13703703703705,-7.562962962962962,90,32,90.00003038757863,-0.020413791903506423,-0.07152609326078113,0.0030303317941344776,0.14905861487469738,0.3816244608412319,-0.045600518828865746,-0.21113925756037447,-0.15528582311038733,0.44006854725030387,-0.28455079902317143,0.2641411265040135,-0.17889434842156604
256.06845781895515,50,122.13703703703705,-7.562962962962962,90,32,90.00003038757863,-0.02009506708284542,-0.07018165829856035,0.0034514772250855974,0.1460231900937943,0.36292352960679664,-0.03125234479720005,-0.22423496433878565,-0.16254501523221185,0.4274894496778664,-0.2754394097676544,0.2809789782750711,-0.16304781845762595
256.06845781895515,52,122.13703703703705,-7.562962962962962,90,32,90.00003038757863,-0.019745479411397843,-0.06877131925005625,0.003822122700150643,0.1426519941287134,0.34285155945956763,-0.016545237523504012,-0.23549391830710545,-0.16898748213551415,0.4141780863355232,-0.2647453973130447,0.29603909965922537,-0.14632975744935456
256.06845781895515,54,122.13703703703705,-7.562962962962962,90,32,90.00003038757863,-0.01936729068683596,-0.06730212137784702,0.004140669934344698,0.1389838505226561,0.3216966014655333,-0.001686902389220484,-0.2448996858031656,-0.1745919430605271,0.40025786873627184,-0.25268434906258125,0.309238230359839,-0.12898905691864565
256.06845781895515,56,122.13703703703705,-7.562962962962962,90,32,90.00003038757863,-0.018962910786513965,-0.06578130490990372,0.004406218562161002,0.13505793256379917,0.29973331197304165,0.013132761649817176,-0.25246759762286325,-0.17935083648187677,0.38584942518647136,-0.23947175533512843,0.3205307044805263,-0.1112594735429179
256.06845781895515,58,122.13703703703705,-7.562962962962962,90,32,90.00003038757863,-0.01853484778898906,-0.06421617578768607,0.004618509814241278,0.13091303520526104,0.27721931672613737,0.02774329638780494,-0.25823987870298143,-0.1832686752138377,0.3710687690472009,-0.22531850594273184,0.32990422748618486,-0.0933568149482579
256.06845781895515,60,122.13703703703705,-7.562962962962962,90,32,90.00003038757863,-0.01808566328066752,-0.06261399388468025,0.004777864791876585,0.1265869769014675,0.25439265226238733,0.04199452123068718,-0.2622809498574874,-0.18636038411145406,0.35602588198371105,-0.21042730469715099,0.3373755367980257,-0.0754770899779407
260.9928512385505,0,122.16851851851852,-7.531481481481481,90,32,90.00003038757863,-0.01977857958119683,-0.07816304776859356,-0.008226073326493999,0.1415383990267296,0.22489101929952834,0.000000000000001700029006457271,0.0000000000000003678685613677899,-0.00000000000000004391314376615882,0.43385421861857587,-0.1010652326716578,0.06315264263331564,-0.07580417561833154
260.9928512385505,2,122.16851851851852,-7.531481481481481,90,32,90.00003038757863,-0.019823687594424183,-0.07768543439342673,-0.007998381378021169,0.14060469309756043,0.21950960741934086,-0.001072110856040026,0.011217951043496058,-0.0007446516205242546,0.4316831788459573,-0.0942110198312368,0.05078779027153865,-0.07389590372262134
260.9928512385505,4,122.16851851851852,-7.531481481481481,90,32,90.00003038757863,-0.01988077872618632,-0.0772655303793649,-0.007767880688637818,0.14022628334029713,0.21823572822440848,-0.004201445312555978,0.021787558554309878,-0.0013503494515681226,0.4306879850867744,-0.09041144494402636,0.03867959411795796,-0.07493960729684318
260.9928512385505,6,122.16851851851852,-7.531481481481481,90,32,90.00003038757863,-0.019950303380877193,-0.07689931209456802,-0.007526843718232146,0.14037521716684986,0.2207430175498653,-0.009193653147869105,0.03116888098290541,-0.002060794864880986,0.43080612033595167,-0.08966919521903226,0.027361476532441222,-0.07872460460605576
260.9928512385505,8,122.16851851851852,-7.531481481481481,90,32,90.00003038757863,-0.020031655374179225,-0.0765805797672034,-0.007268385244227182,0.14100578094551114,0.2266007377865872,-0.015780356659684684,0.03889428218189743,-0.0030941692890324676,0.43192585895743596,-0.09187508844394209,0.017325802137080112,-0.08494476758911004
260.9928512385505,10,122.16851851851852,-7.531481481481481,90,32,90.00003038757863,-0.020123288339639778,-0.07630128242239886,-0.00698669654817019,0.14205732302886112,0.2352954621378935,-0.02363532928177983,0.04458283088092678,-0.004636432043389822,0.43389434969256174,-0.09681877613414383,0.009005389478294377,-0.09321662034282607
260.9928512385505,12,122.16851851851852,-7.531481481481481,90,32,90.00003038757863,-0.020222855014440655,-0.07605189028739201,-0.006677220498679581,0.14345745771500065,0.24625497407259442,-0.03239243450537092,0.047949734580831994,-0.006836530702490109,0.4365268496763655,-0.10420341002619371,0.0027588417966709963,-0.1030998733075253
260.9928512385505,14,122.16851851851852,-7.531481481481481,90,32,90.00003038757863,-0.020327361981606645,-0.07582179532497657,-0.00633676347644252,0.1451254693446337,0.25887295300168106,-0.041664157029416095,0.048810678875950184,-0.009803618267529205,0.4396165481512561,-0.1136631613560139,-0.0011397483718956856,-0.11411906070477217
260.9928512385505,16,122.16851851851852,-7.531481481481481,90,32,90.00003038757863,-0.020433332337315063,-0.07559972067706294,-0.0059635439276405355,0.14697574059913243,0.27253309540928256,-0.051059625184241536,0.04708128355199345,-0.013606239162349848,0.44294443504144704,-0.12478239847545751,-0.0025064982457244597,-0.1257849977737473
260.9928512385505,18,122.16851851851852,-7.531481481481481,90,32,90.00003038757863,-0.02053696909493885,-0.07537412109311253,-0.005557180817743257,0.1489210452571723,0.2866314904386708,-0.06020116907412024,0.042772175795463115,-0.018273330410620504,0.446288722815156,-0.1371153433137749,-0.001248931617212244,-0.1376149159606598
260.9928512385505,20,122.16851851851852,-7.531481481481481,90,32,90.00003038757863,-0.020634312858213377,-0.07513355866170413,-0.005118628163353567,0.15087557060251489,0.3005963049818917,-0.06873866030537087,0.03598039946783849,-0.023796792982468788,0.44943341137864457,-0.15020512795217653,0.0026369573719607392,-0.14915034500339222
260.9928512385505,22,122.16851851851852,-7.531481481481481,90,32,90.00003038757863,-0.020721388299350024,-0.07486704108442366,-0.004650063999407594,0.15275756531305074,0.3139041072709299,-0.07636111170580406,0.026878018121843282,-0.03013532557387338,0.45217568490812776,-0.16360133938152435,0.00907318932096838,-0.159972063653137
260.9928512385505,24,122.16851851851852,-7.531481481481481,90,32,90.00003038757863,-0.020794335159469074,-0.07456431303735966,-0.004154743528195226,0.15449154188673067,0.32609244192287085,-0.08280525475258554,0.01569882787963957,-0.03721918003907398,0.45433193615220335,-0.17687535004773297,0.017909104447531125,-0.1697117082687205
260.9928512385505,26,122.16851851851852,-7.531481481481481,90,32,90.00003038757863,-0.02084952074517435,-0.07421609457565992,-0.0036368268066961917,0.1560099956095798,0.3367685388544846,-0.0878610373145155,0.0027240817738461163,-0.044955492480390914,0.45574231838501306,-0.18963296031439494,0.028932685157137313,-0.17805988625154
260.9928512385505,28,122.16851851851852,-7.531481481481481,90,32,90.00003038757863,-0.020883632133763902,-0.07381426380522499,-0.0031011912334809044,0.1572546323720293,0.345614274357321,-0.09137417849408591,-0.01173194740057279,-0.05323386254836359,0.45627382015742235,-0.2015241049193755,0.04188308780171936,-0.18477086979868776
260.9928512385505,30,122.16851851851852,-7.531481481481481,90,32,90.00003038757863,-0.020893747444412747,-0.07335198397855186,-0.0025532384146513543,0.15817712355405997,0.35238769221841826,-0.09324607028501514,-0.027335857098643643,-0.061931890358845706,0.4558219377793716,-0.21224958134479577,0.05646362481916652,-0.18966413141712915
260.9928512385505,32,122.16851851851852,-7.531481481481481,90,32,90.00003038757863,-0.02087738652799151,-0.07282377763449399,-0.0019987038644809774,0.1587394266691209,0.35692152986020154,-0.09343142265367345,-0.04374789445335288,-0.07092042954807394,0.4543110818950179,-0.22156493130531135,0.07235453054938477,-0.19262311908555743
260.9928512385505,34,122.16851851851852,-7.531481481481481,90,32,90.00003038757863,-0.02083254223938852,-0.07222555231977185,-0.0014434765831152219,0.15891372506841742,0.35911927862870824,-0.09193410980807598,-0.060633217452711836,-0.08006837044212667,0.4516938965741278,-0.2292817401521628,0.0892249636887101,-0.19359175467667875
260.9928512385505,36,122.16851851851852,-7.531481481481481,90,32,90.00003038757863,-0.020757694068447657,-0.07155458378336815,-0.0008934339961285676,0.15868204889756982,0.358949342778875,-0.08880169512697679,-0.07767138281106362,-0.08924682386313279,0.44794969283942815,-0.2352667106655686,0.10674383228296255,-0.19256917775238358
260.9928512385505,38,122.16851851851852,-7.531481481481481,90,32,90.00003038757863,-0.02065180632096683,-0.07080946334832838,-0.00035429616595472613,0.15803564322167182,0.35643785579386045,-0.08411909746913952,-0.09456394434462201,-0.0983326295015801,0.4430822056214311,-0.2394389192959059,0.12458916091997083,-0.18960325492791757
260.9928512385505,40,122.16851851851852,-7.531481481481481,90,32,90.00003038757863,-0.02051431327467987,-0.06999001649678058,0.00016849830495319074,0.15697414862312778,0.3516606746145775,-0.07800182075392598,-0.11104016368951174,-0.10721116000539228,0.43711687676042527,-0.2417656792014836,0.14245584454107005,-0.18478334138505556
260.9928512385505,42,122.16851851851852,-7.531481481481481,90,32,90.00003038757863,-0.020345093810822584,-0.06909719963213129,0.0006698935911438886,0.15550465559885457,0.34473501183066246,-0.07058911045211232,-0.12686092863648968,-0.11577843110895798,0.4300978502140491,-0.24225742201219935,0.16006174216860194,-0.17823272514475857
260.9928512385505,44,122.16851851851852,-7.531481481481481,90,32,90.00003038757863,-0.02014443796872281,-0.06813298159603537,0.001145295220401521,0.15364068773213008,0.3358110920748113,-0.06203733299213546,-0.14182104231228218,-0.12394255844883867,0.4220848424179279,-0.24096197647413994,0.17715215283914645,-0.17010111533848138
260.9928512385505,46,122.16851851851852,-7.531481481481481,90,32,90.00003038757863,-0.01991300771957502,-0.0671002159062205,0.001590626849174992,0.15140116081628752,0.3250641397470006,-0.05251380391415861,-0.15575009025196054,-0.1316246232546265,0.4131500238252018,-0.2379585742475058,0.193502783662939,-0.16055746078233019
260.9928512385505,48,122.16851851851852,-7.531481481481481,90,32,90.00003038757863,-0.01965179403571754,-0.06600250892744874,0.0020023668507546666,0.148809356664159,0.3126869271590035,-0.042191223226437057,-0.16851211494910273,-0.1387590225683461,0.4033750195753486,-0.2333518576635222,0.20892136673439146,-0.1497833109697656
260.9928512385505,50,122.16851851851852,-7.531481481481481,90,32,90.00003038757863,-0.019362072070047504,-0.06484408836380784,0.002377566789943941,0.14589194189359828,0.2988830399000614,-0.031242815589061758,-0.18000433248133402,-0.14529338614850418,0.3928481100027839,-0.22726610661935218,0.22324810957003247,-0.13796686279133918
260.9928512385505,52,122.16851851851852,-7.531481481481481,90,32,90.00003038757863,-0.019045355979341982,-0.06362967562472394,0.0027138541290890883,0.14267805401497152,0.2838609527045173,-0.019838220946681404,-0.19015511734248777,-0.15118814307630174,0.38166168670448714,-0.21983984616269722,0.23635517570347983,-0.12529777588130528
260.9928512385505,54,122.16851851851852,-7.531481481481481,90,32,90.00003038757863,-0.018703354643285847,-0.062364364814183615,0.0030094216224049175,0.1391984699836569,0.2678289559408801,-0.00814013907380353,-0.1989214636092891,-0.15641581766477738,0.3699099980271806,-0.21122094558941154,0.24814539127671834,-0.1119627890787242
260.9928512385505,56,122.16851851851852,-7.531481481481481,90,32,90.00003038757863,-0.01833792926153624,-0.06105351035389883,0.0032630058405869744,0.13548486620440967,0.2509909304746137,0.0036983007815210175,-0.20628610656599145,-0.1609601278622635,0.35768719954378064,-0.20156227580936284,0.2585503632082921,-0.09814213052604599
260.9928512385505,58,122.16851851851852,-7.531481481481481,90,32,90.00003038757863,-0.01795105356351706,-0.059702624596049414,0.0034738571570803733,0.13156917385818676,0.23354293666764508,0.01553549703442794,-0.21225446187020358,-0.16481495107030117,0.3450857104486958,-0.1910179551410861,0.26752817782012706,-0.08400668401303528
260.9928512385505,60,122.16851851851852,-7.531481481481481,90,32,90.00003038757863,-0.01754477714562236,-0.05831728621945839,0.0036417033495875772,0.1274830293541111,0.21567056068195856,0.027242726519037454,-0.2168515115989024,-0.16798321309902137,0.3321948656395548,-0.1797401846561815,0.2750608282820753,-0.06971585334335137
265.91724465814576,0,122.2,-7.5,90,32,90.00003038757863,-0.01934131441556186,-0.07288763026825679,-0.007455976362019001,0.14860934350909746,0.20293315370283024,0.0000000000000008153200337090993,-0.00000000000000023794012373313736,-0.000000000000000042120963319595,0.4045856907816256,-0.09119744146369692,0.056986557196299,-0.06840281858517731
265.91724465814576,2,122.2,-7.5,90,32,90.00003038757863,-0.019393456575615475,-0.07244400281812391,-0.00723774839826008,0.14782414427175042,0.1974913241324772,-0.0007628734159280749,0.007539984397994974,-0.001761887532675878,0.4026543401699164,-0.08578942063948618,0.04813287230464669,-0.0665362717176275
265.91724465814576,4,122.2,-7.5,90,32,90.00003038757863,-0.019450029662979984,-0.07203814444091855,-0.007018594237087783,0.14741250793061608,0.19501022470589308,-0.00299749749141494,0.01468886290682993,-0.0033547069013748617,0.401526333483256,-0.08254479288086793,0.03940366495331214,-0.06678332689954307
265.91724465814576,6,122.2,-7.5,90,32,90.00003038757863,-0.01951172182553118,-0.07166758554927488,-0.006792959556364442,0.1473610108231777,0.1952796100536675,-0.006579579698780001,0.021069186194817575,-0.0049566804905302134,0.4011669061810654,-0.08147868067875633,0.031168533814325897,-0.06901126715302597
265.91724465814576,8,122.2,-7.5,90,32,90.00003038757863,-0.019578438453530994,-0.0713283291407979,-0.006555833229867525,0.14764258728693244,0.1980187962758316,-0.011333786391910261,0.026348690593700614,-0.0067295544814441055,0.4015063101789292,-0.08253180585758199,0.023773392834907106,-0.07302244872361915
265.91724465814576,10,122.2,-7.5,90,32,90.00003038757863,-0.019649378027222553,-0.07101505476800685,-0.006302910948194185,0.14821840980351228,0.20288967469440833,-0.01704360144358798,0.030249994705294547,-0.008813853833025034,0.402444914748364,-0.08557651764734243,0.017528320244863952,-0.07856518954939685
265.91724465814576,12,122.2,-7.5,90,32,90.00003038757863,-0.019723124523374325,-0.07072135526333934,-0.006030722579066394,0.1490400675430598,0.2095112455506897,-0.02346242635731225,0.03255739820881925,-0.011325321015913666,0.40385912342596253,-0.09042533204007487,0.012697546060624253,-0.08534631361582518
265.91724465814576,14,122.2,-7.5,90,32,90.00003038757863,-0.019797751746007702,-0.0704399948446438,-0.005736720146337915,0.15005192639469256,0.2174748715665104,-0.03032525458931365,0.03312065053510337,-0.014352619639524042,0.40560777183189717,-0.0968413810216478,0.009491952239388802,-0.09304460012589227
265.91724465814576,16,122.2,-7.5,90,32,90.00003038757863,-0.019870934786332922,-0.07016317706426756,-0.00541932552837926,0.15119355381760544,0.22635947491009709,-0.03736027329122394,0.031855745344445206,-0.017956306155538917,0.4075386732828152,-0.10455010755404547,0.00806428232845687,-0.10132439462266271
265.91724465814576,18,122.2,-7.5,90,32,90.00003038757863,-0.019940063927415846,-0.06988281156148662,-0.005077939057135328,0.15240209929726034,0.2357459745854102,-0.044299809786703816,0.028742963418950798,-0.022169002113441527,0.40949500239334974,-0.11325153094682922,0.008507082181080284,-0.10984869807439711
265.91724465814576,20,122.2,-7.5,90,32,90.00003038757863,-0.02000235665586425,-0.06959076963603261,-0.004712912009740999,0.15361453453341334,0.24523037354897748,-0.05089013790275751,0.023822520774202213,-0.026996640609112638,0.41132124743313647,-0.12263244284462992,0.010853233886986188,-0.11829114928983545
265.91724465814576,22,122.2,-7.5,90,32,90.00003038757863,-0.02005496397788764,-0.06927912015023446,-0.004325487432108921,0.15476967507721484,0.2544350427768056,-0.0568997789746252,0.017188273889148484,-0.03242061662789246,0.4128685149856752,-0.1323779681432485,0.015078812240090224,-0.12634644324721242
265.91724465814576,24,122.2,-7.5,90,32,90.00003038757863,-0.0200950679047599,-0.068940339042528,-0.00391771476508318,0.1558099251949376,0.2630178993744143,-0.062126061709145176,0.00897998768463899,-0.03840064327489749,0.4139990300185659,-0.14218202708061836,0.021107893819969598,-0.13373886955263053
265.91724465814576,26,122.2,-7.5,90,32,90.00003038757863,-0.02011996771527358,-0.06856748764782283,-0.003492344344527387,0.15668270853965222,0.2706793248852542,-0.06639983279653221,-0.0006253140701604802,-0.04487810417622618,0.414589735607709,-0.15175635296866338,0.028818886151857834,-0.14022879850792025
265.91724465814576,28,122.2,-7.5,90,32,90.00003038757863,-0.020127153365584433,-0.06815435693357308,-0.0030527080374831983,0.15734156723528084,0.27716680746362626,-0.06958832676130469,-0.011422417043114572,-0.05177969509452843,0.4145349547163442,-0.16083784334671297,0.03805191786126654,-0.14561707620220635
265.91724465814576,30,122.2,-7.5,90,32,90.00003038757863,-0.02011436515223672,-0.0676955765581847,-0.0026025921051140433,0.1577469300026012,0.2822774095019534,-0.07159630209211189,-0.02318695308941298,-0.05902116256340307,0.4137481280482128,-0.16919414094763469,0.04861683670850436,-0.14974740626423294
265.91724465814576,32,122.2,-7.5,90,32,90.00003038757863,-0.020079639404071925,-0.06718668925127524,-0.0021461079159900143,0.15786656512747782,0.2858582555858404,-0.07236562696399174,-0.03568402364490399,-0.06651097109638515,0.41216268463960926,-0.17662744705313202,0.060301395210659844,-0.15250688896886808
265.91724465814576,34,122.2,-7.5,90,32,90.00003038757863,-0.02002134055598251,-0.06662419234321243,-0.0016875654467775891,0.15767574590037536,0.2878053021346526,-0.0718735502579487,-0.048676107848440044,-0.0741537600888463,0.4097321342342722,-0.1829766582663093,0.07287925636998402,-0.15382495571831567
265.91724465814576,36,122.2,-7.5,90,32,90.00003038757863,-0.019938180425836616,-0.0660055493027972,-0.0012313536797981528,0.15715716449507305,0.28806069013618163,-0.0701299227386438,-0.06193003728266517,-0.08185348387498523,0.4064294923359314,-0.18811798556790355,0.08611751762800392,-0.15367097851670197
265.91724465814576,38,122.2,-7.5,90,32,90.00003038757863,-0.019829225869218592,-0.06532917487106774,-0.0007818311116311594,0.15630063523853194,0.28660899834406245,-0.06717364155338039,-0.0752229005117999,-0.08951616088194997,0.40224616073787683,-0.19196426106086406,0.0997835227377467,-0.15205085196576537
265.91724465814576,40,122.2,-7.5,90,32,90.00003038757863,-0.019693896227148927,-0.06459439782088144,-0.0003432286878375379,0.15510263020055814,0.2834727098707419,-0.06306858219828355,-0.08834681447171573,-0.09705218832531708,0.3971903894844632,-0.19446316414756878,0.11365080288587066,-0.14900284299322053
265.91724465814576,42,122.2,-7.5,90,32,90.00003038757863,-0.019531952118558904,-0.06380140555651403,0.00008043337271723683,0.15356568948673308,0.2787071847079878,-0.057899259878898886,-0.1011125629389946,-0.10437820589475966,0.3912854422032017,-0.19559460742340692,0.1275040554250888,-0.1445929852533714
265.91724465814576,44,122.2,-7.5,90,32,90.00003038757863,-0.019343477175259555,-0.06295117473518214,0.00048541416689296124,0.15169774610415693,0.2723953989651503,-0.05176643098496701,-0.11335215299974331,-0.11141851445105792,0.38456757729886343,-0.19536751650406697,0.14114312767121376,-0.13891026543558146
265.91724465814576,46,122.2,-7.5,90,32,90.00003038757863,-0.019128854288379266,-0.062045391888030516,0.0008683060696594302,0.14951140134905933,0.26464267292145416,-0.04478280912727189,-0.12492037819470325,-0.11810607348519736,0.37708394434875614,-0.19381622086549982,0.15438602237419913,-0.13206181191582017
265.91724465814576,48,122.2,-7.5,90,32,90.00003038757863,-0.018888737848481024,-0.06108636768717007,0.0012260745653757121,0.14702318186390448,0.2555715681954207,-0.03706903222607136,-0.1356955024044252,-0.12438311399686977,0.3688904797588948,-0.1909966480644377,0.16707097985343952,-0.12416825612306188
265.91724465814576,50,122.2,-7.5,90,32,90.00003038757863,-0.018624023333113887,-0.06007694809045036,0.0015560848555103979,0.14425280428780587,0.2453170925854979,-0.028749980186443022,-0.1455791928543252,-0.1302014118751957,0.3600498696787387,-0.18698248461410874,0.1790577195079525,-0.11535939681092774
265.91724465814576,52,122.2,-7.5,90,32,90.00003038757863,-0.018335815440297887,-0.059020425134508614,0.0018561164446083134,0.14122246815274025,0.23402231180118307,-0.019951508707816677,-0.15449583560005792,-0.13552227136436576,0.3506296323957553,-0.18186143602207852,0.19022794128656337,-0.10577025950745317
265.91724465814576,54,122.2,-7.5,90,32,90.00003038757863,-0.018025395797250182,-0.057920449670734536,0.0021243670940646053,0.1379561926445536,0.2218344320004959,-0.010797635023008172,-0.16239136442346191,-0.14031626944310177,0.3407003577249751,-0.17573168819613347,0.20048519700244627,-0.09553760939515496
265.91724465814576,56,122.2,-7.5,90,32,90.00003038757863,-0.017694191101083917,-0.05678094787289953,0.002359447629140754,0.13447920825181764,0.20890138672291528,-0.0014081865104998616,-0.16923172614523355,-0.14456281064700327,0.33033412779215776,-0.16869864415346264,0.20975424361094785,-0.0847969467090835
265.91724465814576,58,122.2,-7.5,90,32,90.00003038757863,-0.017343742380430766,-0.05560604290759935,0.0025603691047415555,0.13081741029000063,0.19536893684355744,0.00810309665339909,-0.17500109371098507,-0.1482495386997908,0.3196031323709628,-0.16087198475536713,0.21797998731246432,-0.07367998983038139
265.91724465814576,60,122.2,-7.5,90,32,90.00003038757863,-0.016975675909883636,-0.054399982761673765,0.0027265237960498734,0.1269968778722716,0.18137827253095234,0.017630028532208082,-0.17969992456554731,-0.1513716469098136,0.3085784826763927,-0.15236308059982817,0.22512612009828997,-0.06231263256051217
