X_km,Y_km,Z_km,Lon,Lat,Strike,Dip,Rake,ux_m,uy_m,uz_m,sxx_bar,syy_bar,szz_bar,syz_bar,sxz_bar,sxy_bar,Shear_bar,Normal_bar,Coulomb_bar
-110.0159161,-111.1949266,-20,120.34799999959827,-9.350999999599274,90,90,0,0.02990076883722384,0.07417922976583308,-0.014429579078969912,0.22993023853109856,0.2785296928954666,0.00801794750293982,0.0918529734139875,0.07868429992977066,0.42670823513300893,-0.42670823513300893,0.27852969289546653,-0.3152963579748223
-110.0159161,-105.63518026777207,-20,120.34799999959827,-9.300999999599275,90,90,0,0.031062784007742456,0.07555430695681248,-0.015731810828539916,0.25390232526618256,0.26750359695463305,0.005326374262076747,0.0931578520436311,0.08229407147248173,0.45328555855440017,-0.45328555855440017,0.267503596954633,-0.34628411977254697
-110.0159161,-100.07543393554414,-20,120.34799999959827,-9.250999999599275,90,90,0,0.032168538487024195,0.07677249247637613,-0.017148250926092068,0.2802604521971334,0.25191106246624356,0.0013324191374767976,0.0933671671678262,0.08488419383222345,0.48065437384057136,-0.48065437384057136,0.2519110624662435,-0.37988994885407396
-110.0159161,-94.51568760331621,-20,120.34799999959827,-9.200999999599274,90,90,0,0.03318607597035794,0.07779401912134692,-0.018676795541432367,0.30925447695382585,0.23093827054094979,-0.0043194752774089575,0.09229097470952956,0.08594642398682603,0.5085680692699421,-0.5085680692699421,0.23093827054094973,-0.41619276105356223
-110.0159161,-88.95594127108828,-20,120.34799999959827,-9.150999999599275,90,90,0,0.034075541638915074,0.07857303201344973,-0.02030776182952515,0.34118030639172386,0.20366275295370798,-0.012006589027275052,0.08981951068098763,0.08484875925831506,0.5366795820938278,-0.5366795820938278,0.20366275295370792,-0.4552144809123446
-110.0159161,-83.39619493886035,-20,120.34799999959827,-9.100999999599274,90,90,0,0.03478755622158805,0.07905672209175801,-0.022020131488032224,0.3763874991397388,0.1690264025553658,-0.02207208247749928,0.08600673814848692,0.08084600780532394,0.5644935850838345,-0.5644935850838345,0.16902640255536575,-0.4968830240616882
-110.0159161,-77.83644860663242,-20,120.34799999959827,-9.050999999599275,90,90,0,0.03526117899486916,0.07918411892609506,-0.023776667936670548,0.4152692672549612,0.1257893053652713,-0.03472288319759772,0.08118932245208584,0.07312691294677282,0.5912801299798238,-0.5912801299798238,0.12578930536527122,-0.5409644078337154
-110.0159161,-72.27670227440449,-20,120.34799999959827,-9.000999999599275,90,90,0,0.035421227336762756,0.07888437989414504,-0.025517982516746363,0.4582008200284257,0.07246392038395243,-0.049866130640115205,0.07613911397258688,0.060924080657625314,0.6159209929588283,-0.6159209929588283,0.07246392038395236,-0.5869354248052474
-110.0159161,-66.71695594217655,-20,120.34799999959827,-8.950999999599276,90,90,0,0.03517461490599688,0.07807455144404968,-0.027156053597158447,0.5053553461986654,0.007253528918018506,-0.06688012111239572,0.07222962570195988,0.04372162778881112,0.6366531301437507,-0.6366531301437507,0.007253528918018428,-0.6337517185765433
-110.0159161,-61.157209609948616,-20,120.34799999959827,-8.900999999599275,90,90,0,0.03440541361004623,0.07665731214885024,-0.028568486826434925,0.5562703730012838,-0.07192179811411918,-0.08434710693067936,0.07156316285449787,0.021598546839401482,0.6506905810833442,-0.6506905810833442,-0.07192179811411926,-0.6794593003289919
-110.0159161,-55.59746327772068,-20,120.34799999959827,-8.850999999599274,90,90,0,0.03296897790966516,0.0745204925615583,-0.029596084241021725,0.608979932437706,-0.1671237371287367,-0.09983523015788047,0.07694803194077061,-0.004271724387958925,0.6537931547027177,-0.6537931547027177,-0.1671237371287368,-0.7206426495542124
-110.0159161,-50.03771694549274,-20,120.34799999959827,-8.800999999599275,90,90,0,0.030687621977785934,0.0715424103005729,-0.03004815080338602,0.6585576297737911,-0.2795225472898838,-0.10989634077082222,0.09153191189525131,-0.03101976431970827,0.6400800866576026,-0.6400800866576026,-0.27952254728988385,-0.7518891055735561
-110.0159161,-44.4779706132648,-20,120.34799999959827,-8.750999999599275,90,90,0,0.027355260858093117,0.06760941124276038,-0.02972220086617805,0.6952573280288148,-0.40773482342456185,-0.1104905897571931,0.11781760291100711,-0.053636230144281864,0.6027851072803181,-0.6027851072803181,-0.4077348234245619,-0.7658790366501429
-110.0159161,-38.91822428103686,-20,120.34799999959827,-8.700999999599276,90,90,0,0.022765944287651524,0.06265091311420756,-0.02844601214626924,0.7034122622344471,-0.545810064104973,-0.09794260302258614,0.15586086069057228,-0.0653539954475398,0.5369295054311025,-0.5369295054311025,-0.5458100641049731,-0.7552535310730918
-110.0159161,-33.358477948808925,-20,120.34799999959827,-8.650999999599275,90,90,0,0.016784915062820677,0.05668625803021221,-0.026146085376821337,0.6636986545874171,-0.6826918251902289,-0.07020246064050858,0.20105252205253052,-0.05994645806628623,0.444079149848826,-0.44407914984882596,-0.6826918251902289,-0.7171558799249176
-110.0159161,-27.798731616580987,-20,120.34799999959827,-8.600999999599274,90,90,0,0.009464023497305046,0.04985561986834308,-0.022929911523709157,0.561320607426333,-0.8056678691085573,-0.027881178417523793,0.2432717253380579,-0.03648542418167953,0.3364107765576988,-0.33641077655769874,-0.8056678691085573,-0.6586779242011216
-110.0159161,-22.23898528435305,-20,120.34799999959827,-8.550999999599275,90,90,0,0.0011543705347135946,0.04239610503889624,-0.019138991157499063,0.3978112644401881,-0.9071205645905824,0.02515193642293117,0.2700588147138549,-0.00429177228674731,0.23440067145334811,-0.23440067145334811,-0.9071205645905824,-0.5972488972895811
-110.0159161,-16.67923895212511,-20,120.34799999959827,-8.500999999599275,90,90,0,-0.007474850396231164,0.03456151473224972,-0.015312790721419167,0.19672619185960394,-0.9879020533901598,0.08114595025426959,0.2737148548514951,0.017406093985513234,0.15632517487389821,-0.15632517487389824,-0.9879020533901598,-0.5514859962299622
-110.0159161,-11.119492619897173,-20,120.34799999959827,-8.450999999599276,90,90,0,-0.015560953008366935,0.026550694931194663,-0.012045689724809017,-0.004406390157841028,-1.0521122197282304,0.1280432334511486,0.25686629188649185,0.008017532049769155,0.10825219501367722,-0.10825219501367724,-1.0521122197282304,-0.5290970829049695
-110.0159161,-5.559746287669236,-20,120.34799999959827,-8.400999999599275,90,90,0,-0.02224885609889518,0.018507792105764698,-0.00980299251991884,-0.16927864137596838,-1.0993677190778341,0.15115803908956613,0.23114083950652625,-0.043082770904446586,0.08456929178309028,-0.0845692917830903,-1.0993677190778341,-0.524316379414224
-110.0159161,0.00000004455870161734765,-20,120.34799999959827,-8.350999999599274,90,90,0,-0.02685393087009319,0.010569975276279064,-0.008795618870208188,-0.27210230327398854,-1.1244075145324304,0.1379841330938959,0.21065070364176505,-0.13079401427894077,0.07604417542722787,-0.0760441754272279,-1.1244075145324304,-0.5258071812402001
-110.0159161,5.559746376786639,-20,120.34799999959827,-8.300999999599275,90,90,0,-0.028949586029116042,0.002887195581184887,-0.00896183834050368,-0.2985225838091886,-1.1235420274845236,0.08397971841004843,0.20570316703428518,-0.2364817539065127,0.07458330079359177,-0.0745833007935918,-1.1235420274845236,-0.5240001117874012
-110.0159161,11.119492709014576,-20,120.34799999959827,-8.250999999599275,90,90,0,-0.02842338275919115,-0.0044118475877671925,-0.010037628540154941,-0.245849513452187,-1.0992383883418284,-0.004066893315821273,0.2193311603260434,-0.33531049101605515,0.07098900736521863,-0.07098900736521865,-1.0992383883418284,-0.5106843627019501
-110.0159161,16.679239041242514,-20,120.34799999959827,-8.200999999599274,90,90,0,-0.025528769012209934,-0.01125836554761478,-0.01166714657688983,-0.12774793756807154,-1.0570602264825835,-0.10905349134776528,0.246726795830404,-0.40551093385342674,0.05226276207405685,-0.05226276207405687,-1.0570602264825835,-0.4750868526670903
-110.0159161,22.238985373470452,-20,120.34799999959827,-8.150999999599275,90,90,0,-0.020878783925829286,-0.017625655573564936,-0.01350204973674679,0.02242097243217573,-0.9985223168364795,-0.20885523868272932,0.2778859631703347,-0.43617548189941624,0.006834895672961605,-0.006834895672961621,-0.9985223168364795,-0.40624382240755347
-110.0159161,27.79873170569839,-20,120.34799999959827,-8.100999999599274,90,90,0,-0.015299376903092632,-0.023465612129179414,-0.015253955552077203,0.16151214190239238,-0.9200807856917237,-0.2838406431019944,0.30273599195046247,-0.42915337736174275,-0.0644408437493557,0.0644408437493557,-0.9200807856917237,-0.30359147052733376
-110.0159161,33.358478037926325,-20,120.34799999959827,-8.050999999599275,90,90,0,-0.009571451867953662,-0.028683826808181767,-0.016704078758163238,0.25840713762007494,-0.8210269195219686,-0.3231742952859923,0.3150836284703832,-0.39400716305562533,-0.14587606932987265,0.14587606932987265,-0.8210269195219686,-0.18253469847891482
-110.0159161,38.91822437015426,-20,120.34799999959827,-8.000999999599275,90,90,0,-0.004229087609765758,-0.03319099449601709,-0.01770621151454166,0.30717490949625986,-0.70879450390256,-0.32692093532343497,0.3128541929537389,-0.34156251398657334,-0.21868786133414483,0.21868786133414483,-0.70879450390256,-0.06482994022687918
-110.0159161,44.4779707023822,-20,120.34799999959827,-7.950999999599275,90,90,0,0.0004696884936815915,-0.036962311785083246,-0.018198568106440938,0.32012946116130525,-0.5945385942551414,-0.30341804014925455,0.29671682519499426,-0.2810635497920378,-0.272892719748655,0.272892719748655,-0.5945385942551414,0.03507728204659838
-110.0159161,50.03771703461014,-20,120.34799999959827,-7.900999999599275,90,90,0,0.004454548279267584,-0.04004152985943932,-0.018204176961569507,0.31323725859274104,-0.4865420288337373,-0.26416477796692533,0.26930661021576147,-0.21988033331517798,-0.3083172868361109,0.3083172868361109,-0.48654202883373726,0.11370047530261601
-110.0159161,55.59746336683808,-20,120.34799999959827,-7.850999999599274,90,90,0,0.00774731983684912,-0.04250644496223227,-0.017806786948187506,0.29784426407440157,-0.3884416273422991,-0.21940670235870308,0.23457875760022356,-0.16336060924612575,-0.32925242693814405,0.32925242693814405,-0.38844162734229903,0.17387577600122442
-110.0159161,61.157209699066016,-20,120.34799999959827,-7.8009999995992745,90,90,0,0.010406150835585187,-0.044437561034317674,-0.017115435548872154,0.27983125610479165,-0.30092215244381953,-0.17609338270875366,0.19676554471050664,-0.11462526219432058,-0.3401476506341023,0.3401476506341023,-0.3009221524438195,0.2197787896565745
-110.0159161,66.71695603129395,-20,120.34799999959827,-7.750999999599275,90,90,0,0.012501548850060273,-0.04590504351939412,-0.016235754926253232,0.2616019118531138,-0.22357129170217388,-0.13787622453604897,0.1594066070439197,-0.07479389121030339,-0.34416341451607935,0.34416341451607935,-0.22357129170217382,0.2547348978352098
-110.0159161,72.27670236352188,-20,120.34799999959827,-7.700999999599275,90,90,0,0.014106819904646462,-0.04696800218992739,-0.015254867431524877,0.24393111919771204,-0.15576619534059516,-0.10602860639897896,0.12489526224310678,-0.04358283578144204,-0.34328335973099006,0.34328335973099006,-0.1557661953405951,0.280976881594752
-110.0159161,77.83644869574981,-20,120.34799999959827,-7.650999999599275,90,90,0,0.015293373804424942,-0.04767759374991565,-0.014237388569891873,0.22699598369068552,-0.09688588859127241,-0.08044573013367137,0.09450834394740072,-0.019950622035593796,-0.3387708449361905,0.3387708449361905,-0.09688588859127237,0.3000164894996815
-110.0159161,83.39619502797774,-20,120.34799999959827,-7.600999999599275,90,90,0,0.01612783455904357,-0.04807970690383026,-0.013227514623599668,0.21081216375249262,-0.0462936654177487,-0.060381586667727735,0.06867484723722957,-0.0025844946848245826,-0.33150983623976743,0.33150983623976743,-0.04629366541774866,0.31299237007266795
-110.0159161,88.95594136020567,-20,120.34799999959827,-7.550999999599275,90,90,0,0.01667030518846796,-0.04821633162878605,-0.012253313782691122,0.19537679958925716,-0.0033045452563321884,-0.04489098132810049,0.04728237549009702,0.009809970280973163,-0.3221828796372162,0.3221828796372162,-0.003304545256332149,0.32086106153468336
-110.0159161,94.5156876924336,-20,120.34799999959827,-7.500999999599275,90,90,0,0.016973589419845725,-0.048125986564003215,-0.011331120961863228,0.18069800063815697,0.03281288868861955,-0.03305461898678985,0.029926094046216038,0.018371544206430255,-0.31134743876320115,0.31134743876320115,0.03281288868861958,0.324472594238649
-110.0159161,100.07543402466153,-20,120.34799999959827,-7.450999999599275,90,90,0,0.01708314326623034,-0.04784372861251078,-0.010469201386740734,0.1667909728316302,0.06281086872799602,-0.02407286139655598,0.016078731537128712,0.024039715585234253,-0.2994656903680607,0.2994656903680607,0.06281086872799606,0.3245900378592591
-110.0159161,105.63518035688946,-20,120.34799999959827,-7.400999999599275,90,90,0,0.01703750194469883,-0.047401084104765734,-0.009670512353329164,0.15366943174059822,0.08743102379401801,-0.017290019174585457,0.005193100191764329,0.027559572936985105,-0.286917782897061,0.286917782897061,0.08743102379401806,0.3218901924146682
-110.0159161,111.1949266891174,-20,120.34799999959827,-7.350999999599275,90,90,0,0.01686896225993134,-0.046826052579677924,-0.008934666141777348,0.1413398961792275,0.10737797598722999,-0.012186517731780158,-0.0032431629095990753,0.02950718874315479,-0.2740110396663812,0.2740110396663812,0.10737797598723002,0.3169622300612732
-104.51512029720979,-111.1949266,-20,120.39799999959827,-9.350999999599274,90,90,0,0.030893871332600964,0.08113374100109716,-0.01573046641140119,0.21865580452093342,0.3489385236988067,0.007455754066300669,0.10333469919757264,0.08146732641524472,0.4555044448888751,-0.4555044448888751,0.3489385236988066,-0.31592903540935247
-104.51512029720979,-105.63518026777207,-20,120.39799999959827,-9.300999999599275,90,90,0,0.03223933625370884,0.08308611603449484,-0.01724033540086911,0.24239825669412277,0.3444122200300829,0.003935201567243905,0.10512887830023321,0.0852343079579648,0.48746773686330164,-0.48746773686330164,0.34441222003008287,-0.34970284885126846
-104.51512029720979,-100.07543393554414,-20,120.39799999959827,-9.250999999599275,90,90,0,0.0335557954877726,0.08493393598782506,-0.01889985741820155,0.2687583054061559,0.33595049936447635,-0.001285816367781272,0.10560289980209393,0.08782232030589825,0.5213332996508203,-0.5213332996508203,0.3359504993644763,-0.3869530999050298
-104.51512029720979,-94.51568760331621,-20,120.39799999959827,-9.200999999599274,90,90,0,0.0348156522461579,0.08664240878283963,-0.020711765066916743,0.29813828179242624,0.32280493421547757,-0.008704906740194923,0.10447370961288953,0.08861005300590243,0.5571431698869196,-0.5571431698869196,0.3228049342154775,-0.42802119620072854
-104.51512029720979,-88.95594127108828,-20,120.39799999959827,-9.150999999599275,90,90,0,0.035984302657954464,0.08817097643061433,-0.02267067356448732,0.3310782720263228,0.30411230007317763,-0.018867882241656184,0.1015342320829908,0.08679937942547616,0.5949304696289427,-0.5949304696289427,0.3041123000731776,-0.4732855495996717
-104.51512029720979,-83.39619493886035,-20,120.39799999959827,-9.100999999599274,90,90,0,0.03701870497109308,0.08947212664827325,-0.02475828176610717,0.36831794597809986,0.27883851918336233,-0.03229564346927607,0.09675948796102737,0.08140873585440164,0.6346971532005901,-0.6346971532005901,0.2788385191833623,-0.5231617455272451
-104.51512029720979,-77.83644860663242,-20,120.39799999959827,-9.050999999599275,90,90,0,0.03786546774562796,0.09048937068013813,-0.026936764371614963,0.4108689123199938,0.24566568452752674,-0.049338665137429474,0.09046957871471573,0.07130366285268787,0.6763474314507706,-0.6763474314507706,0.24566568452752666,-0.57808115763976
-104.51512029720979,-72.27670227440449,-20,120.39799999959827,-9.000999999599275,90,90,0,0.038457988380283775,0.09115374402515769,-0.02914013691561773,0.4600699692988837,0.20279003748228577,-0.06992629530769909,0.08355981201920068,0.055298949311731245,0.7195246898699958,-0.7195246898699958,0.2027900374822857,-0.6384086748770815
-104.51512029720979,-66.71695594217655,-20,120.39799999959827,-8.950999999599276,90,90,0,0.03871174234546551,0.09137803226529073,-0.03126376274446896,0.5175467700035802,0.1476132388651782,-0.09318776764223369,0.0777945370958823,0.03238656636702432,0.7632631724947999,-0.7632631724947999,0.1476132388651781,-0.7042178769487286
-104.51512029720979,-61.157209609948616,-20,120.39799999959827,-8.900999999599275,90,90,0,0.03851625915489648,0.09104821604102503,-0.033152988827494345,0.5848940412285453,0.07638241303523105,-0.1169659923107538,0.0761297472703453,0.0021703401154712426,0.8053336259076017,-0.8053336259076017,0.07638241303523095,-0.7747806606935094
-104.51512029720979,-55.59746327772068,-20,120.39799999959827,-8.850999999599274,90,90,0,0.037722054623734985,0.09001317784999213,-0.03459341227003265,0.662723775753084,-0.015969827927840713,-0.13735106872868416,0.08296316804946603,-0.0343817177583384,0.8411976693023379,-0.8411976693023379,-0.015969827927840817,-0.8475856004734742
-104.51512029720979,-50.03771694549274,-20,120.39799999959827,-8.800999999599275,90,90,0,0.03612228989139918,0.08807779593313259,-0.03530796279153686,0.7485275830360353,-0.13516896974692866,-0.1485392802863401,0.10406672224174325,-0.07375650308921783,0.8627559510507679,-0.8627559510507679,-0.13516896974692877,-0.9168235389495394
-104.51512029720979,-44.4779706132648,-20,120.39799999959827,-8.750999999599275,90,90,0,0.03343562631032515,0.08501188030105072,-0.034970709541181866,0.8329042428113183,-0.28514751443849135,-0.14349691476561277,0.145655921319057,-0.10835357839007713,0.8578691589968724,-0.8578691589968724,-0.28514751443849146,-0.9719281647722691
-104.51512029720979,-38.91822428103686,-20,120.39799999959827,-8.700999999599276,90,90,0,0.029313363738169562,0.08059406832374222,-0.03325475531150779,0.895023037634775,-0.4633300746740577,-0.11577773166577852,0.21162637627117115,-0.1254198749114911,0.8130036385239061,-0.8130036385239061,-0.4633300746740578,-0.9983356683935293
-104.51512029720979,-33.358477948808925,-20,120.39799999959827,-8.650999999599275,90,90,0,0.02341754365656709,0.07469991144454513,-0.02993736032259825,0.9019015957585055,-0.6562219738794972,-0.061931513933299216,0.29826079742072376,-0.109115413473587,0.7217020942075876,-0.7217020942075876,-0.6562219738794973,-0.9841908837593865
-104.51512029720979,-27.798731616580987,-20,120.39799999959827,-8.600999999599274,90,90,0,0.01561302878279,0.06739424422928192,-0.025067711682218552,0.8199580802495052,-0.8426123220759939,0.017388271687844244,0.3889190840035471,-0.04966199509958024,0.5962798275668861,-0.5962798275668861,-0.842612322075994,-0.9333247563972837
-104.51512029720979,-22.23898528435305,-20,120.39799999959827,-8.550999999599275,90,90,0,0.006220266563941951,0.05892601543430348,-0.01912760099005334,0.640369437425328,-1.0081507289102432,0.11842112850715654,0.45697172988328993,0.041924482199310824,0.46871891121431003,-0.46871891121431003,-1.0081507289102432,-0.8719792027784072
-104.51512029720979,-16.67923895212511,-20,120.39799999959827,-8.500999999599275,90,90,0,-0.003879900983935397,0.04957775352550364,-0.01302255643356831,0.39694840077856236,-1.1559121975433595,0.23351017566454915,0.48192880565116974,0.12845226528430093,0.36920928109477275,-0.3692092810947728,-1.1559121975433595,-0.8315741601121166
-104.51512029720979,-11.119492619897173,-20,120.39799999959827,-8.450999999599276,90,90,0,-0.013458437556367775,0.039520693508934335,-0.007805738980346755,0.15109316175678947,-1.2934746423896917,0.34569281688914094,0.4649192751783757,0.16444875804218048,0.30201271687899905,-0.3020127168789991,-1.2934746423896917,-0.8194025738348758
-104.51512029720979,-5.559746287669236,-20,120.39799999959827,-8.400999999599275,90,90,0,-0.02132109432138915,0.028862119366180883,-0.004286831254007528,-0.04176716924462567,-1.4120237286693185,0.4264302147348553,0.4255486344850316,0.1239283612848619,0.24950483952237745,-0.24950483952237748,-1.4120237286693185,-0.8143143309901049
-104.51512029720979,0.00000004455870161734765,-20,120.39799999959827,-8.350999999599274,90,90,0,-0.02656769149279964,0.017811497349706606,-0.002788202628022096,-0.1483361970221818,-1.4875175262812579,0.4445431296939998,0.3865822042165073,0.013154263400918647,0.19560205832817204,-0.19560205832817207,-1.4875175262812579,-0.7906090688406753
-104.51512029720979,5.559746376786639,-20,120.39799999959827,-8.300999999599275,90,90,0,-0.028664641728696233,0.006742909701264899,-0.0031448475659882624,-0.15214794866454287,-1.5009760830410614,0.3813157097292097,0.36327106101215,-0.13531965568179943,0.13706712716120037,-0.1370671271612004,-1.5009760830410614,-0.737457560377625
-104.51512029720979,11.119492709014576,-20,120.39799999959827,-8.250999999599275,90,90,0,-0.02748541713686453,-0.003917792781315488,-0.004874428855041579,-0.049181105130822925,-1.4537877817491767,0.2414028583989867,0.3601690320876079,-0.27745369365252054,0.07359122079748107,-0.0735912207974811,-1.4537877817491767,-0.6551063334971519
-104.51512029720979,16.679239041242514,-20,120.39799999959827,-8.200999999599274,90,90,0,-0.023421355024094426,-0.013851376220129719,-0.007407810411089566,0.1405193125800767,-1.3624662204182958,0.05371494582606817,0.3709566906264967,-0.37605085691621903,-0.006586732703246006,0.006586732703245992,-1.3624662204182958,-0.5383997554640724
-104.51512029720979,22.238985373470452,-20,120.39799999959827,-8.150999999599275,90,90,0,-0.017440689065837817,-0.02286559171699365,-0.010271001450583517,0.3572342345572391,-1.238022002355364,-0.13850742213719638,0.3826633542409406,-0.4176704005910027,-0.12010939586562003,0.12010939586562003,-1.238022002355364,-0.3750994050765256
-104.51512029720979,27.79873170569839,-20,120.39799999959827,-8.100999999599274,90,90,0,-0.010833061467436123,-0.030767856220722423,-0.013121222422446177,0.5198674465271518,-1.0791823828266882,-0.2940353963101887,0.38595962182438914,-0.4143637315829735,-0.2595026343604559,0.25950263436045595,-1.0791823828266882,-0.17217031877021938
-104.51512029720979,33.358478037926325,-20,120.39799999959827,-8.050999999599275,90,90,0,-0.004664781047716865,-0.037330339006268365,-0.01566510537217089,0.5822771067952982,-0.8932421784574204,-0.38780887583012974,0.3802636822917483,-0.3851929023663058,-0.3866763133393773,0.38667631333937735,-0.8932421784574204,0.02937944195640918
-104.51512029720979,38.91822437015426,-20,120.39799999959827,-8.000999999599275,90,90,0,0.0005719208967762679,-0.042449075630529465,-0.01763053437203488,0.5599113177245086,-0.7057553501898652,-0.4166142720596485,0.36683039574109017,-0.34075008153223985,-0.4684032383403313,0.4684032383403314,-0.7057553501898651,0.1861010982643853
-104.51512029720979,44.4779707023822,-20,120.39799999959827,-7.950999999599275,90,90,0,0.00484655168752382,-0.046248282592633805,-0.018847994904568233,0.49704219502749547,-0.5408918915625223,-0.39489945523945336,0.3439678225777694,-0.28590534594070177,-0.5015348733900358,0.5015348733900358,-0.5408918915625222,0.2851781167650269
-104.51512029720979,50.03771703461014,-20,120.39799999959827,-7.900999999599275,90,90,0,0.008300565399001203,-0.04899219715941522,-0.019310800326546224,0.4283590379068016,-0.40663418381449595,-0.34413635395976105,0.31053354741283873,-0.2263273226995283,-0.5022012203732943,0.5022012203732943,-0.4066341838144959,0.3395475468474959
-104.51512029720979,55.59746336683808,-20,120.39799999959827,-7.850999999599274,90,90,0,0.011075092368565048,-0.05094613270839765,-0.019141315632489844,0.3691880183065062,-0.2989946401984605,-0.283154644424899,0.26883332455458175,-0.1685308387965728,-0.48725870604531574,0.48725870604531574,-0.29899464019846045,0.36766084996593157
-104.51512029720979,61.157209699066016,-20,120.39799999959827,-7.8009999995992745,90,90,0,0.013273130086983609,-0.052308624184066566,-0.01851445494002002,0.3223367543242462,-0.2110195696915684,-0.2240517962954274,0.22340679195800858,-0.11741744338377946,-0.46695888378138833,0.46695888378138833,-0.21101956969156835,0.382551055904761
-104.51512029720979,66.71695603129395,-20,120.39799999959827,-7.750999999599275,90,90,0,0.014972256486579905,-0.05321016768029241,-0.01759810989305513,0.28575363611236293,-0.1373210019920349,-0.172660903682721,0.17869683059235128,-0.07528742031085109,-0.44580221453012786,0.44580221453012786,-0.13732100199203484,0.3908738137333139
-104.51512029720979,72.27670236352188,-20,120.39799999959827,-7.700999999599275,90,90,0,0.016239183183410694,-0.05373551993355233,-0.016526002540416973,0.2565552371602499,-0.07468459755381095,-0.13068375978740948,0.13778073994386894,-0.04234349211030664,-0.4251925945003762,0.4251925945003762,-0.07468459755381089,0.39531875547885187
-104.51512029720979,77.83644869574981,-20,120.39799999959827,-7.650999999599275,90,90,0,0.017135950708056014,-0.05394423188391548,-0.01539326110403777,0.23240112361981466,-0.0213267733487126,-0.09766755438126344,0.10222342261466219,-0.01760987908488127,-0.4053105212044185,0.4053105212044185,-0.021326773348712552,0.3967798118649335
-104.51512029720979,83.39619502797774,-20,120.39799999959827,-7.600999999599275,90,90,0,0.017720714673078147,-0.053883150396035695,-0.014262255962799897,0.21169573993316967,0.023850663378701002,-0.07229504400669483,0.07244820964792315,0.0003360699050262612,-0.3860157251584871,0.3860157251584871,0.02385066337870105,0.3955559905099675
-104.51512029720979,88.95594136020567,-20,120.39799999959827,-7.550999999599275,90,90,0,0.01804675670412864,-0.053592466286995044,-0.01317097996648886,0.1934333579389362,0.06169295114447432,-0.05307245371727263,0.048185942344028634,0.012937767404243352,-0.3671742490258043,0.3671742490258043,0.06169295114447436,0.3918514294835941
-104.51512029720979,94.5156876924336,-20,120.39799999959827,-7.500999999599275,90,90,0,0.018161534796004686,-0.05310811153557643,-0.012140611209426666,0.17700150214838828,0.09297564557811534,-0.03863510423447268,0.028825756630898584,0.02146545501324412,-0.3487319090290912,0.3487319090290912,0.09297564557811538,0.38592216726033735
-104.51512029720979,100.07543402466153,-20,120.39799999959827,-7.450999999599275,90,90,0,0.018106292424045878,-0.05246250084291218,-0.0111813090595832,0.16202939598491597,0.11845485173077203,-0.02784896330796401,0.013640176927751758,0.026957420360385946,-0.33070169785537257,0.33070169785537257,0.11845485173077207,0.3780836385476814
-104.51512029720979,105.63518035688946,-20,120.39799999959827,-7.400999999599275,90,90,0,0.01791618841116871,-0.05168468850871111,-0.010296306393429322,0.14828824025511939,0.1388635894534836,-0.019817398609224615,0.0019107490448745938,0.03022672599118021,-0.31313404877420076,0.31313404877420076,0.13886358945348362,0.3686794845555942
-104.51512029720979,111.1949266891174,-20,120.39799999959827,-7.350999999599275,90,90,0,0.017620762276064572,-0.05080041394591048,-0.009484663420731176,0.13563032533760588,0.1548943092356097,-0.013851051374864105,-0.00701164663176817,0.031893437225461396,-0.2960922172824352,0.2960922172824352,0.15489430923560973,0.3580499409766791
-99.01432449441958,-111.1949266,-20,120.44799999959828,-9.350999999599274,90,90,0,0.031668875891373516,0.08841639067322926,-0.017100582309006906,0.20325836520274715,0.42671628805477685,0.006653822507571211,0.11532955102264071,0.08362552960938938,0.48044705824044476,-0.48044705824044476,0.4267162880547768,-0.30976054301853406
-99.01432449441958,-105.63518026777207,-20,120.44799999959828,-9.300999999599275,90,90,0,0.033182208560800314,0.09101639046755067,-0.01883867109673254,0.22591262948840574,0.4303711172258354,0.0021538482251726022,0.1175910405297388,0.08749521975566286,0.517482856097681,-0.517482856097681,0.4303711172258353,-0.3453344092073468
-99.01432449441958,-100.07543393554414,-20,120.44799999959828,-9.250999999599275,90,90,0,0.03469393079400476,0.0935803391740484,-0.02076813999004057,0.25120031462244286,0.4311969278694659,-0.004526003544118357,0.11824033961384758,0.09002067542320218,0.5575688125192312,-0.5575688125192312,0.43119692786946584,-0.38509004137144487
-99.01432449441958,-94.51568760331621,-20,120.44799999959828,-9.200999999599274,90,90,0,0.03618168990576193,0.09608305621287827,-0.022898493392054298,0.27961694399093145,0.4286823207467968,-0.014063652774265169,0.11685812737400576,0.09045944509509563,0.6010917519477006,-0.6010917519477006,0.42868232074679674,-0.42961882364898185
-99.01432449441958,-88.95594127108828,-20,120.44799999959828,-9.150999999599275,90,90,0,0.03761762697394244,0.0984955687894094,-0.025231104273287508,0.31187498394307844,0.42226674802926933,-0.027224343749044935,0.11307593727389836,0.08782854122688628,0.6485648616022004,-0.6485648616022004,0.4222667480292693,-0.47965816239049264
-99.01432449441958,-83.39619493886035,-20,120.44799999959828,-9.100999999599274,90,90,0,0.03896753665472846,0.10078423501730926,-0.027753428542597547,0.3490244271875113,0.4112823085508575,-0.04476786505249854,0.10669710583664756,0.08086987277525573,0.7006631092458292,-0.7006631092458292,0.4112823085508574,-0.5361501858254862
-99.01432449441958,-77.83644860663242,-20,120.44799999959828,-9.050999999599275,90,90,0,0.04018973104627524,0.10290870236507182,-0.030430644648764493,0.3926244813643939,0.39480082158764424,-0.06724685762223703,0.09789505845461133,0.06804391854683067,0.7582305981506985,-0.7582305981506985,0.3948008215876441,-0.6003102695156408
-99.01432449441958,-72.27670227440449,-20,120.44799999959828,-9.000999999599275,90,90,0,0.04123303601076353,0.10481745916749347,-0.03319409839208737,0.444961827477974,0.37130341740980577,-0.09463317587786507,0.0875142377453381,0.0475867013913704,0.8221948534248061,-0.8221948534248061,0.37130341740980566,-0.6736734864608839
-99.01432449441958,-66.71695594217655,-20,120.44799999959828,-8.950999999599276,90,90,0,0.04203257859708545,0.1064389933525629,-0.03592616922759517,0.5092625718138916,0.3380643904787979,-0.1257086502127716,0.07749640177821762,0.017691866663803575,0.8932515230188811,-0.8932515230188811,0.33806439047879777,-0.758025766827362
-99.01432449441958,-61.157209609948616,-20,120.44799999959828,-8.900999999599275,90,90,0,0.042500628875169894,0.10766598033425412,-0.03844177129647164,0.5897184995488636,0.29017223058566877,-0.1572063178504969,0.0714482430787584,-0.02306968967226634,0.9710698593958965,-0.9710698593958965,0.29017223058566866,-0.855000967161629
-99.01432449441958,-55.59746327772068,-20,120.44799999959828,-8.850999999599274,90,90,0,0.04250773954172707,0.10833060057951,-0.04046785242460099,0.6908623263708086,0.219327567534705,-0.18285376052798044,0.07535090456399654,-0.07487431479581479,1.0526496078792051,-1.0526496078792051,0.21932756753470486,-0.9649185808653232
-99.01432449441958,-50.03771694549274,-20,120.44799999959828,-8.800999999599275,90,90,0,0.04184799246306786,0.10817376284833252,-0.041624516205853834,0.8152868370152775,0.1132091995913783,-0.19283949616457902,0.09832594665630771,-0.13488682033972896,1.129534481606331,-1.129534481606331,0.11320919959137817,-1.0842508017697798
-99.01432449441958,-44.4779706132648,-20,120.44799999959828,-8.750999999599275,90,90,0,0.04018645028836129,0.10682442922300939,-0.04141709982891523,0.9580394403520984,-0.04248810426186667,-0.17479958654632458,0.15291549650583255,-0.1939467065686237,1.1845047178431474,-1.1845047178431474,-0.04248810426186682,-1.2014999595478941
-99.01432449441958,-38.91822428103686,-20,120.44799999959828,-8.700999999599276,90,90,0,0.03701061951294907,0.10382976961738466,-0.03926481182844077,1.0965474173870666,-0.2560935918580595,-0.11768013086239412,0.25276856717947876,-0.23156609520649293,1.1913949735289928,-1.1913949735289928,-0.2560935918580597,-1.2938324102722167
-99.01432449441958,-33.358477948808925,-20,120.44799999959828,-8.650999999599275,90,90,0,0.03166907485838044,0.0987911085261034,-0.03462740127849978,1.1808522113932323,-0.516479123185093,-0.017822632628646508,0.4030544492223937,-0.21319480854049344,1.126508091777936,-1.126508091777936,-0.5164791231850931,-1.3330997410519734
-99.01432449441958,-27.798731616580987,-20,120.44799999959828,-8.600999999599274,90,90,0,0.023646099651964153,0.0915853637748209,-0.027316175633919026,1.1434725380664577,-0.7896430683622453,0.11956369676832092,0.5822696403360624,-0.10309501985736065,0.9960359827128579,-0.9960359827128578,-0.7896430683622454,-1.311893210057756
-99.01432449441958,-22.23898528435305,-20,120.44799999959828,-8.550999999599275,90,90,0,0.01309469063352503,0.08244106128008338,-0.017940093477484764,0.9489954105143684,-1.04877395082313,0.291223943263362,0.735890139131013,0.09642844356471764,0.8517520304093236,-0.8517520304093235,-1.04877395082313,-1.2712616107385755
-99.01432449441958,-16.67923895212511,-20,120.44799999959828,-8.500999999599275,90,90,0,0.0011934302414111642,0.07162907330827745,-0.008069027601097012,0.6455137597209024,-1.3086470104226062,0.5027763493433864,0.8128252741368805,0.3142348151320382,0.7474319356773443,-0.7474319356773443,-1.3086470104226062,-1.270890739846387
-99.01432449441958,-11.119492619897173,-20,120.44799999959828,-8.450999999599276,90,90,0,-0.010220619978819234,0.05910863399315175,0.0003186607350131321,0.3381961126701683,-1.592716268332154,0.7447244644974661,0.8116634718880329,0.44732934258091,0.6751978094311679,-0.6751978094311679,-1.592716268332154,-1.3122843167640297
-99.01432449441958,-5.559746287669236,-20,120.44799999959828,-8.400999999599275,90,90,0,-0.019437535290747987,0.04472120448337108,0.0057483693306681904,0.1129977203589503,-1.871383204077439,0.9654480812669577,0.7694143909523092,0.43390405866544074,0.5802516919186056,-0.5802516919186056,-1.871383204077439,-1.3288049735495813
-99.01432449441958,0.00000004455870161734765,-20,120.44799999959828,-8.350999999599274,90,90,0,-0.025295748422941133,0.02871993636557707,0.007760645125365673,0.009381379092832237,-2.0677541236126387,1.0859999700093854,0.7191812500808743,0.2825351898986512,0.4285379478107548,-0.4285379478107549,-2.0677541236126387,-1.2556395972558103
-99.01432449441958,5.559746376786639,-20,120.44799999959828,-8.300999999599275,90,90,0,-0.0271470788740118,0.011975842522328306,0.006838252123198829,0.04439920412819147,-2.1162902368128544,1.043220051799984,0.6750781144350281,0.05625088350886555,0.23636635121420158,-0.2363663512142016,-2.1162902368128544,-1.0828824459393434
-99.01432449441958,11.119492709014576,-20,120.44799999959828,-8.250999999599275,90,90,0,-0.024815703089422297,-0.004337526046350237,0.0039956705235802414,0.2303333495813209,-2.0107899040896715,0.82639402884078,0.6392000920074549,-0.15664068874976275,0.040878270705159966,-0.040878270705159994,-2.0107899040896715,-0.8451942323410286
-99.01432449441958,16.679239041242514,-20,120.44799999959828,-8.200999999599274,90,90,0,-0.018850351445366537,-0.01927715069366842,0.0002386429349414687,0.5484428485326915,-1.8023368578316719,0.4873654490173505,0.603064283716524,-0.2820469142525357,-0.15427487292805384,0.15427487292805384,-1.8023368578316719,-0.566659870204615
-99.01432449441958,22.238985373470452,-20,120.44799999959828,-8.150999999599275,90,90,0,-0.010847143558289613,-0.03233437099421227,-0.0038795373678455203,0.8904798164029429,-1.5375703433642516,0.1159641084400189,0.5492918998263393,-0.30894647086432747,-0.3846966655172769,0.3846966655172769,-1.5375703433642516,-0.23033147182842384
-99.01432449441958,27.79873170569839,-20,120.44799999959828,-8.100999999599274,90,90,0,-0.003024028250484617,-0.043088422507129576,-0.00821520181796892,1.0836313819740833,-1.219649205079698,-0.20301718962356002,0.4790607454822034,-0.2946236444271795,-0.6376914183324219,0.637691418332422,-1.219649205079698,0.1498317363005428
-99.01432449441958,33.358478037926325,-20,120.44799999959828,-8.050999999599275,90,90,0,0.0031118780198504115,-0.051073187787802676,-0.012504023165041345,1.0544492820331723,-0.8740557964066868,-0.4158003289062123,0.4217431234621324,-0.28775694886100245,-0.8210152472253037,0.8210152472253038,-0.8740557964066867,0.4713929286626291
-99.01432449441958,38.91822437015426,-20,120.44799999959828,-8.000999999599275,90,90,0,0.007430682475052214,-0.05627053302090035,-0.016167533271853357,0.8868413389807738,-0.571736434821189,-0.5080508437056181,0.3906657924577047,-0.2823982461591996,-0.8785451747944054,0.8785451747944054,-0.5717364348211889,0.6498506008659298
-99.01432449441958,44.4779707023822,-20,120.44799999959828,-7.950999999599275,90,90,0,0.010508875354238417,-0.059271361348526064,-0.018714224716691014,0.695440938058318,-0.3551683262858252,-0.5033002788595352,0.36910060577404025,-0.25912835952947283,-0.8405714645862,0.8405714645862,-0.35516832628582506,0.69850413407187
-99.01432449441958,50.03771703461014,-20,120.44799999959828,-7.900999999599275,90,90,0,0.012863146822796712,-0.06084925963148441,-0.020034109394866523,0.5384382410795043,-0.21509906484555977,-0.44258526718307656,0.33914352601785697,-0.21671649242292085,-0.7630969950857628,0.7630969950857628,-0.21509906484555968,0.6770573691475389
-99.01432449441958,55.59746336683808,-20,120.44799999959828,-7.850999999599274,90,90,0,0.01475154734040926,-0.06159642506627955,-0.02032047505122872,0.42575240716650814,-0.12326576402585986,-0.36170478958654845,0.29673340264549214,-0.1656480900477112,-0.6825606788632447,0.6825606788632447,-0.12326576402585977,0.6332543732529008
-99.01432449441958,61.157209699066016,-20,120.44799999959828,-7.8009999995992745,90,90,0,0.01626630318193334,-0.06185544527022563,-0.019873944801829163,0.34840168744240935,-0.05697861914865194,-0.2823817608430416,0.2468722737621773,-0.11607748917916483,-0.6129764933093417,0.6129764933093417,-0.05697861914865186,0.590185045649881
-99.01432449441958,66.71695603129395,-20,120.44799999959828,-7.750999999599275,90,90,0,0.01743939531943714,-0.06179435286980284,-0.018973387577089496,0.2949296301776361,-0.0038790155721799336,-0.2142280188994549,0.196173515416674,-0.07361325275681892,-0.5562836354374411,0.5562836354374411,-0.0038790155721798655,0.5547320292085691
-99.01432449441958,72.27670236352188,-20,120.44799999959828,-7.700999999599275,90,90,0,0.018294362569669098,-0.06149034393715602,-0.017829882236279293,0.2565292243220947,0.04129843332116333,-0.15961285548438037,0.14937004024584846,-0.0399826217492854,-0.5102026810362548,0.5102026810362548,0.04129843332116339,0.5267220543647201
-99.01432449441958,77.83644869574981,-20,120.44799999959828,-7.650999999599275,90,90,0,0.018861151660166026,-0.06098235123589732,-0.016586176334787872,0.2274520367808923,0.08036473173677486,-0.11752994154188916,0.10883456894792154,-0.01474160390376726,-0.47185188147068585,0.47185188147068585,0.08036473173677491,0.5039977741653958
-99.01432449441958,83.39619502797774,-20,120.44799999959828,-7.600999999599275,90,90,0,0.01917588540776341,-0.060296418223916015,-0.015331631735744977,0.20420528760445164,0.11385434610149754,-0.085823189732521,0.07521199010580319,0.0034321856306483984,-0.438909192609709,0.438909192609709,0.1138543461014976,0.48445093105030806
-99.01432449441958,88.95594136020567,-20,120.44799999959828,-7.550999999599275,90,90,0,0.019276989047957965,-0.0594555371152691,-0.014118460185087334,0.1847334297208197,0.14200936592492028,-0.06223574385974478,0.04815856176479511,0.016029748306531512,-0.4097690864929676,0.4097690864929676,0.14200936592492033,0.46657283286293577
-99.01432449441958,94.5156876924336,-20,120.44799999959828,-7.500999999599275,90,90,0,0.01920178315817561,-0.05848235616666511,-0.012974654563958965,0.16783941948135433,0.1651197494421696,-0.04481009825161964,0.026878855650579483,0.024398734905752544,-0.38339783409291506,0.38339783409291506,0.16511974944216964,0.4494457338697829
-99.01432449441958,100.07543402466153,-20,120.44799999959828,-7.450999999599275,90,90,0,0.018984407925477564,-0.05739921216813548,-0.011913095946387842,0.15282346279996575,0.183586455180996,-0.03198319439815998,0.010445414728850562,0.029644567897513758,-0.3591518827925561,0.3591518827925561,0.18358645518099606,0.43258646486495456
-99.01432449441958,105.63518035688946,-20,120.44799999959828,-7.400999999599275,90,90,0,0.01865488210196148,-0.05622746606514695,-0.010937578104891654,0.13926957274731167,0.1978909530407551,-0.02255869517018604,-0.002036474506098468,0.03262848927554738,-0.3366342677985839,0.3366342677985839,0.19789095304075513,0.41579064901488594
-99.01432449441958,111.1949266891174,-20,120.44799999959828,-7.350999999599275,90,90,0,0.018238903019748787,-0.05498687761267099,-0.010046650257077405,0.1269226626257536,0.20854760215076826,-0.01564151965594871,-0.011357381014377142,0.034001740519442485,-0.3155970392316097,0.3155970392316097,0.20854760215076829,0.399016080091917
-93.51352869162938,-111.1949266,-20,120.49799999959828,-9.350999999599274,90,90,0,0.0321868363709264,0.09596363385592371,-0.018527564841599897,0.1840620176052688,0.5109678646930221,0.005628255076698694,0.12771998032725967,0.08509245085282974,0.500292913914932,-0.500292913914932,0.510967864693022,-0.29590576803772317
-93.51352869162938,-105.63518026777207,-20,120.49799999959828,-9.300999999599275,90,90,0,0.03384397919431531,0.0992737648090708,-0.02051199706378437,0.20478463507189457,0.5243847894301346,0.000009204618488472387,0.13041384265968062,0.0890219892973557,0.5417450077717315,-0.5417450077717315,0.5243847894301344,-0.3319910919996777
-93.51352869162938,-100.07543393554414,-20,120.49799999959828,-9.250999999599275,90,90,0,0.035524761472079947,0.10263174941165049,-0.022735399153499425,0.22791633815483017,0.5365679953589549,-0.008346697384047622,0.13113191726388962,0.09145377501866526,0.5873157344217247,-0.5873157344217247,0.5365679953589548,-0.37268853627814275
-93.51352869162938,-94.51568760331621,-20,120.49799999959828,-9.200999999599274,90,90,0,0.0372122022796538,0.10602688697430795,-0.02521601517788785,0.2539617230256322,0.5474430731592744,-0.020335776537902927,0.129269674942934,0.0915287987713675,0.6377464280434704,-0.6377464280434704,0.5474430731592743,-0.4187691987797606
-93.51352869162938,-88.95594127108828,-20,120.49799999959828,-9.150999999599275,90,90,0,0.03888564037376166,0.109448656550314,-0.027964586247216483,0.28368854407984817,0.557051752361053,-0.03699430855887026,0.12422010456450769,0.08808043778909705,0.6940643628307617,-0.6940643628307617,0.5570517523610529,-0.4712436618863405
-93.51352869162938,-83.39619493886035,-20,120.49799999959828,-9.100999999599274,90,90,0,0.04052078400092268,0.11288710991278339,-0.03097775018781751,0.3182951225183807,0.5655437376680772,-0.05938388519997039,0.11549367587360104,0.07956421093093682,0.7577021060097751,-0.7577021060097751,0.5655437376680771,-0.5314846109425442
-93.51352869162938,-77.83644860663242,-20,120.49799999959828,-9.050999999599275,90,90,0,0.04208991430446632,0.11633221375989167,-0.03422811466761144,0.35966927937433973,0.573057577565499,-0.08831913513554893,0.1029264880388027,0.06399676212244651,0.8306308337398486,-0.8306308337398486,0.5730575775654989,-0.601407802713649
-93.51352869162938,-72.27670227440449,-20,120.49799999959828,-9.000999999599275,90,90,0,0.043561794193407916,0.11977040181847931,-0.037649954771621474,0.4107668293470179,0.5793530194338421,-0.12382686208224082,0.08701063464278523,0.038927912613009714,0.915452751003178,-0.915452751003178,0.579353019433842,-0.6837115432296412
-93.51352869162938,-66.71695594217655,-20,120.49799999959828,-8.950999999599276,90,90,0,0.04489987730788536,0.12317507700139047,-0.041119518726489834,0.47611120777865834,0.582962666376117,-0.16419680976782194,0.06938849912562736,0.0014901521581827603,1.0153055965996634,-1.0153055965996634,0.5829626663761169,-0.7821205300492166
-93.51352869162938,-61.157209609948616,-20,120.49799999959828,-8.900999999599275,90,90,0,0.04605531385455028,0.12648568669944799,-0.04442909717116661,0.562312865439825,0.5795389904252769,-0.20451135350487265,0.05358518877525975,-0.05137967043150487,1.1332443668561571,-1.1332443668561571,0.5795389904252768,-0.9014287706860464
-93.51352869162938,-55.59746327772068,-20,120.49799999959828,-8.850999999599274,90,90,0,0.04694718911329801,0.12956810055979995,-0.04725401334813256,0.6782025315538798,0.5591256924379294,-0.2347422046306244,0.04617174619108137,-0.12229567817327638,1.2704327651403289,-1.2704327651403289,0.5591256924379293,-1.046782488165157
-93.51352869162938,-50.03771694549274,-20,120.49799999959828,-8.800999999599275,90,90,0,0.04741597920869123,0.13215070008220092,-0.04911093362441599,0.8333884937559677,0.5027263450358997,-0.2381329947459226,0.05882069279928351,-0.21161932881696205,1.422058260361672,-1.422058260361672,0.5027263450358995,-1.220967722347312
-93.51352869162938,-44.4779706132648,-20,120.49799999959828,-8.750999999599275,90,90,0,0.047130856628299744,0.13374557313934704,-0.049305888719960445,1.0323590129931068,0.3808580584157295,-0.19209090372349558,0.1118012928788863,-0.3125168504108469,1.5700699322402818,-1.5700699322402818,0.38085805841572934,-1.41772670887399
-93.51352869162938,-38.91822428103686,-20,120.49799999959828,-8.700999999599276,90,90,0,0.0454472864097169,0.13361222591384364,-0.046886358486241675,1.2591001919397127,0.16195671372008286,-0.07621152030251116,0.2370918966338025,-0.3991357110660654,1.675524135450836,-1.675524135450836,0.16195671372008266,-1.6107414499628028
-93.51352869162938,-33.358477948808925,-20,120.49799999959828,-8.650999999599275,90,90,0,0.04130951049582554,0.13090681705067114,-0.04069780589670907,1.4511569357803717,-0.15905838330183736,0.10917325419839184,0.4688070745145905,-0.40790416904479077,1.686378553691591,-1.686378553691591,-0.15905838330183755,-1.750001907012326
-93.51352869162938,-27.798731616580987,-20,120.49799999959828,-8.600999999599274,90,90,0,0.03352853879578249,0.12513198791846175,-0.02984842473709426,1.4918446227183508,-0.5316010753568344,0.3319375439709068,0.797073058293165,-0.24010582762203106,1.5891934775399494,-1.5891934775399494,-0.5316010753568347,-1.8018339076826833
-93.51352869162938,-22.23898528435305,-20,120.49799999959828,-8.550999999599275,90,90,0,0.02178831531177175,0.11647452417568244,-0.014839668837499986,1.289666748121972,-0.9036873575806212,0.5749875308844928,1.1155560977273649,0.1504604680840011,1.471310561918041,-1.471310561918041,-0.9036873575806215,-1.8327855049502897
-93.51352869162938,-16.67923895212511,-20,120.49799999959828,-8.500999999599275,90,90,0,0.007656772374248083,0.10513021492540192,0.0015436822423343655,0.9074490002971234,-1.335463792191916,0.9042218420645147,1.2988203658365338,0.6353916304598498,1.4391129518628691,-1.4391129518628691,-1.3354637921919161,-1.9732984687396358
-93.51352869162938,-11.119492619897173,-20,120.49799999959828,-8.450999999599276,90,90,0,-0.006018073628483611,0.09027604531020911,0.015303540706323615,0.5236834760373587,-1.9195327057470342,1.3894659164631091,1.3519096239893,0.9772861630099365,1.4412068846604922,-1.4412068846604922,-1.9195327057470344,-2.209019966959306
-93.51352869162938,-5.559746287669236,-20,120.49799999959828,-8.400999999599275,90,90,0,-0.016767573550228787,0.07064626456239737,0.02349857593902266,0.26622879417465967,-2.5873343798874773,1.957416504447279,1.3627565676634792,1.0224699043917735,1.3050167498812568,-1.3050167498812568,-2.5873343798874773,-2.339950501836248
-93.51352869162938,0.00000004455870161734765,-20,120.49799999959828,-8.350999999599274,90,90,0,-0.023166550804571612,0.0461913298601726,0.025420228685127277,0.17268621905678433,-3.1128696178299644,2.39627347033986,1.3646508566529723,0.7686534418945448,0.9270670755775577,-0.9270670755775579,-3.1128696178299644,-2.1722149227095437
-93.51352869162938,5.559746376786639,-20,120.49799999959828,-8.300999999599275,90,90,0,-0.02446503909945566,0.01891959635924606,0.022437848501416113,0.2568482348548048,-3.2660723459027308,2.4823373001368654,1.326940562362414,0.34261277725059436,0.3772978563130957,-0.37729785631309576,-3.2660723459027308,-1.683726794674188
-93.51352869162938,11.119492709014576,-20,120.49799999959828,-8.250999999599275,90,90,0,-0.020308727612347338,-0.007816749058586814,0.01712706180357998,0.555762348121071,-2.985047711244848,2.1334321724034258,1.2283225393391117,-0.03965902862715725,-0.15408437758132829,0.15408437758132823,-2.985047711244848,-1.039934706916611
-93.51352869162938,16.679239041242514,-20,120.49799999959828,-8.200999999599274,90,90,0,-0.011250062717247766,-0.03120593588446985,0.011797626551003693,1.0885048329950147,-2.444254347219205,1.4827519134603762,1.0734788658729386,-0.17651406310613263,-0.5602542063754126,0.5602542063754126,-2.444254347219205,-0.4174475325122694
-93.51352869162938,22.238985373470452,-20,120.49799999959828,-8.150999999599275,90,90,0,0.000060643689843653537,-0.05023341231382872,0.0069029405307196035,1.6735487527475494,-1.8545805409871685,0.7661989301195992,0.8370324094532502,-0.06758914948593231,-0.9512255695835784,0.9512255695835785,-1.8545805409871683,0.2093933531887111
-93.51352869162938,27.79873170569839,-20,120.49799999959828,-8.100999999599274,90,90,0,0.009345172314179778,-0.06448743481354674,0.0011598687133281826,1.9047405718169965,-1.2229838123381644,0.13503225931147508,0.5497946844949154,0.03370058981543725,-1.364153625282935,1.3641536252829352,-1.2229838123381642,0.8749601003476695
-93.51352869162938,33.358478037926325,-20,120.49799999959828,-8.050999999599275,90,90,0,0.014391896953992983,-0.07320136392792859,-0.005792034063537788,1.6651322636775656,-0.597739107397081,-0.3292445177077711,0.36485742756462747,-0.021912042342467672,-1.5744867926985073,1.5744867926985073,-0.5977391073970808,1.3353911497396749
-93.51352869162938,38.91822437015426,-20,120.49799999959828,-8.000999999599275,90,90,0,0.016372381209265652,-0.07685401107709416,-0.01244616219177977,1.2400075859013775,-0.154585354288135,-0.5713669638215436,0.3234961939048797,-0.12984992214173857,-1.5066352628947897,1.5066352628947897,-0.1545853542881348,1.4448011211795357
-93.51352869162938,44.4779707023822,-20,120.49799999959828,-7.950999999599275,90,90,0,0.017176012171677274,-0.07728653872865587,-0.017357773939732035,0.8680639385531226,0.06739397494243889,-0.620575841044643,0.3377091423450451,-0.18845783967947505,-1.299522324513768,1.299522324513768,0.06739397494243904,1.3264799144907435
-93.51352869162938,50.03771703461014,-20,120.49799999959828,-7.900999999599275,90,90,0,0.01779144896172244,-0.07624557082106936,-0.020171535043107897,0.610655736340561,0.14885945247973695,-0.5582967236142949,0.3387270212292953,-0.1879122279379237,-1.0804318919478513,1.0804318919478513,0.1488594524797371,1.139975672939746
-93.51352869162938,55.59746336683808,-20,120.49799999959828,-7.850999999599274,90,90,0,0.018459083909675073,-0.07473766059742515,-0.021251630481828432,0.44790066622915364,0.17070056333356234,-0.45518550032876015,0.31095631173898125,-0.15430342351826642,-0.9002567130808413,0.9002567130808413,0.17070056333356246,0.9685369384142664
-93.51352869162938,61.157209699066016,-20,120.49799999959828,-7.8009999995992745,90,90,0,0.019128141704857576,-0.0731752426879459,-0.021148380614426088,0.3470886012696037,0.1769424941176825,-0.35119198260442563,0.26390674383430457,-0.110883141762773,-0.764862183280738,0.764862183280738,0.1769424941176826,0.835639180927811
-93.51352869162938,66.71695603129395,-20,120.49799999959828,-7.750999999599275,90,90,0,0.019702528568886435,-0.07166518540108674,-0.02033593616887172,0.28328041142683186,0.1840318481789013,-0.2625255556159945,0.21034801845542273,-0.07017943933231793,-0.66515500869173,0.66515500869173,0.1840318481789014,0.7387677479632906
-93.51352869162938,72.27670236352188,-20,120.49799999959828,-7.700999999599275,90,90,0,0.020118193866760087,-0.07019891443753246,-0.019149659434148036,0.24083349115661826,0.19520138477066737,-0.19268627897471588,0.1589627015422444,-0.036898363282904335,-0.5905100242748341,0.5905100242748341,0.19520138477066745,0.6685905781831011
-93.51352869162938,77.83644869574981,-20,120.49799999959828,-7.650999999599275,90,90,0,0.02035025563474757,-0.06874160784663697,-0.01780368099454377,0.21066965317161251,0.2091151997994741,-0.1398944149740642,0.11401402394259133,-0.011699736034464435,-0.5326559217674307,0.5326559217674307,0.20911519979947416,0.6163020016872204
-93.51352869162938,83.39619502797774,-20,120.49799999959828,-7.600999999599275,90,90,0,0.020401272152863276,-0.06726434826021246,-0.016425774906573876,0.18769037091052537,0.22364654044841875,-0.1008489786588421,0.07682601907164541,0.006400947127528795,-0.48596966807908315,0.48596966807908315,0.2236465404484188,0.5754282842584507
-93.51352869162938,88.95594136020567,-20,120.49799999959828,-7.550999999599275,90,90,0,0.020288914379314515,-0.06575125836201093,-0.015087662570463345,0.16906603661500597,0.23712591167302718,-0.07229226488871857,0.04715875323264988,0.018832345102134836,-0.44684199992053963,0.44684199992053963,0.23712591167302724,0.5416923645897506
-93.51352869162938,94.5156876924336,-20,120.49799999959828,-7.500999999599275,90,90,0,0.020037314930229255,-0.06419784847102017,-0.013826508500715984,0.1532277043594011,0.24855301706779767,-0.05151664281582143,0.0240965041116519,0.02696217915483895,-0.41300756176758824,0.41300756176758824,0.24855301706779773,0.5124287685947073
-93.51352869162938,100.07543402466153,-20,120.49799999959828,-7.450999999599275,90,90,0,0.019671926823787156,-0.06260736100102723,-0.012658900988376187,0.13930003750329825,0.25747541873521773,-0.03643261362200541,0.006532803723854709,0.03193016838865836,-0.3830480505469919,0.3830480505469919,0.2574754187352178,0.48603821804107905
-93.51352869162938,105.63518035688946,-20,120.49799999959828,-7.400999999599275,90,90,0,0.019216817371744466,-0.060987463204055514,-0.011589553901202199,0.126788196728361,0.2638090991215146,-0.025485525610548843,-0.006597377216512859,0.03462586867033122,-0.3560654711860495,0.3560654711860495,0.2638090991215147,0.46158911083465537
-93.51352869162938,111.1949266891174,-20,120.49799999959828,-7.350999999599275,90,90,0,0.018693444871136944,-0.059347846979823815,-0.010616588494012369,0.11540587575678823,0.2676880818734185,-0.017539700408276418,-0.016224601778397088,0.035719389466861776,-0.33147841098281805,0.33147841098281805,0.2676880818734186,0.43855364373218547
-88.01273288883917,-111.1949266,-20,120.54799999959828,-9.350999999599274,90,90,0,0.03241380282127973,0.10369769846507143,-0.019995737884633824,0.16165643459277187,0.6003913770842263,0.00441394490940784,0.14038323433281014,0.0858173463947164,0.5139239790975331,-0.5139239790975331,0.6003913770842262,-0.2737674282638426
-88.01273288883917,-105.63518026777207,-20,120.54799999959828,-9.300999999599275,90,90,0,0.03418291014725339,0.10776854377032713,-0.022240918684835354,0.17971234348856047,0.6249068957191326,-0.0024404341373079727,0.14347173373186145,0.08977951106700922,0.5588051911654536,-0.5588051911654536,0.6249068957191325,-0.30884243287780055
-88.01273288883917,-100.07543393554414,-20,120.54799999959828,-9.250999999599275,90,90,0,0.035996450025720966,0.11198429359039075,-0.024777566618272462,0.1997266205109858,0.6502236682910523,-0.012654562954106646,0.14415505061821188,0.0921227084795954,0.6086674356722348,-0.6086674356722348,0.6502236682910522,-0.34857796835581395
-88.01273288883917,-94.51568760331621,-20,120.54799999959828,-9.200999999599274,90,90,0,0.03784204033608646,0.11635317153739444,-0.027634423246118867,0.22212125167640523,0.6769005397421298,-0.027376631895612482,0.14159599601970302,0.0918919779842831,0.6645558041583166,-0.6645558041583166,0.6769005397421297,-0.3937955882614647
-88.01273288883917,-88.95594127108828,-20,120.54799999959828,-9.150999999599275,90,90,0,0.03970533121127795,0.12088956635356268,-0.030834006271106662,0.24758190277792125,0.7058876608815756,-0.04795986108811127,0.13487086778966728,0.0877656538254412,0.7279511375154996,-0.7279511375154996,0.7058876608815755,-0.44559607316286937
-88.01273288883917,-83.39619493886035,-20,120.54799999959828,-9.100999999599274,90,90,0,0.04157099839120798,0.12561680699612154,-0.034385438255167045,0.2772457055726076,0.7386373517459167,-0.07582404841586463,0.12306726219493354,0.07794950417175094,0.8009788586343,-0.8009788586343,0.7386373517459166,-0.5055239179359333
-88.01273288883917,-77.83644860663242,-20,120.54799999959828,-9.050999999599275,90,90,0,0.04342446900715202,0.1305696658622969,-0.03827330205099816,0.31300490090458666,0.7771307854907176,-0.11209811160737883,0.1054632655363832,0.06005611621187852,0.886688372905072,-0.886688372905072,0.7771307854907175,-0.575836058708785
-88.01273288883917,-72.27670227440449,-20,120.54799999959828,-9.000999999599275,90,90,0,0.045254243647242565,0.13579471892114442,-0.042441121478976884,0.35797939410448887,0.8236487092009704,-0.15686384708488468,0.08181279482560111,0.030972816124596157,0.9893803083349445,-0.9893803083349445,0.8236487092009703,-0.6599208246545564
-88.01273288883917,-66.71695594217655,-20,120.54799999959828,-8.950999999599276,90,90,0,0.04705376786651347,0.1413444817372762,-0.04676796707697528,0.41721038501682317,0.8799446462918948,-0.20773665177935968,0.052761934009984704,-0.013279531905371412,1.114873608982982,-1.114873608982982,0.8799446462918947,-0.7628957504662242
-88.01273288883917,-61.157209609948616,-20,120.54799999959828,-8.900999999599275,90,90,0,0.04881946420575864,0.1472574261600551,-0.05103648857341758,0.4985740912467979,0.9452127039945571,-0.25746501987708764,0.02046939067390869,-0.07768384911715188,1.2703948115963595,-1.2703948115963595,0.945212703994557,-0.8923097299985366
-88.01273288883917,-55.59746327772068,-20,120.54799999959828,-8.850999999599274,90,90,0,0.05053613624799547,0.1535103106591526,-0.05488915415409068,0.6136922012272316,1.011927932040054,-0.2903556515200372,-0.010223432870136306,-0.16823431832958563,1.463298171938122,-1.463298171938122,1.0119279320400538,-1.0585269991221005
-88.01273288883917,-50.03771694549274,-20,120.54799999959828,-8.800999999599275,90,90,0,0.05212969368503145,0.15992358704291437,-0.0577629588840044,0.7778824582145533,1.0586754700243577,-0.27810036672529076,-0.028787043897716393,-0.2910826441176225,1.6968722065194028,-1.6968722065194028,1.0586754700243575,-1.27340201850966
-88.01273288883917,-44.4779706132648,-20,120.54799999959828,-8.750999999599275,90,90,0,0.053347704761604914,0.16600600123401316,-0.058775360736734616,1.0060481514105613,1.041274702346327,-0.1784386975923328,-0.01078822294193082,-0.4477233110091899,1.9601627991547104,-1.9601627991547104,1.0412747023463267,-1.5436529182161798
-88.01273288883917,-38.91822428103686,-20,120.54799999959828,-8.700999999599276,90,90,0,0.053514052830318654,0.17078250117583316,-0.0565154198080251,1.2964010831086754,0.8934448978632032,0.05155018653366815,0.09943499810847152,-0.6164926795746543,2.2102045180978886,-2.2102045180978886,0.893444897863203,-1.8528265589526074
-88.01273288883917,-33.358477948808925,-20,120.54799999959828,-8.650999999599275,90,90,0,0.0511913296529557,0.17285188323565082,-0.048794160076825244,1.5899459971136347,0.5703505015965821,0.40361704737948567,0.3990178758468803,-0.7039407809222016,2.364513217013351,-2.364513217013351,0.5703505015965817,-2.1363730163747183
-88.01273288883917,-27.798731616580987,-20,120.54799999959828,-8.600999999599274,90,90,0,0.044246729715357785,0.17116415158058368,-0.033009161989930424,1.7272020472843068,0.14350605871314454,0.7464084144584467,0.9428848825504288,-0.49463666999945904,2.375995645089158,-2.375995645089158,0.14350605871314426,-2.3185932216039005
-88.01273288883917,-22.23898528435305,-20,120.54799999959828,-8.550999999599275,90,90,0,0.03142709400927379,0.16607953261421937,-0.008584131678514961,1.5375317546460319,-0.26833820071746434,0.9495145462206611,1.5368616176390768,0.20835360137449802,2.4025753594008967,-2.4025753594008967,-0.2683382007174646,-2.5099106396878827
-88.01273288883917,-16.67923895212511,-20,120.54799999959828,-8.500999999599275,90,90,0,0.014715026596067632,0.1579473772745345,0.019752323036397623,1.0882617049523342,-0.8552191955879045,1.2521628318320137,1.8717908402219727,1.2223785654893136,2.6907321163037663,-2.6907321163037663,-0.8552191955879048,-3.0328197945389284
-88.01273288883917,-11.119492619897173,-20,120.54799999959828,-8.450999999599276,90,90,0,-0.0015279407600471973,0.14385534598448846,0.04365777863918535,0.6466139331155086,-1.9850729397794198,2.100690884081597,2.024951712036365,2.0566402208238,3.1153682453913456,-3.1153682453913456,-1.9850729397794202,-3.9093974213031135
-88.01273288883917,-5.559746287669236,-20,120.54799999959828,-8.400999999599275,90,90,0,-0.013861893235638606,0.11847528786939787,0.05648121884502966,0.37723061476286135,-3.6583547330894737,3.5701574628832273,2.295885515036327,2.3265266575909713,3.1665935903340356,-3.1665935903340356,-3.658354733089474,-4.629935483569826
-88.01273288883917,0.00000004455870161734765,-20,120.54799999959828,-8.350999999599274,90,90,0,-0.020696531695693438,0.07854510587547636,0.0557973316962907,0.3019283100723774,-5.333461971933278,5.158651223931754,2.699499804572081,1.8238505488807177,2.3088094372959285,-2.3088094372959285,-5.333461971933278,-4.4421942260692395
-88.01273288883917,5.559746376786639,-20,120.54799999959828,-8.300999999599275,90,90,0,-0.021228177926595537,0.0277886034104719,0.04460998925591092,0.4261542378689559,-5.985650891966649,5.851364469174572,2.8693616645905067,0.6773866590774533,0.5462139180488486,-0.5462139180488488,-5.985650891966649,-2.940474274835508
-88.01273288883917,11.119492709014576,-20,120.54799999959828,-8.250999999599275,90,90,0,-0.014671391481431956,-0.022034596076703272,0.03132186003636389,0.8275833439915156,-5.0164868567766066,5.032947562432722,2.5579037424541164,-0.35556938039808633,-1.1351360107469828,1.1351360107469826,-5.0164868567766066,-0.87145873196366
-88.01273288883917,16.679239041242514,-20,120.54799999959828,-8.200999999599274,90,90,0,-0.0009731299656803583,-0.06023947232354676,0.023904524994597,1.642505336171756,-3.2597220638387685,3.448076824629766,2.024374951476682,-0.45799768710573885,-1.8903159718528728,1.8903159718528726,-3.259722063838768,0.5864271463173654
-88.01273288883917,22.238985373470452,-20,120.54799999959828,-8.150999999599275,90,90,0,0.015809333134109094,-0.0860615168684114,0.02203313405238888,2.6433316368317983,-1.856154805692132,2.122741964270183,1.3219551267312413,0.28676521466893906,-2.235427719631149,2.235427719631149,-1.8561548056921318,1.4929657973542962
-88.01273288883917,27.79873170569839,-20,120.54799999959828,-8.100999999599274,90,90,0,0.026719759751406724,-0.10234222557060696,0.01728927704194655,2.8851359387174016,-0.6917253094571446,1.0234003772725653,0.4428502300995425,0.7466419154943265,-2.712149812528429,2.712149812528429,-0.6917253094571443,2.4354596887455715
-88.01273288883917,33.358478037926325,-20,120.54799999959828,-8.050999999599275,90,90,0,0.02863115254563814,-0.10847264327751044,0.006419355948523053,2.2408600498978557,0.3180639401821073,0.03285892150614325,0.012713810600286105,0.5013540986068927,-2.7579323473303035,2.7579323473303035,0.31806394018210765,2.8851579234031464
-88.01273288883917,38.91822437015426,-20,120.54799999959828,-8.000999999599275,90,90,0,0.02636017778272695,-0.10661225923663631,-0.005487098357751435,1.474033751328615,0.7987655150006284,-0.5512880923392779,0.05287396604661705,0.1302937024902738,-2.336952983746223,2.336952983746223,0.7987655150006288,2.6564591897464744
-88.01273288883917,44.4779707023822,-20,120.54799999959828,-7.950999999599275,90,90,0,0.023883281535148404,-0.10127220444961366,-0.014384743309191622,0.9310172317813525,0.8545917913325316,-0.7312590723455076,0.20238866049229637,-0.07950291693399686,-1.8247212909150088,1.8247212909150088,0.8545917913325318,2.1665580074480215
-88.01273288883917,50.03771703461014,-20,120.54799999959828,-7.900999999599275,90,90,0,0.022363167772922327,-0.09546628330451667,-0.019576253769528706,0.6042624805555457,0.7399828254262786,-0.6868279918821006,0.2915650717152136,-0.14559611281670012,-1.4056731755324874,1.4056731755324874,0.7399828254262788,1.7016663057029988
-88.01273288883917,55.59746336683808,-20,120.54799999959828,-7.850999999599274,90,90,0,0.0216951215217579,-0.09036612723765342,-0.02187669762036401,0.417540447287057,0.6032499115618134,-0.5617833244199295,0.30507909654163756,-0.13786011103921275,-1.1057448245185597,1.1057448245185597,0.6032499115618135,1.347044789143285
-88.01273288883917,61.157209699066016,-20,120.54799999959828,-7.8009999995992745,90,90,0,0.02151387722486131,-0.08616067378510173,-0.022309201264506195,0.31095303900465915,0.4965575519560829,-0.4293693069406655,0.27214169336554256,-0.10367477020302117,-0.8996935949466442,0.8996935949466442,0.49655755195608303,1.0983166157290776
-88.01273288883917,66.71695603129395,-20,120.54799999959828,-7.750999999599275,90,90,0,0.02152251747794437,-0.0826888586191698,-0.021667145454851267,0.24813391712068394,0.4265551719466621,-0.3167650910545755,0.2203276739382663,-0.06605227887629964,-0.757451933049726,0.757451933049726,0.4265551719466622,0.928074001828391
-88.01273288883917,72.27670236352188,-20,120.54799999959828,-7.700999999599275,90,90,0,0.02154134346095815,-0.0797306039671708,-0.020470753261842445,0.20886951765368506,0.3851959309212903,-0.22934898208121765,0.16623907046243275,-0.033774148328983386,-0.6562485373673388,0.6562485373673388,0.38519593092129034,0.810326909735855
-88.01273288883917,77.83644869574981,-20,120.54799999959828,-7.650999999599275,90,90,0,0.021480567159206904,-0.07710447237123907,-0.01903353115927009,0.18231374360730093,0.3626018315634051,-0.1643833434059575,0.11768437128418062,-0.008962905971882745,-0.5810886676599504,0.5810886676599504,0.36260183156340514,0.7261294002853125
-88.01273288883917,83.39619502797774,-20,120.54799999959828,-7.600999999599275,90,90,0,0.021305971720595118,-0.07468459610004285,-0.017534257105959683,0.1627258448994963,0.35096764078164233,-0.11712292154194537,0.07732199497374269,0.008887534047219214,-0.5226341290951517,0.5226341290951517,0.3509676407816424,0.6630211854078087
-88.01273288883917,88.95594136020567,-20,120.54799999959828,-7.550999999599275,90,90,0,0.02101379713628268,-0.07239165010048379,-0.016069727041200854,0.14708169293898926,0.3450308613239737,-0.08308060740146767,0.0452673609371376,0.0210742947835959,-0.4751825869809492,0.4751825869809492,0.34503086132397376,0.6131949315105387
-88.01273288883917,94.5156876924336,-20,120.54799999959828,-7.500999999599275,90,90,0,0.02061519873859663,-0.07017924100728101,-0.014688681931791236,0.1337913218543085,0.3415489639424192,-0.058651873107226464,0.020579069212597664,0.02894509518699803,-0.43525362068155743,0.43525362068155743,0.34154896394241924,0.5718732062585251
-88.01273288883917,100.07543402466153,-20,120.54799999959828,-7.450999999599275,90,90,0,0.020127421984966698,-0.06802237162766828,-0.013412411477901176,0.1220204133496176,0.3386631056975048,-0.04113247033105918,0.002006898994765855,0.03364912063215655,-0.4006987424175501,0.4006987424175501,0.33866310569750485,0.536163984696552
-88.01273288883917,105.63518035688946,-20,120.54799999959828,-7.400999999599275,90,90,0,0.01956910300932352,-0.06590917039895047,-0.012246920380721948,0.11133209225625547,0.3353927354553657,-0.028557646729227715,-0.011671114914750938,0.03608869400260446,-0.37016522765772064,0.37016522765772064,0.33539273545536574,0.5043223218398669
-88.01273288883917,111.1949266891174,-20,120.54799999959828,-7.350999999599275,90,90,0,0.018957942180241216,-0.06383540988907077,-0.011190003273171434,0.1014973292692217,0.33128709556261143,-0.01952099029088329,-0.02151997901471756,0.03694320473133986,-0.34277848169909475,0.34277848169909475,0.3312870955626115,0.47529331992413937
-82.51193708604896,-111.1949266,-20,120.59799999959827,-9.350999999599274,90,90,0,0.03232319939218334,0.11152880052333114,-0.021486601504745906,0.1368676031736292,0.6933284457837522,0.00306276186892931,0.15319525367427683,0.08576329456288623,0.5204543699392673,-0.5204543699392673,0.6933284457837521,-0.24312299162576645
-82.51193708604896,-105.63518026777207,-20,120.59799999959827,-9.300999999599275,90,90,0,0.03416619078583713,0.11639538617384937,-0.02400209686651622,0.15172074984207087,0.7298983244383995,-0.005108032710279561,0.1566491520017756,0.08974602448408286,0.5675051566339971,-0.5675051566339971,0.7298983244383994,-0.2755458268586374
-82.51193708604896,-100.07543393554414,-20,120.59799999959827,-9.250999999599275,90,90,0,0.036067996699822774,0.12151338516406035,-0.02686499856706448,0.16791147520625876,0.7696283616350179,-0.01730808467411244,0.15721957894313018,0.09203995725294722,0.6200807488505153,-0.6200807488505153,0.7696283616350178,-0.3122294041965082
-82.51193708604896,-94.51568760331621,-20,120.59799999959827,-9.200999999599274,90,90,0,0.03801921656227347,0.12691324915958346,-0.03011583556727082,0.18570373433966963,0.8138634200550404,-0.03496166652078725,0.1537998910691778,0.0916305209401539,0.6794191667230967,-0.6794191667230967,0.8138634200550403,-0.3538737987010805
-82.51193708604896,-88.95594127108828,-20,120.59799999959827,-9.150999999599275,90,90,0,0.04000960755196603,0.13263917485810367,-0.03379070896727654,0.20558286934625872,0.864707145029357,-0.05977245486949669,0.14508726837017255,0.08709781409344067,0.7472948830305606,-0.7472948830305606,0.8647071450293569,-0.4014120250188178
-82.51193708604896,-83.39619493886035,-20,120.59799999959827,-9.100999999599274,90,90,0,0.04202975211844495,0.1387552254162452,-0.037913779486309196,0.22843415556671706,0.9253163948986528,-0.09355973118852295,0.12963851461369824,0.07648567229470082,0.8262927321818413,-0.8262927321818413,0.9253163948986527,-0.4561661742223802
-82.51193708604896,-77.83644860663242,-20,120.59799999959827,-9.050999999599275,90,90,0,0.044073918334964796,0.14535262094062157,-0.042485271122815416,0.2558376561601348,1.000186773334467,-0.13780376862996188,0.10598121152012886,0.05713694844244136,0.9201987428883639,-0.9201987428883639,1.0001867733344667,-0.5201240335545771
-82.51193708604896,-72.27670227440449,-20,120.59799999959827,-9.000999999599275,90,90,0,0.046144285025128795,0.15255667218962082,-0.04746336977554522,0.2905365141294603,1.0952594903995065,-0.19263271280389524,0.07277255420751069,0.02547928288414867,1.034518888894272,-1.034518888894272,1.0952594903995063,-0.5964150927344695
-82.51193708604896,-66.71695594217655,-20,120.59799999959827,-8.950999999599276,90,90,0,0.04825595467626487,0.16052925241036708,-0.0527383319278385,0.33714281244932076,1.2174566013649073,-0.25481372829342736,0.02896034951087013,-0.023279182261456876,1.1770732227033536,-1.1770732227033536,1.217456601364907,-0.6900905821573907
-82.51193708604896,-61.157209609948616,-20,120.59799999959827,-8.900999999599275,90,90,0,0.0504399611911977,0.1694576093369432,-0.05809687718976325,0.4031153891496016,1.372825593216833,-0.31410160356215894,-0.026099156893695262,-0.09562824744649935,1.358427870117839,-1.358427870117839,1.3728255932168327,-0.8092976328311058
-82.51193708604896,-55.59746327772068,-20,120.59799999959827,-8.850999999599274,90,90,0,0.05273576192345153,0.17951100581052198,-0.06317226976376039,0.49988915925792526,1.5617213378023485,-0.34715947805341946,-0.0922856758819356,-0.20048645816304841,1.5914395293992585,-1.5914395293992585,1.5617213378023482,-0.9667509942783191
-82.51193708604896,-50.03771694549274,-20,120.59799999959827,-8.800999999599275,90,90,0,0.05515100809780468,0.1907316254747446,-0.06736217740913686,0.6434771476834674,1.768407354191018,-0.30875734825520174,-0.16619314833556376,-0.34977035790636196,1.8879795592118602,-1.8879795592118602,1.7684073541910177,-1.180616617535453
-82.51193708604896,-44.4779706132648,-20,120.59799999959827,-8.750999999599275,90,90,0,0.057536513292314434,0.2028113143549755,-0.06965077270590381,0.8520403508104168,1.9427831976066556,-0.12378452269879274,-0.22912178342497833,-0.5555187960530045,2.2483585293626676,-2.2483585293626676,1.9427831976066554,-1.4712452503200053
-82.51193708604896,-38.91822428103686,-20,120.59799999959827,-8.700999999599276,90,90,0,0.05927630839596357,0.21474453901991686,-0.06816642078127721,1.1327134198800057,1.9838820777520936,0.2981990736402587,-0.2082071942545532,-0.8090979421563382,2.6368609308421838,-2.6368609308421838,1.9838820777520934,-1.8433080997413462
-82.51193708604896,-33.358477948808925,-20,120.59799999959827,-8.650999999599275,90,90,0,0.05871959242250538,0.2246681943400991,-0.05927889875380593,1.4414273866676115,1.7886009350200274,0.950173727366568,0.08878143731196066,-1.0029164774819244,2.9556444304225233,-2.9556444304225233,1.788600935020027,-2.2402040564145125
-82.51193708604896,-27.798731616580987,-20,120.59799999959827,-8.600999999599274,90,90,0,0.05287149361382823,0.2310544609326749,-0.03711774964606013,1.6218124661323619,1.4705966039706744,1.4570083748534723,0.8750229852223655,-0.7886633156871024,3.130473477952561,-3.130473477952561,1.470596603970674,-2.5422348363642913
-82.51193708604896,-22.23898528435305,-20,120.59799999959827,-8.550999999599275,90,90,0,0.03933574067430032,0.23547745317023056,0.0023352535615047687,1.4733928788052384,1.3596909521882967,1.2336392631242368,1.813389229844412,0.28848645637226644,3.4375914173298567,-3.4375914173298567,1.3596909521882963,-2.8937150364545383
-82.51193708604896,-16.67923895212511,-20,120.59799999959827,-8.500999999599275,90,90,0,0.020381103505443227,0.2404992800580792,0.0525717944450686,1.0519980995236884,1.121581931691957,0.7350070181168192,2.135060703870054,2.102500821404329,4.4496399019252575,-4.4496399019252575,1.1215819316919566,-4.001007129248475
-82.51193708604896,-11.119492619897173,-20,120.59799999959827,-8.450999999599276,90,90,0,0.001967011623705134,0.24146043874909112,0.09869324733000984,0.6471407285764585,-0.19786514082663892,1.340344443033694,2.090928825032694,4.04624996706905,6.287086983760275,-6.287086983760275,-0.1978651408266397,-6.366233040090932
-82.51193708604896,-5.559746287669236,-20,120.59799999959827,-8.400999999599275,90,90,0,-0.01159562545791798,0.22473678989952928,0.12726550296698835,0.4191946695993347,-3.492248526631474,4.214906120739874,2.7957700735100905,5.770730317276257,8.514605199327496,-8.514605199327496,-3.492248526631475,-9.911504609980087
-82.51193708604896,0.00000004455870161734765,-20,120.59799999959827,-8.350999999599274,90,90,0,-0.01870922121710686,0.16580466086519047,0.1235088130221903,0.37337662510447744,-10.366184137071789,11.007473858139418,5.520359558740044,6.175170495125687,9.039493818501178,-9.039493818501178,-10.36618413707179,-13.185967473329896
-82.51193708604896,5.559746376786639,-20,120.59799999959827,-8.300999999599275,90,90,0,-0.01857530853842737,0.03876469468428945,0.07304682386914918,0.5074144131724565,-16.867986190267118,17.768599288109563,8.532289497777214,0.9853560233746752,0.7527997669528854,-0.752799766952886,-16.867986190267118,-7.499994243059733
-82.51193708604896,11.119492709014576,-20,120.59799999959827,-8.250999999599275,90,90,0,-0.009827344169076685,-0.08693416533888026,0.021567349853850393,0.914807127516407,-9.723634605911679,11.31154611066434,5.543212238785521,-4.08052202264007,-7.488449051124858,7.488449051124858,-9.723634605911677,3.5989952087601873
-82.51193708604896,16.679239041242514,-20,120.59799999959827,-8.200999999599274,90,90,0,0.009032172002757743,-0.14184256534086892,0.016390237754766224,1.843982962804381,-2.3956278106993003,5.228742816854303,3.0581504605615732,-2.7816440974951613,-6.5916656564336105,6.5916656564336105,-2.3956278106992994,5.633414532153891
-82.51193708604896,22.238985373470452,-20,120.59799999959827,-8.150999999599275,90,90,0,0.03305218088590256,-0.15956349363050715,0.03646355055570488,3.1502681382078053,0.14678785040258155,4.081983519936997,1.7283165923382444,0.479643736794995,-4.815209193631297,4.815209193631297,0.14678785040258213,4.8739243337923295
-82.51193708604896,27.79873170569839,-20,120.59799999959827,-8.100999999599274,90,90,0,0.04510081633556526,-0.16672584479141728,0.04259220669265168,3.296691299849505,1.3996683231185403,3.0693593693630126,-0.39364612527141213,1.8936221368035755,-4.658616454259538,4.658616454259538,1.399668323118541,5.218483783506954
-82.51193708604896,33.358478037926325,-20,120.59799999959827,-8.050999999599275,90,90,0,0.04177555074536099,-0.16093462033581935,0.025775994408694075,2.2952125016048277,2.47903685830463,0.920487232766564,-0.9977354761037901,1.1827207896394532,-4.1090414549473175,4.1090414549473175,2.4790368583046303,5.10065619826917
-82.51193708604896,38.91822437015426,-20,120.59799999959827,-8.000999999599275,90,90,0,0.03448063140369245,-0.14640071809729205,0.005133639761029984,1.376542788318464,2.5260363960816075,-0.38884356543323917,-0.5412988618992388,0.4082206528807748,-3.113162129168783,3.113162129168783,2.526036396081608,4.123576687601426
-82.51193708604896,44.4779707023822,-20,120.59799999959827,-7.950999999599275,90,90,0,0.02886579278385662,-0.13095987215108995,-0.009766767574949903,0.8113260592190639,2.0671912714514984,-0.8204228364008035,-0.06656214130339287,0.02360250138036868,-2.251663804404875,2.251663804404875,2.067191271451499,3.0785403129854743
-82.51193708604896,50.03771703461014,-20,120.59799999959827,-7.900999999599275,90,90,0,0.025557565345604494,-0.11800091782675604,-0.018282810638341335,0.4989946781644876,1.5602145763361666,-0.8219775567898848,0.19178918521592908,-0.10802550797089241,-1.6464568574608007,1.6464568574608007,1.5602145763361668,2.2705426879952677
-82.51193708604896,55.59746336683808,-20,120.59799999959827,-7.850999999599274,90,90,0,0.023861478710328288,-0.10800301519419708,-0.022217570060611286,0.33181469963760046,1.1621211137614647,-0.6777155985000922,0.2784576000122257,-0.12365030574089475,-1.248476444744716,1.248476444744716,1.1621211137614649,1.7133248902493021
-82.51193708604896,61.157209699066016,-20,120.59799999959827,-7.8009999995992745,90,90,0,0.023059373224378926,-0.10042219471578173,-0.023360909193305468,0.24217892313073772,0.888841603514101,-0.5144164861491209,0.2718391622293285,-0.09755199396809595,-0.9892629526939859,0.9892629526939859,0.8888416035141011,1.3447995940996265
-82.51193708604896,66.71695603129395,-20,120.59799999959827,-7.750999999599275,90,90,0,0.022667414725376228,-0.094560480886271,-0.022961297940867098,0.19267951547507559,0.7130123718148337,-0.375333531304536,0.22644651514642877,-0.06269518667196439,-0.8168294756555647,0.8168294756555647,0.7130123718148338,1.1020344243814983
-82.51193708604896,72.27670236352188,-20,120.59799999959827,-7.700999999599275,90,90,0,0.022409387444536966,-0.08984786956905305,-0.021783134903191004,0.16362044278770124,0.6031148001658292,-0.2685885399457541,0.1714952732076731,-0.03140468039029489,-0.697531587384683,0.697531587384683,0.6031148001658293,0.9387775074510147
-82.51193708604896,77.83644869574981,-20,120.59799999959827,-7.650999999599275,90,90,0,0.022145117714080675,-0.08588438355344508,-0.020264702824893233,0.14487416478602574,0.5346784589462823,-0.1903731986891963,0.12010775262731566,-0.00702229835651615,-0.6109135090789776,0.6109135090789776,0.5346784589462824,0.8247848926574906
-82.51193708604896,83.39619502797774,-20,120.59799999959827,-7.600999999599275,90,90,0,0.02181330475279386,-0.0824088202681807,-0.018646612368996285,0.13130815982290275,0.49117726503091746,-0.13426483016065938,0.07693637696224312,0.010558416156499155,-0.5448145079592155,0.5448145079592155,0.4911772650309175,0.7412854139715825
-82.51193708604896,88.95594136020567,-20,120.59799999959827,-7.550999999599275,90,90,0,0.02139504040290649,-0.07925718402133827,-0.017055341500975818,0.12035914559180089,0.4621833052081249,-0.09437002154733147,0.042697777324335405,0.022515412646243838,-0.49201830638197597,0.49201830638197597,0.46218330520812495,0.676891628465226
-82.51193708604896,94.5156876924336,-20,120.59799999959827,-7.500999999599275,90,90,0,0.0208926086787401,-0.0763289765544583,-0.015553148758227442,0.11077532844287655,0.44137027310821303,-0.06607606233613197,0.01651715893543981,0.030168388005743882,-0.44819855016313515,0.44819855016313515,0.4413702731082131,0.6247466594064204
-82.51193708604896,100.07543402466153,-20,120.59799999959827,-7.450999999599275,90,90,0,0.020317793947133733,-0.07356366389281749,-0.014166817437278323,0.10196899270726767,0.4250050351432908,-0.04599837527561851,-0.0029641521952679275,0.03466498332500288,-0.4107139592436045,0.4107139592436045,0.42500503514329085,0.5807159733009208
-82.51193708604896,105.63518035688946,-20,120.59799999959827,-7.400999999599275,90,90,0,0.019685690832739078,-0.07092530217399373,-0.012903940222607213,0.09368363649828682,0.41094014552211827,-0.03172436031959509,-0.01711093980888505,0.03691148062809001,-0.3779128376368651,0.3779128376368651,0.4109401455221183,0.5422888958457125
-82.51193708604896,111.1949266891174,-20,120.59799999959827,-7.350999999599275,90,90,0,0.019011578726914335,-0.06839282610124633,-0.01176207191269224,0.08582296970997921,0.3979779186162589,-0.021555258698903613,-0.027116451068965895,0.037590702436126514,-0.34873207185216915,0.34873207185216915,0.397977918616259,0.5079232392986728
-77.01114128325875,-111.1949266,-20,120.64799999959827,-9.350999999599274,90,90,0,0.03189775772276321,0.11920952315877004,-0.022741257462607245,0.11069374775202044,0.7878611130930061,0.0016390154306327735,0.16603207207204823,0.08490452045237291,0.5193210652720587,-0.5193210652720587,0.787861113093006,-0.20417662003485626
-77.01114128325875,-105.63518026777207,-20,120.64799999959827,-9.300999999599275,90,90,0,0.03377262397420691,0.1248770030817209,-0.02551231965494638,0.12207671502774288,0.8369570311188059,-0.007885277857192702,0.16984000792438964,0.088905703760946,0.5671114134336672,-0.5671114134336672,0.8369570311188058,-0.23232860098614488
-77.01114128325875,-100.07543393554414,-20,120.64799999959827,-9.250999999599275,90,90,0,0.03571304814146148,0.13090576807011306,-0.028686223305905423,0.1340983412577478,0.8917259878479515,-0.02212969155062866,0.17026360306949576,0.09121246921022966,0.6205785828569655,-0.6205785828569655,0.8917259878479514,-0.26388818771778494
-77.01114128325875,-94.51568760331621,-20,120.64799999959827,-9.200999999599274,90,90,0,0.03771042976754019,0.13734988939729637,-0.032315614212107824,0.14682780397860337,0.9543724976894677,-0.042805866635425245,0.165908891767006,0.09079790465883758,0.6810008761233658,-0.6810008761233658,0.9543724976894676,-0.2992518770475787
-77.01114128325875,-88.95594127108828,-20,120.64799999959827,-9.150999999599275,90,90,0,0.03975551958579135,0.1442855156515611,-0.03645072359266677,0.16049061592417316,1.028273971468747,-0.07198363136652329,0.15506310142149088,0.0862208410181828,0.7502148872655331,-0.7502148872655331,1.028273971468747,-0.33890529867803426
-77.01114128325875,-83.39619493886035,-20,120.64799999959827,-9.100999999599274,90,90,0,0.04184023222574737,0.15182083531933638,-0.04113163548046761,0.17562081867732038,1.1184932877287406,-0.11190109410183025,0.1356978008632622,0.07548895923297731,0.8309048697717819,-0.8309048697717819,1.1184932877287406,-0.38350755468028563
-77.01114128325875,-77.83644860663242,-20,120.64799999959827,-9.050999999599275,90,90,0,0.043960765837457116,0.1601090164509703,-0.04637564440295899,0.1933146307661638,1.2323860815347805,-0.16440681735726348,0.10549032456207683,0.05588340738084887,0.9270206892326596,-0.9270206892326596,1.2323860815347802,-0.4340662566187474
-77.01114128325875,-72.27670227440449,-20,120.64799999959827,-9.000999999599275,90,90,0,0.04612228343660346,0.16936323968411426,-0.05215795233378917,0.2156310395446693,1.3801597636488563,-0.22966825618863354,0.06180894610757484,0.02372423779321329,1.0443445383667427,-1.0443445383667427,1.380159763648856,-0.49228063290720026
-77.01114128325875,-66.71695594217655,-20,120.64799999959827,-8.950999999599276,90,90,0,0.048344714989826953,0.17987024292528592,-0.05838404753554299,0.24618209581948458,1.5749863141104752,-0.3035088228860347,0.0015104154351114748,-0.025975504630933562,1.1911702315334425,-1.1911702315334425,1.574986314110475,-0.5611757058892525
-77.01114128325875,-61.157209609948616,-20,120.64799999959827,-8.900999999599275,90,90,0,0.05066709060944674,0.19199286569105112,-0.06485210043730538,0.2909118815036221,1.8317199935107533,-0.37232298416722437,-0.07970038079511609,-0.10007888615008964,1.3788851250964576,-1.3788851250964576,1.831719993510753,-0.6461971276921563
-77.01114128325875,-55.59746327772068,-20,120.64799999959827,-8.850999999599274,90,90,0,0.05314211278810865,0.2061397643502536,-0.07120041009173755,0.35890279918892837,2.1621080733219697,-0.40398020083755615,-0.18832812778772343,-0.20825945264981555,1.6217670913388271,-1.6217670913388271,2.1621080733219697,-0.7569238620100391
-77.01114128325875,-50.03771694549274,-20,120.64799999959827,-8.800999999599275,90,90,0,0.05579859246133173,0.22265623719777128,-0.07681511975891125,0.46256665536175895,2.562121575754031,-0.3329650724751711,-0.3323329401884788,-0.36401105250365995,1.9340701062718675,-1.9340701062718675,2.5621215757540305,-0.9092214759702553
-77.01114128325875,-44.4779706132648,-20,120.64799999959827,-8.750999999599275,90,90,0,0.058517215784304605,0.24155116373374247,-0.08059537463411742,0.615221088316819,2.984552112304222,-0.042061189432586264,-0.5072461107502263,-0.5825342525705193,2.3196619670782868,-2.3196619670782868,2.9845521123042213,-1.1258411221565983
-77.01114128325875,-38.91822428103686,-20,120.64799999959827,-8.700999999599276,90,90,0,0.060707925827280296,0.26197605386813,-0.08024872088205925,0.8206661623881882,3.3011411098586474,0.6277841713610025,-0.6338894508768175,-0.860001476541406,2.74632180672593,-2.74632180672593,3.301141109858647,-1.4258653627824711
-77.01114128325875,-33.358477948808925,-20,120.64799999959827,-8.650999999599275,90,90,0,0.06068144858174887,0.2817899902459461,-0.07049947541831142,1.044943100503226,3.348187168194203,1.6881306192363592,-0.4133576951067697,-1.0875280909227585,3.114502574319886,-3.114502574319886,3.3481871681942024,-1.7752277070422051
-77.01114128325875,-27.798731616580987,-20,120.64799999959827,-8.600999999599274,90,90,0,0.055213333149968596,0.2992509271454144,-0.041024759070509564,1.1782166108124934,3.315717586332606,2.3936685984246266,0.595935879452593,-0.8773107771418993,3.3446642342882607,-3.3446642342882607,3.3157175863326054,-2.0183771997552187
-77.01114128325875,-22.23898528435305,-20,120.64799999959827,-8.550999999599275,90,90,0,0.04155122956185303,0.31855509238995106,0.018051707379009962,1.0868437617368758,3.949332758454918,1.2774776470000366,1.8521218186481871,0.3210581716575734,3.7602330220460445,-3.7602330220460445,3.9493327584549176,-2.1804999186640774
-77.01114128325875,-16.67923895212511,-20,120.64799999959827,-8.500999999599275,90,90,0,0.02202453495627768,0.3482653377100414,0.10005351413671232,0.8119202928263615,5.053438936043236,-1.2697987143805327,1.7370254620067753,2.4391859279600205,5.093279516787034,-5.093279516787034,5.053438936043235,-3.0719039423697403
-77.01114128325875,-11.119492619897173,-20,120.64799999959827,-8.450999999599276,90,90,0,0.0030642271572989543,0.3892084927305341,0.18607368943221114,0.5502611100015126,5.798371444222088,-3.382881011348823,0.29344470637268855,4.978862196611657,7.780340733099627,-7.780340733099627,5.798371444222087,-5.460992155410793
-77.01114128325875,-5.559746287669236,-20,120.64799999959827,-8.400999999599275,90,90,0,-0.010786097964248786,0.4396160014771362,0.26823978152781325,0.4133046431504274,7.065353676845607,-5.376852292557126,-1.6736259237163775,8.33824822894119,12.583608456573108,-12.583608456573108,7.065353676845605,-9.757466985834865
-77.01114128325875,0.00000004455870161734765,-20,120.64799999959827,-8.350999999599274,90,90,0,-0.017948310679170076,0.5191849474909644,0.36085521920024494,0.4060347288098991,14.319860345175725,-12.708705664854172,-6.089812618699129,15.107882990546537,23.276869484052902,-23.276869484052902,14.319860345175721,-17.548925345982614
-77.01114128325875,5.559746376786639,-20,120.64799999959827,-8.300999999599275,90,90,0,-0.01763277051699938,0.8427447938781104,0.6014951589932915,0.5244743656982812,72.65590443275225,-70.49313444942045,-34.692166460019735,1.6931065481704703,1.8133668132573393,-1.813366813257337,72.65590443275225,27.248994959843568
-77.01114128325875,11.119492709014576,-20,120.64799999959827,-8.250999999599275,90,90,0,-0.008285252600911147,-0.4211732381910987,-0.15020426733835585,0.8226907869249733,16.005436099061914,-12.345736439582973,-6.035743006143496,-13.030609158528534,-21.912984784769765,21.912984784769765,16.005436099061917,28.315159224394534
-77.01114128325875,16.679239041242514,-20,120.64799999959827,-8.200999999599274,90,90,0,0.012189251904313025,-0.3302907105643555,-0.046909616252869935,1.4424220798929794,9.538078740884517,-2.5342654157784477,-0.304678763846251,-5.020131072096772,-10.492819202329532,10.492819202329532,9.538078740884519,14.308050698683338
-77.01114128325875,22.238985373470452,-20,120.64799999959827,-8.150999999599275,90,90,0,0.03879459126587603,-0.27935769509880565,0.04382466981132721,2.266618213297427,6.568711467589308,5.171283640158433,1.0926695026000812,0.41858693353879695,-6.086732705364599,6.086732705364599,6.568711467589309,8.714217292400324
-77.01114128325875,27.79873170569839,-20,120.64799999959827,-8.100999999599274,90,90,0,0.051008779398458576,-0.2556138398013834,0.07667202320002692,2.319939536774702,5.537421513036462,6.500079115401458,-2.3759187369674986,2.351472211893317,-5.387503784361907,5.387503784361907,5.537421513036463,7.6024723895764925
-77.01114128325875,33.358478037926325,-20,120.64799999959827,-8.050999999599275,90,90,0,0.045657395618989016,-0.22659716161010718,0.051459100325308565,1.6202562755737733,5.8248824886393615,2.3182314582254806,-2.689778895035489,1.411269618752416,-4.534988411503659,4.534988411503659,5.824882488639362,6.864941406959404
-77.01114128325875,38.91822437015426,-20,120.64799999959827,-8.000999999599275,90,90,0,0.03676868612225198,-0.1930344278911595,0.01903870984676942,0.9665385465698862,4.8316881071953555,-0.1118743949749623,-1.3901117546257946,0.4902527334518759,-3.328725304295482,3.328725304295482,4.8316881071953555,5.261400547173624
-77.01114128325875,44.4779707023822,-20,120.64799999959827,-7.950999999599275,90,90,0,0.030260146657194315,-0.16437408760876615,-0.00333931223740902,0.5563113183291495,3.550822741383663,-0.8914727499977462,-0.4248058702409489,0.05242053407997606,-2.3616548771163215,2.3616548771163215,3.5508227413836635,3.781983973669787
-77.01114128325875,50.03771703461014,-20,120.64799999959827,-7.900999999599275,90,90,0,0.02646217392814859,-0.142737306204771,-0.015842554691019917,0.3307034235403539,2.5124302672356085,-0.959008362072007,0.060043075817647666,-0.09741244947587195,-1.7060041234404415,1.7060041234404415,2.5124302672356085,2.710976230334685
-77.01114128325875,55.59746336683808,-20,120.64799999959827,-7.850999999599274,90,90,0,0.024480590817461872,-0.1270556514730421,-0.021725927873773893,0.21410070053157815,1.7891865960705107,-0.7978904470167466,0.23992832202124575,-0.11928288199061365,-1.2830688070757794,1.2830688070757794,1.789186596070511,1.9987434455039839
-77.01114128325875,61.157209699066016,-20,120.64799999959827,-7.8009999995992745,90,90,0,0.023495908940988713,-0.11566526717820658,-0.023746257525828096,0.1557429625125007,1.3187065050824047,-0.6026757887237421,0.2668023422277915,-0.09536815401415027,-1.0107905670539779,1.0107905670539779,1.318706505082405,1.5382731690869398
-77.01114128325875,66.71695603129395,-20,120.64799999959827,-7.750999999599275,90,90,0,0.02297522721040776,-0.10715552590070099,-0.023689725313857823,0.12669625170547014,1.0215540364195004,-0.435916456444329,0.23046776041641598,-0.06132572228011063,-0.8310455584434682,0.8310455584434682,1.0215540364195004,1.2396671730112683
-77.01114128325875,72.27670236352188,-20,120.64799999959827,-7.700999999599275,90,90,0,0.022618516709030423,-0.10052379205834072,-0.022599192302903748,0.1116573161864563,0.83481814798152,-0.3090122490990517,0.17566714594510568,-0.030395943115605038,-0.7073486722682748,0.7073486722682748,0.8348181479815201,1.0412759314608828
-77.01114128325875,77.83644869574981,-20,120.64799999959827,-7.650999999599275,90,90,0,0.022273818622680797,-0.09511083280182189,-0.021052390295844714,0.10289629172600731,0.7158333454060422,-0.21704180166759135,0.12186757220981204,-0.006227212634509271,-0.6178823217265228,0.6178823217265228,0.7158333454060423,0.9042156598889397
-77.01114128325875,83.39619502797774,-20,120.64799999959827,-7.600999999599275,90,90,0,0.021873828834743342,-0.0904990392226615,-0.01935839181282467,0.0966651564051462,0.6376451396076741,-0.15179176259277147,0.07608536720613529,0.011188064674213733,-0.5498068720483203,0.5498068720483203,0.6376451396076742,0.80486492789139
-77.01114128325875,88.95594136020567,-20,120.64799999959827,-7.550999999599275,90,90,0,0.021396465589973768,-0.08642825246891678,-0.017676596194804384,0.09124376683168586,0.5838144692858973,-0.10587651239273164,0.039773180573609915,0.022998627070804672,-0.49555352255550134,0.49555352255550134,0.5838144692858974,0.7290793102698603
-77.01114128325875,94.5156876924336,-20,120.64799999959827,-7.500999999599275,90,90,0,0.020842250941693674,-0.08273726220577671,-0.016084527950165572,0.08591812718714194,0.5444930323632561,-0.07362172539088332,0.012172911825189297,0.030517311223670986,-0.4506053138372167,0.4506053138372167,0.5444930323632561,0.6684025267825191
-77.01114128325875,100.07543402466153,-20,120.64799999959827,-7.450999999599275,90,90,0,0.020221921969804824,-0.07932600064325651,-0.014615516670141604,0.08045692817455176,0.5138359803118084,-0.05093137951637735,-0.008163420521916891,0.034891299758184266,-0.41221377433053424,0.41221377433053424,0.5138359803118084,0.6177481664552577
-77.01114128325875,105.63518035688946,-20,120.64799999959827,-7.400999999599275,90,90,0,0.01954989013998415,-0.07613191520843782,-0.013279445346986996,0.07484718851200602,0.4883947204475633,-0.03492730885800564,-0.022735732107659848,0.037027665723936655,-0.37866454477395,0.37866454477395,0.4883947204475634,0.5740224329529754
-77.01114128325875,111.1949266891174,-20,120.64799999959827,-7.350999999599275,90,90,0,0.018840936345245862,-0.07311542094499532,-0.012074138029167847,0.06916304504487347,0.46614562775264046,-0.023608360020232127,-0.03286213645191621,0.03760978623656791,-0.34885638089046966,0.34885638089046966,0.4661456277526405,0.5353146319915258
-71.51034548046854,-111.1949266,-20,120.69799999959828,-9.350999999599274,90,90,0,0.031130718306323024,0.12628658507390894,-0.023177592551800075,0.0842137144880508,0.8819452682891605,0.00021275548630660698,0.17876887126205476,0.08322429312914476,0.5103411677405525,-0.5103411677405525,0.8819452682891604,-0.15756306042488832
-71.51034548046854,-105.63518026777207,-20,120.69799999959828,-9.300999999599275,90,90,0,0.03299430927812924,0.13271340338763615,-0.026139871973837492,0.09216059710049761,0.9435056507047672,-0.01065391128881483,0.18294200461942378,0.08724315195041998,0.5574013332364219,-0.5574013332364219,0.9435056507047671,-0.17999907295451506
-71.51034548046854,-100.07543393554414,-20,120.69799999959828,-9.250999999599275,90,90,0,0.034922315344206756,0.13960641319704176,-0.02955305860749391,0.10007890128987573,1.0132091493767856,-0.02692478785389084,0.18323844569862752,0.0896292350411673,0.6098829833317397,-0.6098829833317397,1.0132091493767856,-0.20459932358102545
-71.51034548046854,-94.51568760331621,-20,120.69799999959828,-9.200999999599274,90,90,0,0.03690463688722806,0.147042265244212,-0.03348082471234204,0.10785694587031723,1.0940958394897138,-0.05059542227296181,0.17798230352777278,0.08939316962206167,0.6689424407836405,-0.6689424407836405,1.0940958394897138,-0.231304104987755
-71.51034548046854,-88.95594127108828,-20,120.69799999959828,-9.150999999599275,90,90,0,0.03892970536273152,0.15512769160310563,-0.03798624884188495,0.11548149588548483,1.1907781986414412,-0.08409699924735574,0.16506015246757658,0.08515431696768713,0.7362300566034644,-0.7362300566034644,1.1907781986414412,-0.25991877714688794
-71.51034548046854,-83.39619493886035,-20,120.69799999959828,-9.100999999599274,90,90,0,0.040985847299981004,0.16401315314922643,-0.04312382276841964,0.12316884821562006,1.3101611548101484,-0.13008056022942216,0.14187481956104575,0.07501917039005158,0.8141390393949043,-0.8141390393949043,1.3101611548101484,-0.29007457747084486
-71.51034548046854,-77.83644860663242,-20,120.69799999959828,-9.050999999599275,90,90,0,0.04306366346952237,0.17391116434568654,-0.048926105463235836,0.13158739325070293,1.4623515535875944,-0.19075782707376268,0.1052838517339951,0.05643335785230454,0.906153309124112,-0.906153309124112,1.4623515535875944,-0.3212126876890742
-71.51034548046854,-72.27670227440449,-20,120.69799999959828,-9.000999999599275,90,90,0,0.04515947364062281,0.1851189630964738,-0.05538312034484316,0.1422106944189095,1.6616327879700021,-0.2663378596629723,0.05142589247825836,0.025999158824115555,1.0172916242985806,-1.0172916242985806,1.661632787970002,-0.3526385091105797
-71.51034548046854,-66.71695594217655,-20,120.69799999959828,-8.950999999599276,90,90,0,0.04727905536270899,0.19804229475093865,-0.062412805012910855,0.15783374400513958,1.927086138277021,-0.3517301246933597,-0.024810780844051243,-0.020764468051892724,1.1545717800779214,-1.1545717800779214,1.9270861382770208,-0.383737324767113
-71.51034548046854,-61.157209609948616,-20,120.69799999959828,-8.900999999599275,90,90,0,0.049438611572709484,0.2132101601577368,-0.06982095802307342,0.18324068444321975,2.281751715135566,-0.4300836117446545,-0.1311041324508179,-0.08976264500152807,1.3272200143029664,-1.3272200143029664,2.281751715135566,-0.41451932824873994
-71.51034548046854,-55.59746327772068,-20,120.69799999959828,-8.850999999599274,90,90,0,0.05165423474943015,0.23125481593601338,-0.07724501063892752,0.2258747784046485,2.7476341529779047,-0.46083813220808295,-0.2799715547653362,-0.1887543435060405,1.5458579104030268,-1.5458579104030268,2.7476341529779047,-0.4468042492118649
-71.51034548046854,-50.03771694549274,-20,120.69799999959828,-8.800999999599275,90,90,0,0.05389822679803144,0.2527977257007513,-0.08404947121829215,0.2960041506317224,3.330409536339303,-0.35927553964424386,-0.48934318317738823,-0.3272990544625324,1.8187677370931827,-1.8187677370931827,3.3304095363393027,-0.48660392255746165
-71.51034548046854,-44.4779706132648,-20,120.69799999959828,-8.750999999599275,90,90,0,0.05597462899591671,0.27812013337811897,-0.08903159819711748,0.4049799062397025,3.98268290838206,0.03087009347733145,-0.7660790674541744,-0.5129151388512803,2.1412450987028784,-2.1412450987028784,3.9826829083820594,-0.5481719353500545
-71.51034548046854,-38.91822428103686,-20,120.69799999959828,-8.700999999599276,90,90,0,0.057232177943398715,0.3064658970706458,-0.08946269059251777,0.5579906159602869,4.545905970343967,0.9300134173267793,-1.0206137926422918,-0.7307427441315565,2.4734730949771513,-2.4734730949771513,4.545905970343967,-0.6551107068395643
-71.51034548046854,-33.358477948808925,-20,120.69799999959828,-8.650999999599275,90,90,0,0.05608923068461655,0.3353474345630782,-0.07848468908483142,0.7340790192448109,4.795570428311251,2.361550368742005,-0.8501981090773671,-0.8772310767964691,2.722172141602075,-2.722172141602075,4.795570428311251,-0.8039439702775746
-71.51034548046854,-27.798731616580987,-20,120.69799999959828,-8.600999999599274,90,90,0,0.04989569305927696,0.36270440249270003,-0.04172504633871399,0.855100997490292,4.984633903546088,3.2538538029583943,0.3919089290845798,-0.6607147245904856,2.8229896895002904,-2.8229896895002904,4.984633903546088,-0.829136128081855
-71.51034548046854,-22.23898528435305,-20,120.69799999959828,-8.550999999599275,90,90,0,0.03674906551050744,0.3948220741235842,0.035672549137734544,0.8163263728723346,6.194748784603696,1.419316258790786,1.9827862797468616,0.2521322903524256,2.9950248386483236,-2.9950248386483236,6.194748784603696,-0.517125324806845
-71.51034548046854,-16.67923895212511,-20,120.69799999959828,-8.500999999599275,90,90,0,0.01880981976246121,0.4447230710661056,0.14613546271736239,0.6440388648587946,8.230487794990802,-2.6762059985238174,1.6106074411199918,1.6899358242821716,3.639972203761287,-3.639972203761287,8.230487794990802,-0.347777085764966
-71.51034548046854,-11.119492619897173,-20,120.69799999959828,-8.450999999599276,90,90,0,0.001358233114797519,0.5151526374495925,0.2651793706301231,0.48709706012566134,9.947728389155772,-6.338556575749242,-0.6643448474437224,3.0418743886969586,4.6803138155317585,-4.6803138155317585,9.947728389155772,-0.7012224598694496
-71.51034548046854,-5.559746287669236,-20,120.69799999959828,-8.400999999599275,90,90,0,-0.011649359095759648,0.6036947895626406,0.3827358034434781,0.42392419343492543,11.975337281138076,-9.369240829858724,-3.419506118674342,3.7917964289481523,5.4079853175362365,-5.4079853175362365,11.975337281138076,-0.6178504050810059
-71.51034548046854,0.00000004455870161734765,-20,120.69799999959828,-8.350999999599274,90,90,0,-0.018604920274556458,0.7156686602063834,0.5053695946164072,0.452171349450928,15.118965421895574,-12.585443542970657,-6.069177925842715,3.246347045689435,4.438807095121297,-4.438807095121297,15.118965421895574,1.6087790736369323
-71.51034548046854,5.559746376786639,-20,120.69799999959828,-8.300999999599275,90,90,0,-0.018703651124300474,0.8537397121387822,0.6394456324552061,0.563662337593582,17.598692811567503,-14.245165674484989,-7.426185720758398,0.8508610203158798,0.6439943294215015,-0.643994329421501,17.598692811567503,6.395482795205501
-71.51034548046854,11.119492709014576,-20,120.69799999959828,-8.250999999599275,90,90,0,-0.010836943946000155,-0.6012733654359501,-0.2211899048394117,0.7950404456747656,17.15955880967356,-11.59446550973508,-5.724617902228447,-1.3909971173527016,-3.035671367264232,3.0356713672642326,17.15955880967356,9.899494891133656
-71.51034548046854,16.679239041242514,-20,120.69799999959828,-8.200999999599274,90,90,0,0.005776465797092206,-0.4738334032623508,-0.07943886275896678,1.2830233631179675,15.521589651130624,-4.908165509753923,-1.1390310918429722,-1.2780966668881404,-3.76346048343258,3.76346048343258,15.521589651130624,9.97209634388483
-71.51034548046854,22.238985373470452,-20,120.69799999959828,-8.150999999599275,90,90,0,0.026452968503162727,-0.38398622939808835,0.059005302844770624,1.9929068380412724,11.058731826307598,6.789720383668936,0.9720444431228585,0.44832469165052813,-3.484647277604558,3.484647277604558,11.058731826307598,7.908140008127598
-71.51034548046854,27.79873170569839,-20,120.69799999959828,-8.100999999599274,90,90,0,0.03805476418651643,-0.3383413668266529,0.11181632148315801,1.93084726850889,8.883326532635824,9.39837377271898,-3.898454776644323,1.3473942342648113,-3.752269428092157,3.7522694280921574,8.883326532635824,7.305600041146487
-71.51034548046854,33.358478037926325,-20,120.69799999959828,-8.050999999599275,90,90,0,0.03714960470667947,-0.29015577609424487,0.07880828762354941,1.224295722340584,8.74766872505368,3.532002983405233,-4.133591171722212,0.8815853584557245,-3.524756369762175,3.5247563697621755,8.74766872505368,7.023823859783648
-71.51034548046854,38.91822437015426,-20,120.69799999959828,-8.000999999599275,90,90,0,0.031956934990765296,-0.23956241563937086,0.035311985819899805,0.6668547641904768,6.943366560009136,0.12604130108646192,-2.1523932167519724,0.2944071639386353,-2.7981271457308647,2.7981271457308647,6.943366560009136,5.575473769734519
-71.51034548046854,44.4779707023822,-20,120.69799999959828,-7.950999999599275,90,90,0,0.02753769956578936,-0.19849599548460597,0.005592223996512685,0.3468034635282016,4.947430487824698,-0.9686036903572464,-0.7539971602818286,-0.015319241169485255,-2.0865933067939877,2.0865933067939877,4.947430487824698,4.065565501923867
-71.51034548046854,50.03771703461014,-20,120.69799999959828,-7.900999999599275,90,90,0,0.024837218217186735,-0.1684653023428187,-0.011011122316954336,0.1830005826686746,3.4236443538745878,-1.0955031367216645,-0.06162907997039343,-0.12028529824981646,-1.5571427133435054,1.5571427133435054,3.4236443538745878,2.9266004548933404
-71.51034548046854,55.59746336683808,-20,120.69799999959828,-7.850999999599274,90,90,0,0.02343290939355222,-0.1471621540251622,-0.019036116458870322,0.1066109422336783,2.3957280795843845,-0.9167334952241204,0.20501073818747836,-0.12684197620299403,-1.197620007270546,1.197620007270546,2.3957280795843845,2.1559112391043
-71.51034548046854,61.157209699066016,-20,120.69799999959828,-7.8009999995992745,90,90,0,0.022758002059499904,-0.1319334167906951,-0.022139281805963307,0.07480332658164686,1.7376765906828526,-0.6899096327047048,0.2631061833838319,-0.09786079435136591,-0.9585735977423462,0.9585735977423462,1.7376765906828529,1.6536442340154873
-71.51034548046854,66.71695603129395,-20,120.69799999959828,-7.750999999599275,90,90,0,0.022406761767893857,-0.12071168005662497,-0.022619958200040424,0.0638460404982003,1.323995116133931,-0.49584138437530056,0.23500801853837502,-0.06224201521733363,-0.7971304402395161,0.7971304402395161,1.323995116133931,1.3267284866930886
-71.51034548046854,72.27670236352188,-20,120.69799999959828,-7.700999999599275,90,90,0,0.02214330609193682,-0.11208596551045319,-0.02179195068679385,0.061542291789389775,1.0629432049766927,-0.349034987415567,0.18005070993570604,-0.030889377648236464,-0.6840316416854617,0.6840316416854617,1.0629432049766927,1.1092089236761389
-71.51034548046854,77.83644869574981,-20,120.69799999959828,-7.650999999599275,90,90,0,0.021848967716355444,-0.10514833756334924,-0.020371502174193146,0.06201572562517601,0.8948054095989355,-0.24346779332539184,0.1237193764528089,-0.006656697955827122,-0.6009918290392808,0.6009918290392808,0.8948054095989356,0.958913992878855
-71.51034548046854,83.39619502797774,-20,120.69799999959828,-7.600999999599275,90,90,0,0.02147445747117316,-0.09932920455093106,-0.01873758373326323,0.06265517740507161,0.7827357095087082,-0.16917007453025404,0.07527762369394585,0.010725696943819465,-0.5369693980064838,0.5369693980064838,0.7827357095087083,0.8500636818099672
-71.51034548046854,88.95594136020567,-20,120.69799999959828,-7.550999999599275,90,90,0,0.021007914510723924,-0.09427388638293077,-0.017084651573365417,0.06246255734635848,0.7045484091461365,-0.1172900262068989,0.03687145030058895,0.02248778389856721,-0.48535396820522997,0.48535396820522997,0.7045484091461366,0.7671733318636846
-71.51034548046854,94.5156876924336,-20,120.69799999959828,-7.500999999599275,90,90,0,0.020455935428495414,-0.08976083605578017,-0.015507679326718427,0.061198169478175725,0.6470103224761283,-0.08110784383083308,0.00784329978472421,0.02996424282524513,-0.442164755155941,0.442164755155941,0.6470103224761283,0.7009688841463924
-71.51034548046854,100.07543402466153,-20,120.69799999959828,-7.450999999599275,90,90,0,0.019833015164859913,-0.08565026261942346,-0.014048539161686358,0.05895147928809089,0.6022396648537818,-0.05582542876196514,-0.013350562880096624,0.03430593487210913,-0.40496786461566514,0.40496786461566514,0.6022396648537818,0.6458637305571778
-71.51034548046854,105.63518035688946,-20,120.69799999959828,-7.400999999599275,90,90,0,0.019155959694996172,-0.08185258094897768,-0.012721148106501046,0.05593170021860402,0.5655295427488386,-0.03810437418519461,-0.02834798444690093,0.036418927743349594,-0.3722418455524133,0.3722418455524133,0.5655295427488386,0.5984536626519488
-71.51034548046854,111.1949266891174,-20,120.69799999959828,-7.350999999599275,90,90,0,0.018441100691729717,-0.0783091842835601,-0.011525091521837283,0.052369849347593,0.5340560976145947,-0.025644154715679237,-0.03859331372763189,0.03698495776684838,-0.3430084261205112,0.3430084261205112,0.5340560976145947,0.5566308651663491
-66.00954967767834,-111.1949266,-20,120.74799999959828,-9.350999999599274,90,90,0,0.030026111464956012,0.1331649905734179,-0.02358712943352137,0.058482041236020514,0.9735616295313094,-0.0011479800446766051,0.19127777568891816,0.08071443731980478,0.4937239844557625,-0.4937239844557625,0.9735616295313093,-0.10429933264323876
-66.00954967767834,-105.63518026777207,-20,120.74799999959828,-9.300999999599275,90,90,0,0.03183702432110283,0.14033073784994882,-0.026734899160693604,0.06331650469140626,1.0470074339418967,-0.013298967318949018,0.19584820692324523,0.08474207855574857,0.5386815938305596,-0.5386815938305596,1.0470074339418967,-0.11987862025380092
-66.00954967767834,-100.07543393554414,-20,120.74799999959828,-9.250999999599275,90,90,0,0.033704112564221705,0.14806210668445907,-0.030379698668982602,0.06759087528691227,1.130835490155288,-0.031504216327860414,0.19608779397465342,0.08725828589695328,0.5884442176559433,-0.5884442176559433,1.130835490155288,-0.13611002159382812
-66.00954967767834,-94.51568760331621,-20,120.74799999959828,-9.200999999599274,90,90,0,0.03561384677485363,0.1564559969302437,-0.034595423512516876,0.07107353886440482,1.2288053680903606,-0.05802552454754545,0.19006605573960286,0.08735453059123363,0.6439099506660448,-0.6439099506660448,1.2288053680903606,-0.1523878034299006
-66.00954967767834,-88.95594127108828,-20,120.74799999959828,-9.150999999599275,90,90,0,0.037549610711029274,0.1656461908992205,-0.03945684018535611,0.07360745433216961,1.3465775308425265,-0.09563096030880062,0.17531570697373913,0.083780187857789,0.7063391411341813,-0.7063391411341813,1.3465775308425265,-0.16770812879717067
-66.00954967767834,-83.39619493886035,-20,120.74799999959828,-9.100999999599274,90,90,0,0.03949218690474579,0.1758199415976343,-0.045031157689698564,0.07524458129870329,1.4925897962595769,-0.14735436733278742,0.14875281335441198,0.0748519784744521,0.7775229287291638,-0.7775229287291638,1.4925897962595769,-0.1804870102253331
-66.00954967767834,-77.83644860663242,-20,120.74799999959828,-9.050999999599275,90,90,0,0.04142071000643652,0.1872404053988822,-0.051363687086887655,0.0764830612176301,1.6791772934815696,-0.21574398311256432,0.10656399211764885,0.05835965872784383,0.8599964657390534,-0.8599964657390534,1.6791772934815696,-0.18832554834642556
-66.00954967767834,-72.27670227440449,-20,120.74799999959828,-9.000999999599275,90,90,0,0.04331380088601339,0.2002747224375817,-0.05845541056171061,0.07866056327217909,1.9237966212369086,-0.3010595467660681,0.0439418967652735,0.03148129945359628,0.9572576808589828,-0.9572576808589828,1.9237966212369084,-0.1877390323642194
-66.00954967767834,-66.71695594217655,-20,120.74799999959828,-8.950999999599276,90,90,0,0.04514963716885442,0.21542412114171494,-0.06623045113420478,0.08456865730752057,2.2498550738073444,-0.3974364589365974,-0.04562235925641887,-0.009268181162529438,1.0738606957295942,-1.0738606957295942,2.2498550738073444,-0.1739186662066564
-66.00954967767834,-61.157209609948616,-20,120.74799999959828,-8.900999999599275,90,90,0,0.04690142246219309,0.23334398409457424,-0.0744913594286356,0.09934993045550518,2.6857832873531464,-0.48531287192493494,-0.1719781201753386,-0.06799826262007412,1.2150453031905655,-1.2150453031905655,2.6857832873531464,-0.14073198824930677
-66.00954967767834,-55.59746327772068,-20,120.74799999959828,-8.850999999599274,90,90,0,0.04851979362836317,0.25482239030935283,-0.08285462174620772,0.13169297873086072,3.258975555162994,-0.5173483872379601,-0.35100812000809956,-0.14911098901089953,1.3851382293466108,-1.3851382293466108,3.258975555162994,-0.08154800728141298
-66.00954967767834,-50.03771694549274,-20,120.74799999959828,-8.800999999599275,90,90,0,0.049884433511529463,0.28064320384492825,-0.09062572566641902,0.1951427936956511,3.9768645161377676,-0.3943143803829944,-0.6049338161743193,-0.2558896138040614,1.583232315226827,-1.583232315226827,3.9768645161377676,0.007513491228280156
-66.00954967767834,-44.4779706132648,-20,120.74799999959828,-8.750999999599275,90,90,0,0.050694227252603086,0.3111816845179029,-0.09643993016521346,0.3084702309297019,4.781297564705992,0.06672670408717798,-0.9412840625442621,-0.3853259723861902,1.7940561733811853,-1.7940561733811853,4.781297564705992,0.11846285250121147
-66.00954967767834,-38.91822428103686,-20,120.74799999959828,-8.700999999599276,90,90,0,0.05026705696829084,0.34554412157093267,-0.09709912890704009,0.4902475770538542,5.477234567209955,1.1211728459963077,-1.248711296608788,-0.5123186619408564,1.9748008001489652,-1.9748008001489652,5.477234567209955,0.21609302673501696
-66.00954967767834,-33.358477948808925,-20,120.74799999959828,-8.650999999599275,90,90,0,0.047321054401587764,0.3807096629773493,-0.08447774442984635,0.7314298712057316,5.788377104299703,2.7871229374030704,-1.042116064339306,-0.5560573568383091,2.055971136723056,-2.055971136723056,5.788377104299703,0.2593797049968254
-66.00954967767834,-27.798731616580987,-20,120.74799999959828,-8.600999999599274,90,90,0,0.0401702229966768,0.41406337991421566,-0.04168959785163373,0.9320347311919741,5.996595020169386,3.8224519592239825,0.4380844184937923,-0.3609486160604564,2.006784060062678,-2.006784060062678,5.996595020169386,0.39185394800507645
-66.00954967767834,-22.23898528435305,-20,120.74799999959828,-8.550999999599275,90,90,0,0.028044215606021133,0.45249728485537777,0.048299065656192075,0.9220188183033127,7.310114980375667,1.7788009164676712,2.354601962678569,0.18379852548569653,1.9465732349915004,-1.9465732349915006,7.310114980375667,0.9774727571587667
-66.00954967767834,-16.67923895212511,-20,120.74799999959828,-8.500999999599275,90,90,0,0.012735733308699121,0.5099329336657485,0.17581860250906634,0.7227655255810672,9.363054200524488,-2.646489126018438,2.092065293967533,0.9146363297441733,2.0397107275138473,-2.0397107275138473,9.363054200524488,1.7055109526959478
-66.00954967767834,-11.119492619897173,-20,120.74799999959828,-8.450999999599276,90,90,0,-0.002147794352906379,0.5865267591399624,0.31047346738160453,0.5498625939523781,10.527283994128695,-6.06156657920024,-0.14182762389748194,1.4687365078306363,2.1914698950918443,-2.1914698950918443,10.527283994128695,2.019443702559634
-66.00954967767834,-5.559746287669236,-20,120.74799999959828,-8.400999999599275,90,90,0,-0.013630469861388939,0.6727928305392202,0.43634280458390556,0.5005470321699104,11.00615845150926,-7.704126744851437,-2.4390831444064522,1.5896288188698453,2.0829702616153436,-2.0829702616153436,11.00615845150926,2.3194931189883605
-66.00954967767834,0.00000004455870161734765,-20,120.74799999959828,-8.350999999599274,90,90,0,-0.020181320882039472,0.7641651062908903,0.5544018596251524,0.5530020722724823,11.549353223321438,-8.315915601091097,-4.0102184461144,1.2214536279693349,1.4762306619860526,-1.4762306619860524,11.549353223321438,3.1435106273425233
-66.00954967767834,5.559746376786639,-20,120.74799999959828,-8.300999999599275,90,90,0,-0.021015168787486466,0.8606140246574125,0.6701661796127316,0.6898664926099449,12.424498379174983,-8.203346854565481,-4.6081724723528,0.5303523875409929,0.4688320209658795,-0.46883202096587917,12.424498379174983,4.500967330704114
-66.00954967767834,11.119492709014576,-20,120.74799999959828,-8.250999999599275,90,90,0,-0.015579830953066642,-0.6353654515154401,-0.20808898252476876,0.9825773821663393,13.870396422480749,-7.0601471221607195,-3.600759898744,-0.08407095605148779,-0.49145649251087964,0.4914564925108799,13.870396422480749,6.039615061503179
-66.00954967767834,16.679239041242514,-20,120.74799999959828,-8.200999999599274,90,90,0,-0.004212180106469149,-0.5269078670490879,-0.06837560041363655,1.7114771628213767,15.008660236599063,-2.5244371896835327,0.08243372513610976,-0.21426892529081235,-1.0764056216877969,1.0764056216877969,15.008660236599063,7.079869716327422
-66.00954967767834,22.238985373470452,-20,120.74799999959828,-8.150999999599275,90,90,0,0.009688096171256988,-0.44003146338475163,0.07965251406102553,2.8635251879396835,11.769148622511025,8.577471493292192,1.5123721530579064,0.12561671829076201,-1.517969722342187,1.5179697223421873,11.769148622511025,6.225629171346597
-66.00954967767834,27.79873170569839,-20,120.74799999959828,-8.100999999599274,90,90,0,0.019764522661787604,-0.39218160940034935,0.1371738459485845,2.7586250966943773,10.094682854823933,10.81923377458042,-4.298365257290916,0.36569366699303896,-2.00362265531894,2.0036226553189405,10.094682854823933,6.041495797248514
-66.00954967767834,33.358478037926325,-20,120.74799999959828,-8.050999999599275,90,90,0,0.023310195952209345,-0.3370434570618579,0.09896282280527166,1.5937147213851584,10.269413806252022,4.1488751304190785,-4.795665885554755,0.23355622912716908,-2.168239057275417,2.1682390572754175,10.269413806252022,6.276004579776226
-66.00954967767834,38.91822437015426,-20,120.74799999959828,-8.000999999599275,90,90,0,0.02306885499877806,-0.2771533600321,0.04809402023834411,0.7444903845809269,8.30365704373918,0.2188459843114399,-2.589655254107636,0.006128613081584613,-1.9462212937311945,1.9462212937311947,8.30365704373918,5.267684111226867
-66.00954967767834,44.4779707023822,-20,120.74799999959828,-7.950999999599275,90,90,0,0.022006878763535603,-0.22778510139965685,0.012949251363512881,0.31580932627349706,5.970139387427019,-1.068544144447242,-0.9618889087677571,-0.12666304846335827,-1.5901858669594813,1.5901858669594813,5.970139387427019,3.978241621930289
-66.00954967767834,50.03771703461014,-20,120.74799999959828,-7.900999999599275,90,90,0,0.02128957671965287,-0.19144912878210704,-0.006894563185857905,0.12321180088902081,4.1462757452776176,-1.2281928970393896,-0.13841748449535046,-0.16059442666431908,-1.2672713120513222,1.2672713120513222,4.1462757452776176,2.9257816101623693
-66.00954967767834,55.59746336683808,-20,120.74799999959828,-7.850999999599274,90,90,0,0.02102390239082616,-0.16561175203656098,-0.016682880443386394,0.045340915524775816,2.902988745747227,-1.0287999607769993,0.18702379157954346,-0.14105774338854118,-1.0222696150695978,1.0222696150695978,2.902988745747227,2.183465113368489
-66.00954967767834,61.157209699066016,-20,120.74799999959828,-7.8009999995992745,90,90,0,0.02101198392968759,-0.14713624502568617,-0.020699205914643637,0.01987378664334634,2.1015556350367763,-0.7720546784801156,0.26608915144003814,-0.10310607769043849,-0.8472484831225324,0.8472484831225324,2.1015556350367763,1.687870737137243
-66.00954967767834,66.71695603129395,-20,120.74799999959828,-7.750999999599275,90,90,0,0.02105898844924195,-0.13354134352710167,-0.021637900093432166,0.016550460019253907,1.5941511562083848,-0.5525434362597844,0.24240902275248882,-0.06463759618765695,-0.7227562596071435,0.7227562596071435,1.5941511562083848,1.3604167220904975
-66.00954967767834,72.27670236352188,-20,120.74799999959828,-7.700999999599275,90,90,0,0.021043483235379162,-0.12312603119932286,-0.021033420455406238,0.021203682756183034,1.2711365529154446,-0.3871286237759935,0.18582571477126616,-0.032489636497562445,-0.6318812550998101,0.6318812550998101,1.2711365529154446,1.140335876265988
-66.00954967767834,77.83644869574981,-20,120.74799999959828,-7.650999999599275,90,90,0,0.020908916623585322,-0.11479313587697665,-0.01971889146763517,0.027519517177831635,1.060877858910846,-0.2687584728964359,0.12636265413358433,-0.008087250753212932,-0.5627924060508459,0.5627924060508459,1.060877858910846,0.9871435496151844
-66.00954967767834,83.39619502797774,-20,120.74799999959828,-7.600999999599275,90,90,0,0.020640561786922,-0.10785220606098792,-0.01813363195819606,0.03293276619358649,0.9191237696595291,-0.18588023130166317,0.0749914044578087,0.009311512470843664,-0.5078844656680667,0.5078844656680667,0.9191237696595292,0.8755339735318783
-66.00954967767834,88.95594136020567,-20,120.74799999959828,-7.550999999599275,90,90,0,0.020246512464373062,-0.10187106977356655,-0.01650277808444911,0.036617233617087123,0.8191941935401533,-0.1283073660148136,0.034352433052904315,0.02107657271163237,-0.46243641752847137,0.46243641752847137,0.8191941935401534,0.7901140949445328
-66.00954967767834,94.5156876924336,-20,120.74799999959828,-7.500999999599275,90,90,0,0.01974536717751904,-0.09657759113807951,-0.01493665420342799,0.03851379086736259,0.7451292232764481,-0.08835667815053808,0.003813954874013299,0.028573917862314054,-0.4235474189152218,0.4235474189152218,0.7451292232764481,0.7215991082258011
-66.00954967767834,100.07543402466153,-20,120.74799999959828,-7.450999999599275,90,90,0,0.019159127952422084,-0.09179808207387713,-0.013484616046353703,0.0388671540481265,0.6873715788199767,-0.06057599376829127,-0.018292593152838963,0.03295428547483427,-0.3894265770465955,0.3894265770465955,0.6873715788199767,0.6643752085745862
-66.00954967767834,105.63518035688946,-20,120.74799999959828,-7.400999999599275,90,90,0,0.018509456421838044,-0.08741954729233464,-0.012164049446903191,0.03801071378547296,0.6401633023803873,-0.0411941123003503,-0.033755008596858135,0.03511722404929044,-0.3589507159034816,0.3589507159034816,0.6401633023803873,0.6150160368556365
-66.00954967767834,111.1949266891174,-20,120.74799999959828,-7.350999999599275,90,90,0,0.017815906407406157,-0.08336669019749973,-0.010975981246008404,0.03627168581003782,0.6000040686657907,-0.027626773554718074,-0.04414939040853903,0.03573864723719685,-0.33139729410819263,0.33139729410819263,0.6000040686657907,0.5713989215745089
-60.508753874888136,-111.1949266,-20,120.79799999959828,-9.350999999599274,90,90,0,0.02859807733293948,0.1397529344262669,-0.023960444382055024,0.03442855431052168,1.0608608027764692,-0.002384579351602964,0.20342598227203645,0.07737672613888609,0.4700352445863279,-0.4700352445863279,1.0608608027764692,-0.045690923475740164
-60.508753874888136,-105.63518026777207,-20,120.79799999959828,-9.300999999599275,90,90,0,0.03031923789932034,0.14762089930901767,-0.027284359971925798,0.03670957233883429,1.145172876357223,-0.01572140818827369,0.20843938802031556,0.08138873114804039,0.511734352123024,-0.511734352123024,1.145172876357223,-0.053665201580134714
-60.508753874888136,-100.07543393554414,-20,120.79799999959828,-9.250999999599275,90,90,0,0.03208290581648782,0.15614435072770505,-0.031148142746159735,0.038111134894340745,1.2417288692751736,-0.03570564672816921,0.2087285499959037,0.08405433629092877,0.5573576974374145,-0.5573576974374145,1.2417288692751736,-0.06066614972734502
-60.508753874888136,-94.51568760331621,-20,120.79799999959828,-9.200999999599274,90,90,0,0.03387094310541661,0.16543667776167859,-0.035634598751674185,0.038371961215980764,1.3548276125505299,-0.06483625491030827,0.20215122316278256,0.08457562992722971,0.6074617566678246,-0.6074617566678246,1.3548276125505299,-0.0655307116476127
-60.508753874888136,-88.95594127108828,-20,120.79799999959828,-9.150999999599275,90,90,0,0.03566013630411072,0.1756531111688246,-0.04082832377413892,0.0373281390975121,1.4908926339790094,-0.10617810457971368,0.1859579474692493,0.08187669085394807,0.6628019672327218,-0.6628019672327218,1.4908926339790094,-0.06644491364111804
-60.508753874888136,-83.39619493886035,-20,120.79799999959828,-9.100999999599274,90,90,0,0.03742168013240327,0.1870091802127834,-0.04680660146640514,0.035080744449595275,1.6594353184117305,-0.1630985378118492,0.15670000986386126,0.07454972803452478,0.724410554408224,-0.724410554408224,1.6594353184117305,-0.06063642704353178
-60.508753874888136,-77.83644860663242,-20,120.79799999959828,-9.050999999599275,90,90,0,0.03912058270613758,0.19980548374412888,-0.053623699338905206,0.03229948971143523,1.8742667716338723,-0.23843737333802725,0.11010646052224851,0.0608201721679043,0.793666875161672,-0.793666875161672,1.8742667716338723,-0.043960166508123066
-60.508753874888136,-72.27670227440449,-20,120.79799999959828,-9.000999999599275,90,90,0,0.04071446682288449,0.21445825678403002,-0.061285990957057,0.03074662171887621,2.15477239887959,-0.33251064459606733,0.04081168732635706,0.03856124247526696,0.8722977289602791,-0.8722977289602791,2.15477239887959,-0.010388769408443022
-60.508753874888136,-66.71695594217655,-20,120.79799999959828,-8.950999999599276,90,90,0,0.04215034416407171,0.2315310197323041,-0.06971532252126655,0.03414356830063019,2.526627020237,-0.43886538225123767,-0.05835466854821261,0.005413972189087454,0.9621592895230519,-0.9621592895230519,2.526627020237,0.04849151857174816
-60.508753874888136,-61.157209609948616,-20,120.79799999959828,-8.900999999599275,90,90,0,0.04335612152299831,0.25175245827163567,-0.0786975317230505,0.04954338049133298,3.020307360855083,-0.5359294348884532,-0.19796793479444053,-0.040876186967989905,1.0644943491139967,-1.0644943491139967,3.020307360855083,0.14362859522803673
-60.508753874888136,-55.59746327772068,-20,120.79799999959828,-8.850999999599274,90,90,0,0.0442204438703345,0.27598288960650996,-0.0878060720955971,0.08937000103601087,3.6634616814473517,-0.5716208870968552,-0.39442666961084166,-0.10165365157098494,1.1781229475708244,-1.1781229475708244,3.6634616814473517,0.2872617250081164
-60.508753874888136,-50.03771694549274,-20,120.79799999959828,-8.800999999599275,90,90,0,0.04455047680538041,0.3050437504823128,-0.09625300225686667,0.1739992299129077,4.458523550619715,-0.437464974154174,-0.6690072256601522,-0.17546259754948743,1.2958599215710933,-1.2958599215710933,4.458523550619715,0.48754949867679276
-60.508753874888136,-44.4779706132648,-20,120.79799999959828,-8.750999999599275,90,90,0,0.04399720294414544,0.33924247261927265,-0.10247465120735877,0.33306719989194017,5.331401828803334,0.06417633177136116,-1.0225897251484897,-0.2537330489289211,1.39910302994429,-1.39910302994429,5.331401828803334,0.7334577015770436
-60.508753874888136,-38.91822428103686,-20,120.79799999959828,-8.700999999599276,90,90,0,0.04195998309051971,0.3774077185022151,-0.10284799977120063,0.5967247608470224,6.05677887376788,1.2036959619500496,-1.32155008690569,-0.312347109096895,1.45419596598798,-1.45419596598798,6.05677887376788,0.9685155835191723
-60.508753874888136,-33.358477948808925,-20,120.79799999959828,-8.650999999599275,90,90,0,0.03756627857073069,0.41599609260057324,-0.08841899171591477,0.951073017883178,6.330058776283266,2.992363713004722,-1.0346097706170936,-0.3020745562427185,1.4231866571275638,-1.4231866571275638,6.330058776283266,1.1088368533857431
-60.508753874888136,-27.798731616580987,-20,120.79799999959828,-8.600999999599274,90,90,0,0.029967158043112646,0.4519100373809297,-0.041139175025364405,1.245734389534847,6.451398491300596,4.130758221104043,0.6323187011037319,-0.15921357621428098,1.303688670852488,-1.303688670852488,6.451398491300596,1.2768707256677505
-60.508753874888136,-22.23898528435305,-20,120.79799999959828,-8.550999999599275,90,90,0,0.01910359494928332,0.49205941606319226,0.05650934489241477,1.2378218795404385,7.669870790226201,2.1222792433637276,2.7722245038353526,0.13193970331561103,1.1639730066670515,-1.1639730066670517,7.669870790226201,1.903975309423429
-60.508753874888136,-16.67923895212511,-20,120.79799999959828,-8.500999999599275,90,90,0,0.006347371900800591,0.550325851292049,0.1932272411877185,0.9594829428645086,9.53468078792672,-2.2221420493168242,2.6487127789476923,0.47199171152708075,1.0806319136831628,-1.080631913683163,9.53468078792672,2.7332404014875245
-60.508753874888136,-11.119492619897173,-20,120.79799999959828,-8.450999999599276,90,90,0,-0.005985058182454872,0.6254651725184833,0.3355031705352069,0.7133169890154083,10.267526262183308,-5.315756388824524,0.4991986571662249,0.6986921778525473,1.0281200686877787,-1.0281200686877787,10.267526262183308,3.078890436185545
-60.508753874888136,-5.559746287669236,-20,120.79799999959828,-8.400999999599275,90,90,0,-0.015811320496209674,0.7057149383864676,0.46500081974192337,0.6393543750108771,10.095167247695395,-6.375966829909061,-1.6625819651414204,0.7115617815200532,0.9046940960606696,-0.9046940960606695,10.095167247695395,3.1333728030174886
-60.508753874888136,0.00000004455870161734765,-20,120.79799999959828,-8.350999999599274,90,90,0,-0.02182660916661064,0.7853575860832176,0.5820500973429534,0.7063301099093108,10.015267791689894,-6.369497704181015,-3.064315517855592,0.5182318987418583,0.6520134067164878,-0.6520134067164876,10.015267791689894,3.3540937099594705
-60.508753874888136,5.559746376786639,-20,120.79799999959828,-8.300999999599275,90,90,0,-0.023326889585636917,0.8660282777136656,0.6935478821831926,0.8906750984640973,10.66431788245519,-5.967054125588153,-3.594358567700318,0.21130460328178513,0.31045002818244294,-0.31045002818244266,10.66431788245519,3.9552771247996334
-60.508753874888136,11.119492709014576,-20,120.79799999959828,-8.250999999599275,90,90,0,-0.02006549803535912,-0.6454600195723086,-0.1891765871213505,1.2992690299782683,12.460368896495359,-5.053896056837508,-2.693697220981922,-0.07020730699089872,-0.026744620026947972,0.026744620026948218,12.460368896495359,5.010892178625092
-60.508753874888136,16.679239041242514,-20,120.79799999959828,-8.200999999599274,90,90,0,-0.012633462360471776,-0.5483790504694475,-0.051368082627711864,2.2901461018845035,14.24576018624036,-1.0461613325317638,0.7796662666619272,-0.20459845332064033,-0.3228840106768521,0.3228840106768522,14.24576018624036,6.021188085172997
-60.508753874888136,22.238985373470452,-20,120.79799999959828,-8.150999999599275,90,90,0,-0.0031357461067077486,-0.46828975172781523,0.09702187925176664,3.778586960148115,11.53973904402565,9.572684630145332,1.9016912757375,-0.185634847119549,-0.6412171282790696,0.6412171282790697,11.53973904402565,5.25711274588933
-60.508753874888136,27.79873170569839,-20,120.79799999959828,-8.100999999599274,90,90,0,0.00530956900953955,-0.4235701907713431,0.15373047467743062,3.7055170938514674,10.301675025271729,11.402292683700889,-4.287892398223154,-0.1416946041298812,-0.979612277945689,0.9796122779456894,10.301675025271729,5.100282288054381
-60.508753874888136,33.358478037926325,-20,120.79799999959828,-8.050999999599275,90,90,0,0.01085834837769814,-0.3677467245662933,0.11200902441655047,2.2284259002202944,10.828515541528942,4.357932299963613,-4.976577789578565,-0.16111461414479797,-1.1886392166706214,1.188639216670622,10.828515541528942,5.520045433282199
-60.508753874888136,38.91822437015426,-20,120.79799999959828,-8.000999999599275,90,90,0,0.013907630698512113,-0.3043872663671372,0.05682965860475381,1.060762484774431,8.977825819674598,0.19273792479111046,-2.750571709505102,-0.20430920601529814,-1.1987864508214352,1.1987864508214354,8.977825819674598,4.789916778691275
-60.508753874888136,44.4779707023822,-20,120.79799999959828,-7.950999999599275,90,90,0,0.015644556147697664,-0.2507388565821303,0.018260338432692508,0.4424137069331227,6.578437774817893,-1.184167585006667,-1.0442423033730321,-0.21813400757812748,-1.085284439740659,1.085284439740659,6.578437774817893,3.716659549667816
-60.508753874888136,50.03771703461014,-20,120.79799999959828,-7.900999999599275,90,90,0,0.016852707192647254,-0.21052661494335362,-0.003785547718284127,0.1585308734267469,4.631560459731891,-1.3512913984716952,-0.16292064972815976,-0.19576408596475353,-0.9396022388498786,0.9396022388498786,4.631560459731891,2.792226422742635
-60.508753874888136,55.59746336683808,-20,120.79799999959828,-7.850999999599274,90,90,0,0.01781793660073,-0.18156901615750642,-0.01483567284562562,0.041136173790730646,3.2740727279697017,-1.1294800556207907,0.19030368673163242,-0.15369587206952473,-0.8084076701991054,0.8084076701991054,3.2740727279697017,2.1180367613869864
-60.508753874888136,61.157209699066016,-20,120.79799999959828,-7.8009999995992745,90,90,0,0.01858370708303747,-0.16067691552196978,-0.01952545288910723,0.00008249007378970802,2.3851059278311064,-0.8459237100269399,0.27792795237381174,-0.10785658421634892,-0.7036875669740691,0.7036875669740691,2.3851059278311064,1.6577299381065118
-60.508753874888136,66.71695603129395,-20,120.79799999959828,-7.750999999599275,90,90,0,0.019130646285474673,-0.14521090111667612,-0.02080493877161485,-0.008341399425689407,1.8150360713599811,-0.6039926209771677,0.25379045398600997,-0.06706299371100348,-0.6227768883387568,0.6227768883387568,1.8150360713599811,1.3487913168827492
-60.508753874888136,72.27670236352188,-20,120.79799999959828,-7.700999999599275,90,90,0,0.019446217688051104,-0.13332139433767223,-0.020364073933557603,-0.0043585627337933835,1.4478119325446743,-0.4220520692158588,0.19364256604303642,-0.034447186363814886,-0.5595616558726826,0.5595616558726826,1.4478119325446743,1.1386864288905523
-60.508753874888136,77.83644869574981,-20,120.79799999959828,-7.650999999599275,90,90,0,0.01953831050885685,-0.12379935477105644,-0.01912303092157952,0.003057430699570096,1.2059575090894623,-0.2921687178507429,0.13023771340158155,-0.010075559566214407,-0.5085861684863058,0.5085861684863058,1.2059575090894623,0.9909691721220908
-60.508753874888136,83.39619502797774,-20,120.79799999959828,-7.600999999599275,90,90,0,0.01943027743521611,-0.11587643485106225,-0.017567713368923543,0.010187574259105485,1.0410061281893948,-0.20147760285761698,0.07556286556934039,0.007234469234517979,-0.46593165578029666,0.46593165578029666,1.0410061281893948,0.8823341070560546
-60.508753874888136,88.95594136020567,-20,120.79799999959828,-7.550999999599275,90,90,0,0.019153188627085677,-0.10906752510498163,-0.01594742812667649,0.01571531545512355,0.9234843747836906,-0.13866329471257902,0.03249070806375877,0.01896488132756366,-0.4290284736286619,0.4290284736286619,0.9234843747836906,0.7984222235421382
-60.508753874888136,94.5156876924336,-20,120.79799999959828,-7.500999999599275,90,90,0,0.01873993753231129,-0.10306442875703528,-0.014384657322243755,0.019383863205659317,0.8356384876375796,-0.09520975376269541,0.0003159494875369849,0.026489256462346827,-0.39626193739763643,0.39626193739763643,0.8356384876375796,0.7305173324526684
-60.508753874888136,100.07543402466153,-20,120.79799999959828,-7.450999999599275,90,90,0,0.018221714985704074,-0.09766847077970536,-0.012934601881927688,0.021368811501299746,0.766764972323859,-0.06508831967077781,-0.022792956063673816,0.03094036563815261,-0.3666340575457834,0.3666340575457834,0.766764972323859,0.673340046475327
-60.508753874888136,105.63518035688946,-20,120.79799999959828,-7.400999999599275,90,90,0,0.01762626763843078,-0.09274890160653504,-0.011617231443351805,0.0219895345548694,0.7103661376175963,-0.044140011089926504,-0.038789113828799564,0.033198986481824254,-0.33952650661818484,0.33952650661818484,0.7103661376175963,0.6236729616652233
-60.508753874888136,111.1949266891174,-20,120.79799999959828,-7.350999999599275,90,90,0,0.016977277660006895,-0.08821743889493067,-0.010434509117149438,0.021581306623661995,0.6624549465327292,-0.02952279971920882,-0.049387221963735115,0.033927338661643644,-0.31454819767373665,0.31454819767373665,0.6624549465327292,0.5795301762868283
-55.007958072097935,-111.1949266,-20,120.84799999959827,-9.350999999599274,90,90,0,0.02686934358772508,0.14596621319186692,-0.02428923706408792,0.012779233428059922,1.1422803302904487,-0.0034536261617861266,0.21507566660359015,0.07322553133237356,0.44012069759669553,-0.44012069759669553,1.1422803302904487,0.016791434519484005
-55.007958072097935,-105.63518026777207,-20,120.84799999959827,-9.300999999599275,90,90,0,0.02846994176125181,0.1544862144133174,-0.027777013154635433,0.013216676968867622,1.2361219259814105,-0.01784781421797231,0.2205803386686554,0.07717868126680368,0.47770336308904016,-0.47770336308904016,1.2361219259814105,0.01674540730352403
-55.007958072097935,-100.07543393554414,-20,120.84799999959827,-9.250999999599275,90,90,0,0.030096175246540124,0.16373916833972668,-0.03184324447203968,0.012703065598448917,1.3436077728398481,-0.03940969856782088,0.2210401471832615,0.07997399726305303,0.5181901485082655,-0.5181901485082655,1.3436077728398481,0.019252960627673787
-55.007958072097935,-94.51568760331621,-20,120.84799999959827,-9.200999999599274,90,90,0,0.03172505142169632,0.17385042936739126,-0.03657804065648651,0.01104290322672799,1.4693708373087888,-0.07083912594395075,0.21415034406779218,0.08093769138666451,0.5617755497402002,-0.5617755497402002,1.4693708373087888,0.02597278518331536
-55.007958072097935,-88.95594127108828,-20,120.84799999959827,-9.150999999599275,90,90,0,0.03332662292056485,0.18499010178973235,-0.0420736166356519,0.008202717333900857,1.6202837346935342,-0.1154482949998372,0.19695881141488822,0.07918453997114933,0.6086967170749569,-0.6086967170749569,1.6202837346935342,0.03941677680245681
-55.007958072097935,-83.39619493886035,-20,120.84799999959827,-9.100999999599274,90,90,0,0.034862646471217146,0.19739229335161257,-0.04841430821641024,0.004532341484323327,1.8064454034897086,-0.1768774535804592,0.1657811370558484,0.07359666792184726,0.6592371473746944,-0.6592371473746944,1.8064454034897086,0.06334101402118908
-55.007958072097935,-77.83644860663242,-20,120.84799999959827,-9.050999999599275,90,90,0,0.03628482503505992,0.21138057135382643,-0.05565922761925035,0.001164460657654548,2.0423875674952994,-0.2582010751180094,0.11610117691282668,0.06283590586846104,0.7136924959272118,-0.7136924959272118,2.0423875674952994,0.10326253107090799
-55.007958072097935,-72.27670227440449,-20,120.84799999959827,-9.000999999599275,90,90,0,0.037532096208090865,0.22739852980814157,-0.06381456243186695,0.0007065860563364168,2.3482593578268496,-0.35978557027856983,0.042351687106272,0.04542583506181419,0.772237417379055,-0.772237417379055,2.3482593578268496,0.16706632575168479
-55.007958072097935,-66.71695594217655,-20,120.84799999959827,-8.950999999599276,90,90,0,0.03852580916547618,0.24603946460372772,-0.0727923191280771,0.008391762097106348,2.750254890247578,-0.4747578788592582,-0.06268773111898832,0.019964305276036105,0.8345763512434542,-0.8345763512434542,2.750254890247578,0.2655256048555771
-55.007958072097935,-61.157209609948616,-20,120.84799999959827,-8.900999999599275,90,90,0,0.03916062921680036,0.26805775214770694,-0.08235144909413261,0.033896349490615055,3.278441999033108,-0.580164724066678,-0.20926683186849931,-0.014431723299317849,0.8991874091135333,-0.8991874091135333,3.278441999033108,0.41218939049970993
-55.007958072097935,-55.59746327772068,-20,120.84799999959827,-8.850999999599274,90,90,0,0.03928788097833916,0.29431995773369063,-0.09200953930583461,0.09396135592126273,3.9577856151542257,-0.620877326892606,-0.41258467094037293,-0.05727730814294922,0.961932426589206,-0.961932426589206,3.9577856151542257,0.6211818194724843
-55.007958072097935,-50.03771694549274,-20,120.84799999959827,-8.800999999599275,90,90,0,0.03868827087031326,0.32560468554901073,-0.1008738526602253,0.21534204779836058,4.783663111819775,-0.48301992825513135,-0.6907134564492813,-0.10519841239525195,1.0140094074249817,-1.0140094074249817,4.783663111819775,0.8994558373029287
-55.007958072097935,-44.4779706132648,-20,120.84799999959827,-8.750999999599275,90,90,0,0.03703710425227594,0.3620826859504247,-0.1071936791202901,0.4349315293281356,5.668708460813142,0.03857903205652184,-1.0370881677598995,-0.14948892099150343,1.0401574253152333,-1.0401574253152333,5.668708460813142,1.2273259590100236
-55.007958072097935,-38.91822428103686,-20,120.84799999959827,-8.700999999599276,90,90,0,0.03388652408228637,0.4023137942506408,-0.10703102223521138,0.7851039145940109,6.370465051549479,1.2208595220189127,-1.3038126238687242,-0.1732971746997214,1.0202813847188714,-1.0202813847188714,6.370465051549479,1.52790463590092
-55.007958072097935,-33.358477948808925,-20,120.84799999959827,-8.650999999599275,90,90,0,0.028731483793283552,0.44239073024575776,-0.09097521449302087,1.2359131733832374,6.5758937586383315,3.0734105809304504,-0.9417446515058738,-0.15202856667349432,0.9399001471378943,-0.939900147137894,6.5758937586383315,1.6904573563174385
-55.007958072097935,-27.798731616580987,-20,120.84799999959827,-8.600999999599274,90,90,0,0.0212496552304004,0.4789374320221698,-0.04054384288167967,1.5938020685859822,6.600202708658525,4.283942177987082,0.844201844287711,-0.06505704078930384,0.8091752016899247,-0.8091752016899246,6.600202708658525,1.8309058817734858
-55.007958072097935,-22.23898528435305,-20,120.84799999959827,-8.550999999599275,90,90,0,0.011684417678437586,0.5188274691522684,0.06172522232991784,1.5746842370828507,7.7103643912479845,2.3527383671985675,3.1076019369185315,0.07882726277519962,0.6694489208621441,-0.6694489208621442,7.7103643912479845,2.4146968356370495
-55.007958072097935,-16.67923895212511,-20,120.84799999959827,-8.500999999599275,90,90,0,0.001054747883047269,0.5758983337139174,0.20360030809177332,1.2260812840710564,9.430556789916205,-1.877138737937225,3.0626458243433405,0.2265864389110273,0.561608225062606,-0.5616082250626061,9.430556789916205,3.210614490903876
-55.007958072097935,-11.119492619897173,-20,120.84799999959827,-8.450999999599276,90,90,0,-0.009130259823661335,0.6484642407019284,0.35016049771413765,0.9096520447526869,9.947163819517495,-4.786401275111864,0.9462260883758727,0.30765022694345234,0.48563767046690304,-0.48563767046690304,9.947163819517495,3.4932278573400954
-55.007958072097935,-5.559746287669236,-20,120.84799999959827,-8.400999999599275,90,90,0,-0.017432145924101028,0.724179432461274,0.48206215656499024,0.8027551493673574,9.518455721118672,-5.619034167128157,-1.198042028531172,0.2805061092816991,0.40908402173413566,-0.40908402173413555,9.518455721118672,3.3982982667133337
-55.007958072097935,0.00000004455870161734765,-20,120.84799999959827,-8.350999999599274,90,90,0,-0.02281982255211884,0.7972730151302602,0.5994661760843796,0.8769866069376786,9.235092336367764,-5.424329585752461,-2.5901107927924447,0.1525860311854271,0.30868680780235336,-0.30868680780235314,9.235092336367764,3.3853501267447523
-55.007958072097935,5.559746376786639,-20,120.84799999959827,-8.300999999599275,90,90,0,-0.024701761121021876,0.8701617062759743,0.7098332739585613,1.107598234965735,9.823216154860296,-4.95957148395609,-3.133533147421135,-0.030106194028409344,0.18905869106831677,-0.18905869106831652,9.823216154860296,3.740227770875802
-55.007958072097935,11.119492709014576,-20,120.84799999959827,-8.250999999599275,90,90,0,-0.022934895572304936,-0.6490407711580217,-0.17457193949063737,1.6174911744500913,11.722841501346966,-4.144832261088077,-2.2786864301052834,-0.20462988598864806,0.06409410294863985,-0.06409410294863961,11.722841501346966,4.625042497590147
-55.007958072097935,16.679239041242514,-20,120.84799999959827,-8.200999999599274,90,90,0,-0.0179980198553146,-0.5585155779053976,-0.03823623881310162,2.7804135090519813,13.708965325314328,-0.3549585774906434,1.1172088922442107,-0.3185337165103257,-0.07303937387672549,0.07303937387672559,13.708965325314328,5.556625504002457
-55.007958072097935,22.238985373470452,-20,120.84799999959827,-8.150999999599275,90,90,0,-0.011151968265003032,-0.48340358814403606,0.10889863898131968,4.448335325424686,11.221400021465824,10.007786914512984,2.1234996473513825,-0.3587476977337249,-0.2459290468068638,0.24592904680686395,11.221400021465824,4.734489055393193
-55.007958072097935,27.79873170569839,-20,120.84799999959827,-8.100999999599274,90,90,0,-0.004097361266234917,-0.4418840051392636,0.16393465230019638,4.410232226236936,10.214172284488772,11.602257757533126,-4.199673394739071,-0.3538100479873572,-0.4428116395248665,0.4428116395248671,10.214172284488772,4.528480553320375
-55.007958072097935,33.358478037926325,-20,120.84799999959827,-8.050999999599275,90,90,0,0.0018940442480017694,-0.38718833589130924,0.11988165774468329,2.7868229630819883,10.960087451537445,4.378640830215302,-4.974378089938476,-0.3344147630854339,-0.6020959082462306,0.6020959082462312,10.960087451537445,4.98613088886121
-55.007958072097935,38.91822437015426,-20,120.84799999959827,-8.000999999599275,90,90,0,0.006470397813564621,-0.3231272302098669,0.062252282095350414,1.415963537620567,9.244090687731216,0.11173391522489173,-2.766180375723306,-0.30614363531057487,-0.6790229145535602,0.6790229145535606,9.244090687731216,4.376659189646047
-55.007958072097935,44.4779707023822,-20,120.84799999959827,-7.950999999599275,90,90,0,0.009874126631484542,-0.2677609961470096,0.021699313439157736,0.6374590574017545,6.881240099117929,-1.298443127117021,-1.0451847274263226,-0.2648348998940848,-0.6830149420277907,0.6830149420277908,6.881240099117929,3.4355109816749625
-55.007958072097935,50.03771703461014,-20,120.84799999959827,-7.900999999599275,90,90,0,0.012439636306813884,-0.22556403319029922,-0.0016852120925603953,0.25442349979252576,4.9127862772444075,-1.459034893208738,-0.14857564466346593,-0.21314343854132553,-0.6479681146298345,0.6479681146298345,4.9127862772444075,2.6130826255275976
-55.007958072097935,55.59746336683808,-20,120.84799999959827,-7.850999999599274,90,90,0,0.0143880536360734,-0.1947529935091096,-0.013533226475149568,0.08223092160832418,3.5143479153401445,-1.2158327932006479,0.21087916021935194,-0.1589978635916624,-0.6008207728670197,0.6008207728670197,3.5143479153401445,2.0065599390030777
-55.007958072097935,61.157209699066016,-20,120.84799999959827,-7.8009999995992745,90,90,0,0.015838074285976583,-0.17226664590268803,-0.018656418882008058,0.012449809659058828,2.5849146400841883,-0.9096384587964526,0.29745767795905387,-0.10943670395207322,-0.5546590684734981,0.5546590684734981,2.5849146400841883,1.5886249245071733
-55.007958072097935,66.71695603129395,-20,120.84799999959827,-7.750999999599275,90,90,0,0.01686064092034925,-0.15546506414599748,-0.02015199551413621,-0.010631280643267835,1.9812807647860513,-0.6489419036034336,0.2688445034423928,-0.06815006258883144,-0.5134572238870451,0.5134572238870451,1.9812807647860513,1.3059695298014655
-55.007958072097935,72.27670236352188,-20,120.84799999959827,-7.700999999599275,90,90,0,0.017512693603684015,-0.14245716916400178,-0.019807919259200946,-0.013938755589898018,1.587825493665729,-0.4529911758249367,0.20348177493115815,-0.035969118961828375,-0.47723885847724207,0.47723885847724207,1.587825493665729,1.1123690559435337
-55.007958072097935,77.83644869574981,-20,120.84799999959827,-7.650999999599275,90,90,0,0.017848944306487757,-0.1319887851740918,-0.018602760494376425,-0.009973112165913428,1.3256813937312153,-0.3131779664226192,0.13543467444424212,-0.01210872146672365,-0.4449252950040427,0.4449252950040427,1.3256813937312153,0.9751978524965288
-55.007958072097935,83.39619502797774,-20,120.84799999959827,-7.600999999599275,90,90,0,0.017923014994784325,-0.12325427690160828,-0.017054954258708177,-0.004278463135230469,1.1448294579556333,-0.215634177431319,0.07712579677295003,0.004851747725435313,-0.41545781395555414,0.41545781395555414,1.1448294579556333,0.8733895971378075
-55.007958072097935,88.95594136020567,-20,120.84799999959827,-7.550999999599275,90,90,0,0.017785500900360407,-0.11574043003791618,-0.01543102471936486,0.000880582047279449,1.014559002204443,-0.1481529665821508,0.031434312628129374,0.016412015708790955,-0.38808835910567874,0.38808835910567874,1.014559002204443,0.793911959987456
-55.007958072097935,94.5156876924336,-20,120.84799999959827,-7.500999999599275,90,90,0,0.017482092214809564,-0.10911846277235579,-0.013862084577804301,0.004748156938623911,0.9162356628555494,-0.10153988067501428,-0.002503270219116289,0.023902574695685092,-0.3623658520245847,0.3623658520245847,0.9162356628555494,0.7288601171668045
-55.007958072097935,100.07543402466153,-20,120.84799999959827,-7.450999999599275,90,90,0,0.017052557891939046,-0.1031746014154582,-0.012407323851362118,0.0072325176705337335,0.8385558156026404,-0.06928384782427757,-0.026712408436729507,0.028408350265808215,-0.3380480028203364,0.3380480028203364,0.8385558156026404,0.6734703290613926
-55.007958072097935,105.63518035688946,-20,120.84799999959827,-7.400999999599275,90,90,0,0.01653052566522578,-0.0977668291174908,-0.011088273753308064,0.00850708229322504,0.7746169773704262,-0.04689390297719152,-0.04332282038438649,0.03077293690419387,-0.3150182228408658,0.3150182228408658,0.7746169773704262,0.6248650137890364
-55.007958072097935,111.1949266891174,-20,120.84799999959827,-7.350999999599275,90,90,0,0.01594378709922828,-0.0927982423342118,-0.009907240987828303,0.008825848251816926,0.7201566123885478,-0.03130306193767745,-0.0541923132839094,0.03163334978749206,-0.29322628852594984,0.29322628852594984,0.7201566123885478,0.5812889334813689
-49.507162269307734,-111.1949266,-20,120.89799999959827,-9.350999999599274,90,90,0,0.02486910910742615,0.15173082733954824,-0.02456665219031584,-0.00599029918855791,1.2166184359155001,-0.004330138810207691,0.22608636571225907,0.06829051377943153,0.4050040017480145,-0.4050040017480145,1.2166184359155001,0.0816433726181856
-49.507162269307734,-105.63518026777207,-20,120.89799999959827,-9.300999999599275,90,90,0,0.026325687800444586,0.16084272385985315,-0.028203886471839135,-0.0066325405219773426,1.318478799198632,-0.019635590772497616,0.23212169849522268,0.07212426725319414,0.4379447741356235,-0.4379447741356235,1.318478799198632,0.08944674554382936
-49.507162269307734,-100.07543393554414,-20,120.89799999959827,-9.250999999599275,90,90,0,0.02779021184705588,0.170751251890282,-0.03245338560792144,-0.008056505170236998,1.4349059433520692,-0.04254814123609732,0.23286552140740094,0.07499273150405114,0.47275743872152626,-0.47275743872152626,1.4349059433520692,0.10120493861930141
-49.507162269307734,-94.51568760331621,-20,120.89799999959827,-9.200999999599274,90,90,0,0.029235479466125563,0.18158914062658588,-0.037410890394213525,-0.010312825763447858,1.570674487456567,-0.07592972213529187,0.2258977218321387,0.07634506648301902,0.5093103014296049,-0.5093103014296049,1.570674487456567,0.11895949355302193
-49.507162269307734,-88.95594127108828,-20,120.89799999959827,-9.150999999599275,90,90,0,0.03062594723838674,0.19353491155465152,-0.04317402369846979,-0.01320080862048781,1.7328245617959863,-0.12328773727210074,0.20813580008218566,0.07547836955604224,0.5473930110497678,-0.5473930110497678,1.7328245617959863,0.14573681366862679
-49.507162269307734,-83.39619493886035,-20,120.89799999959827,-9.100999999599274,90,90,0,0.03191592070106547,0.20683210517711859,-0.049831309544083435,-0.01598958784624266,1.9316311749566262,-0.18847218057556933,0.1757692261136862,0.07153937176048057,0.5866766294509541,-0.5866766294509541,1.9316311749566262,0.18597584053169636
-49.507162269307734,-77.83644860663242,-20,120.89799999959827,-9.050999999599275,90,90,0,0.03304726358795046,0.221814284872479,-0.05744310514634987,-0.016925438039430557,2.18175367337581,-0.2747317482293471,0.12420113939557213,0.06356388422822386,0.6266309527191897,-0.6266309527191897,2.18175367337581,0.24607051663113433
-49.507162269307734,-72.27670227440449,-20,120.89799999959827,-9.000999999599275,90,90,0,0.03394627155889912,0.2389341661743108,-0.06601109260744198,-0.01239548096749303,2.503280835329248,-0.3824661654124833,0.04790649901058519,0.05058528613737369,0.6663576238978103,-0.6663576238978103,2.503280835329248,0.3349547102338891
-49.507162269307734,-66.71695594217655,-20,120.89799999959827,-8.950999999599276,90,90,0,0.034519088687277905,0.25878985279549005,-0.07543267104138673,0.004427788490577872,2.921868449593116,-0.5045049269955166,-0.06003339025076622,0.03185801383687777,0.7042761428621229,-0.7042761428621229,2.921868449593116,0.4644712369751236
-49.507162269307734,-61.157209609948616,-20,120.89799999959827,-8.900999999599275,90,90,0,0.0346448028328791,0.28212919197025443,-0.0854356265982078,0.04564068479608725,3.4660482270785726,-0.6169737007021883,-0.2090749071054015,0.007256870975244207,0.7375950997268865,-0.7375950997268865,3.4660482270785726,0.6488241911045427
-49.507162269307734,-55.59746327772068,-20,120.89799999959827,-8.850999999599274,90,90,0,0.03416561501917234,0.30978844310554937,-0.09548065435567377,0.1313444564963677,4.157489831148484,-0.6628400589402005,-0.41274990822196805,-0.022083595571371777,0.7615716820947197,-0.7615716820947197,4.157489831148484,0.901424250364674
-49.507162269307734,-50.03771694549274,-20,120.89799999959827,-8.800999999599275,90,90,0,0.03287550539111861,0.3424738762182491,-0.10458023029503377,0.2921288929573933,4.985801795900228,-0.5250989770849733,-0.6860208261183997,-0.05287425155099544,0.7688326805653898,-0.7688326805653898,4.985801795900228,1.2254880377947015
-49.507162269307734,-44.4779706132648,-20,120.89799999959827,-8.750999999599275,90,90,0,0.030514970648196832,0.38022342338432313,-0.11083764966432247,0.5671751333738432,5.855719665132909,0.005474681451851219,-1.0172122597656859,-0.07872553095831397,0.749644181819865,-0.7496441818198649,5.855719665132909,1.5926436842332987
-49.507162269307734,-38.91822428103686,-20,120.89799999959827,-8.700999999599276,90,90,0,0.026791578973505287,0.4214035772628853,-0.11011331209965775,0.9849270624470841,6.517972805004253,1.209419028035759,-1.2518226491093403,-0.08997246278082484,0.694788475137084,-0.6947884751370837,6.517972805004253,1.9124006468646173
-49.507162269307734,-33.358477948808925,-20,120.89799999959827,-8.650999999599275,90,90,0,0.0214583667427036,0.4619007477557202,-0.09277320632580077,1.49944271132864,6.660169311076591,3.097375350177518,-0.8365782496801865,-0.07612116725707836,0.6022477735300559,-0.6022477735300558,6.660169311076591,2.061819950900581
-49.507162269307734,-27.798731616580987,-20,120.89799999959827,-8.600999999599274,90,90,0,0.014468413920680712,0.49821310249791906,-0.04020607617647731,1.890781613521297,6.60829435708759,4.355603443389406,1.0170898742551389,-0.0327898761263126,0.48463011791328686,-0.4846301179132868,6.60829435708759,2.158687624921749
-49.507162269307734,-22.23898528435305,-20,120.89799999959827,-8.550999999599275,90,90,0,0.006151110685677308,0.5372126670739547,0.064900801987123,1.8572006245461143,7.638693200564813,2.4851007583898377,3.342202115696189,0.029234998430873127,0.3678712221099888,-0.3678712221099889,7.638693200564813,2.6876060581159367
-49.507162269307734,-16.67923895212511,-20,120.89799999959827,-8.500999999599275,90,90,0,-0.0027335999247197484,0.5927506079430211,0.20980815367202554,1.4586895284819215,9.269772265646878,-1.6661314115203785,3.332459626551932,0.08237192297150865,0.2758072527165442,-0.2758072527165443,9.269772265646878,3.432101653542207
-49.507162269307734,-11.119492619897173,-20,120.89799999959827,-8.450999999599276,90,90,0,-0.011159985358796948,0.6630423860938219,0.3589282532418839,1.0901341999215666,9.679935569507585,-4.480045650778868,1.2224351526106174,0.09497354155501186,0.21425276725509554,-0.21425276725509557,9.679935569507585,3.6577214605479385
-49.507162269307734,-5.559746287669236,-20,120.89799999959827,-8.400999999599275,90,90,0,-0.018117908176428943,0.7356186172087008,0.49243070044218457,0.9537159544993447,9.141387231999824,-5.219276691624383,-0.9324562055905523,0.04956616577596133,0.17291819730992897,-0.17291819730992886,9.141387231999824,3.483636695490001
-49.507162269307734,0.00000004455870161734765,-20,120.89799999959827,-8.350999999599274,90,90,0,-0.022820901117640513,0.8047761572324952,0.6103525902650209,1.0283207450890826,8.777680788358976,-4.963862609152708,-2.342125918676345,-0.04830470946733335,0.13979414530791817,-0.13979414530791798,8.777680788358976,3.371278170035673
-49.507162269307734,5.559746376786639,-20,120.89799999959827,-8.300999999599275,90,90,0,-0.02479135838758939,0.8732714085954602,0.7203516333468358,1.290672728011785,9.342668754073193,-4.497232028820954,-2.9067988505642166,-0.17378583537963635,0.10868126345670759,-0.10868126345670732,9.342668754073193,3.62838623817257
-49.507162269307734,11.119492709014576,-20,120.89799999959827,-8.250999999599275,90,90,0,-0.02391248897298176,-0.6503026670710254,-0.16495321050171408,1.8677346673064308,11.279521597543734,-3.7466766447032374,-2.0766657634910697,-0.29340823562425794,0.07377323823888154,-0.07377323823888131,11.279521597543734,4.438035400778613
-49.507162269307734,16.679239041242514,-20,120.89799999959827,-8.200999999599274,90,90,0,-0.02050520870487374,-0.563726681882873,-0.029737714179171204,3.129038082497998,13.343039841736381,-0.07087104580088725,1.28900080777014,-0.37837572063035957,0.02237830076112007,-0.02237830076111996,13.343039841736381,5.314837635933433
-49.507162269307734,22.238985373470452,-20,120.89799999959827,-8.150999999599275,90,90,0,-0.015345213308424754,-0.4919047192569993,0.1161733803047087,4.889451641384938,10.954031846114917,10.15954504690493,2.2561180678722477,-0.41608728863694533,-0.05883530669878676,0.05883530669878692,10.954031846114917,4.440448045144754
-49.507162269307734,27.79873170569839,-20,120.89799999959827,-8.100999999599274,90,90,0,-0.009465597442163548,-0.4528187306175842,0.16984863222778174,4.877400346230165,10.06310833337769,11.635372038330782,-4.110369919729683,-0.4119901525865807,-0.16563881550926124,0.1656388155092618,10.06310833337769,4.190882148860338
-49.507162269307734,33.358478037926325,-20,120.89799999959827,-8.050999999599275,90,90,0,-0.0037775320837444837,-0.3995087588175352,0.12433526337818535,3.1929612970116854,10.930169996102531,4.328235138088775,-4.917757129223529,-0.37956377588450807,-0.2724604459499729,0.2724604459499734,10.930169996102531,4.644528444390986
-49.507162269307734,38.91822437015426,-20,120.89799999959827,-8.000999999599275,90,90,0,0.0011984740785102588,-0.3358007953974967,0.0653372667555851,1.7147026136608152,9.31015306787628,0.01937404775609336,-2.7245930484760605,-0.33022232056750256,-0.35357747263907036,0.35357747263907063,9.31015306787628,4.077638699789583
-49.507162269307734,44.4779707023822,-20,120.89799999959827,-7.950999999599275,90,90,0,0.005309635522156908,-0.28003509354818146,0.02369806988122053,0.8323491360568595,7.001403778389797,-1.3990188521944071,-1.0078157282250801,-0.2720222572382878,-0.4009890043860375,0.40098900438603763,7.001403778389797,3.201550515741957
-49.507162269307734,50.03771703461014,-20,120.89799999959827,-7.900999999599275,90,90,0,0.008595965257070376,-0.23704030905719886,-0.0004279797450550127,0.3716330251988443,5.0517650692527205,-1.5484131767831588,-0.1136208112535975,-0.21183425525717414,-0.4213069254419564,0.4213069254419564,5.0517650692527205,2.4420129531430446
-49.507162269307734,55.59746336683808,-20,120.89799999959827,-7.850999999599274,90,90,0,0.011153859029947255,-0.20529622913569853,-0.012720747392536563,0.14840628172201137,3.65189399746135,-1.2869612593523085,0.24138112662970332,-0.1554679010286157,-0.4247154380039196,0.4247154380039196,3.65189399746135,1.8854730369884596
-49.507162269307734,61.157209699066016,-20,120.89799999959827,-7.8009999995992745,90,90,0,0.013081837587415518,-0.1818834561050171,-0.01807943004393356,0.04713495946050507,2.7125655949357323,-0.9626665650757356,0.3216669128576729,-0.10671150410740242,-0.4188190115416395,0.4188190115416395,2.7125655949357323,1.5038452495159325
-49.507162269307734,66.71695603129395,-20,120.89799999959827,-7.750999999599275,90,90,0,0.014470464821089851,-0.16422011896971317,-0.01968138042292855,0.005117650315750663,2.0968953671627006,-0.6869457678175936,0.286296296660634,-0.06709931256473312,-0.40787382978008835,0.40787382978008835,2.0968953671627006,1.2466319766451686
-49.507162269307734,72.27670236352188,-20,120.89799999959827,-7.700999999599275,90,90,0,0.015403448792505992,-0.15043034419799273,-0.019372108267186827,-0.00949230994101151,1.6918602416130808,-0.47958225970739843,0.21479396312047155,-0.0364731982981787,-0.39395708108068345,0.39395708108068345,1.6918602416130808,1.0707011777259159
-49.507162269307734,77.83644869574981,-20,120.89799999959827,-7.650999999599275,90,90,0,0.01595835320447128,-0.1392576416219423,-0.018166398954510887,-0.012259963807490643,1.4193534476820284,-0.3315112639145372,0.14173074808918723,-0.013745873117860245,-0.37808941829432036,0.37808941829432036,1.4193534476820284,0.9458307973671318
-49.507162269307734,83.39619502797774,-20,120.89799999959827,-7.600999999599275,90,90,0,0.01620586433917784,-0.1298886869490273,-0.016603546302342675,-0.01055048238439639,1.2293955634846188,-0.22815391387152162,0.07961527329220092,0.002504460018544499,-0.36087023022756354,0.36087023022756354,1.2293955634846188,0.852628455621411
-49.507162269307734,88.95594136020567,-20,120.89799999959827,-7.550999999599275,90,90,0,0.01620877251882552,-0.12180201969818583,-0.014961204651878557,-0.007698613307950339,1.0911046497966108,-0.15664198765287643,0.03119786021309034,0.013683876946733491,-0.3427494985748319,0.3427494985748319,1.0911046497966108,0.7791913584934762
-49.507162269307734,94.5156876924336,-20,120.89799999959827,-7.500999999599275,90,90,0,0.016021415251652016,-0.11466155922529989,-0.013375905167099855,-0.0050940046227814645,0.9856556945980628,-0.10725735481540402,-0.004589247588704407,0.02102122054385219,-0.3241160611672045,0.3241160611672045,0.9856556945980628,0.7183783390064296
-49.507162269307734,100.07543402466153,-20,120.89799999959827,-7.450999999599275,90,90,0,0.015689734597960747,-0.10824741148319439,-0.011909085409365971,-0.00321060894156764,0.9015895344660005,-0.07310389267341864,-0.029978050728919785,0.025519616647958925,-0.3053140915089999,0.3053140915089999,0.9015895344660005,0.6659499052954001
-49.507162269307734,105.63518035688946,-20,120.89799999959827,-7.400999999599275,90,90,0,0.015251813057250041,-0.10241245423117828,-0.010582856519920025,-0.002111001519057524,0.831888273783815,-0.049418082775792994,-0.04727667625604321,0.02796444862032355,-0.2866396566818361,0.2866396566818361,0.831888273783815,0.6193949661953622
-49.507162269307734,111.1949266891174,-20,120.89799999959827,-7.350999999599275,90,90,0,0.014738689036037866,-0.09705546434713508,-0.0093992887065949,-0.0016907421335675236,0.7722053997328648,-0.03294382165600013,-0.05848526791651728,0.028954022099491463,-0.26833644663221157,0.26833644663221157,0.7722053997328648,0.5772186065253575
-44.006366466517534,-111.1949266,-20,120.94799999959828,-9.350999999599274,90,90,0,0.022630651164827736,0.15698446287049456,-0.024787382691428106,-0.02166496202205312,1.2830589021445384,-0.005007999475029502,0.23631956221145806,0.06261808902979209,0.36577708808720216,-0.36577708808720216,1.2830589021445384,0.14744647277061323
-44.006366466517534,-105.63518026777207,-20,120.94799999959828,-9.300999999599275,90,90,0,0.02392731242181531,0.1666218389607289,-0.028558396570939282,-0.022660602870881973,1.391393257521491,-0.021073293792004743,0.24290677373832856,0.06625991491418076,0.39387168683127155,-0.39387168683127155,1.391393257521491,0.16268561617732485
-44.006366466517534,-100.07543393554414,-20,120.94799999959828,-9.250999999599275,90,90,0,0.0252155954447697,0.17710572331757746,-0.03297059003029623,-0.024068671403504882,1.5147802403305253,-0.045103650569344206,0.2440224605783643,0.06911769452317763,0.4229017667249702,-0.4229017667249702,1.5147802403305253,0.18301032940724
-44.006366466517534,-94.51568760331621,-20,120.94799999959828,-9.200999999599274,90,90,0,0.026465417082036174,0.18857213448494076,-0.03812378781341075,-0.025744992928927388,1.6579823272402867,-0.0800858507262148,0.2371703558471426,0.07075210007428927,0.45248331460182245,-0.45248331460182245,1.6579823272402867,0.2107096162942923
-44.006366466517534,-88.95594127108828,-20,120.94799999959828,-9.150999999599275,90,90,0,0.027637661097066724,0.20120249812827162,-0.04411907779289814,-0.027200782726089362,1.8279955618432744,-0.12967351440293,0.21919362934220724,0.07061882500869712,0.482079232522316,-0.482079232522316,1.8279955618432744,0.24911899221499378
-44.006366466517534,-83.39619493886035,-20,120.94799999959828,-9.100999999599274,90,90,0,0.028682283208593867,0.21524236931338708,-0.051046834422287746,-0.027276856274745038,2.034985614581283,-0.19786812711733037,0.18623269630060782,0.06808250699315005,0.5109459059505698,-0.5109459059505698,2.034985614581283,0.30304833988194346
-44.006366466517534,-77.83644860663242,-20,120.94799999959828,-9.050999999599275,90,90,0,0.0295360821676528,0.23102545401425734,-0.05896604249346871,-0.023583887320024616,2.293371326878747,-0.2880369569951513,0.13371020790768456,0.062464553194646555,0.538049462228054,-0.538049462228054,2.293371326878747,0.37929906852344475
-44.006366466517534,-72.27670227440449,-20,120.94799999959828,-9.000999999599275,90,90,0,0.030120040054107844,0.2490008930906612,-0.0678713347413652,-0.01157939490563989,2.622749263890063,-0.4005916700058376,0.05626183970233905,0.0531465049404457,0.5619341051648041,-0.5619341051648041,2.622749263890063,0.48716560039122103
-44.006366466517534,-66.71695594217655,-20,120.94799999959828,-8.950999999599276,90,90,0,0.030336146850821782,0.2697562327630016,-0.07764385626588649,0.016875822309655106,3.047833696962707,-0.5281450063591334,-0.052617153871731735,0.039754881375652015,0.5805269653001414,-0.5805269653001414,3.047833696962707,0.6386065134849416
-44.006366466517534,-61.157209609948616,-20,120.94799999959828,-8.900999999599275,90,90,0,0.0300638362866551,0.29401649838105365,-0.08798122200039227,0.07559615629188902,3.595493921244361,-0.6462065569807647,-0.20155933000492773,0.022449348466053558,0.5908905333787496,-0.5908905333787496,3.595493921244361,0.847307035118995
-44.006366466517534,-55.59746327772068,-20,120.94799999959828,-8.850999999599274,90,90,0,0.0291569385857679,0.322575469890686,-0.09829440514213261,0.18660417028397625,4.284763956277353,-0.6965463554707763,-0.40267785678963935,0.0023091629534448253,0.58901838449028,-0.58901838449028,4.284763956277353,1.1248871980206614
-44.006366466517534,-50.03771694549274,-20,120.94799999959828,-8.800999999599275,90,90,0,0.02744403319744826,0.3560694787937509,-0.10752129102751967,0.38187065744334153,5.101700921636268,-0.5602936874376984,-0.6687930266622406,-0.01826486979670852,0.5699498044486894,-0.5699498044486894,5.101700921636268,1.4707305642058182
-44.006366466517534,-44.4779706132648,-20,120.94799999959828,-8.750999999599275,90,90,0,0.02473881030033251,0.3944363472352944,-0.11366420918944081,0.6997565006490489,5.947474020898909,-0.02587798724601841,-0.9855466504339108,-0.0353838776585079,0.5287225767780966,-0.5287225767780965,5.947474020898909,1.8502670315814673
-44.006366466517534,-38.91822428103686,-20,120.94799999959828,-8.700999999599276,90,90,0,0.020871481550301885,0.43592448057998123,-0.11246629140825071,1.1632313301056334,6.571365810854319,1.189472207960087,-1.1962242403159176,-0.04424892154213146,0.4627134056602356,-0.4627134056602355,6.571365810854319,2.165832918681492
-44.006366466517534,-33.358477948808925,-20,120.94799999959828,-8.650999999599275,90,90,0,0.015751852850270837,0.4763183678176827,-0.09419373538166925,1.714857720615106,6.6640258857339845,3.0977594705195886,-0.7480880824633434,-0.04111140901557245,0.3750928325084672,-0.37509283250846703,6.6640258857339845,2.290517521785127
-44.006366466517534,-27.798731616580987,-20,120.94799999959828,-8.600999999599274,90,90,0,0.009458920215168892,0.5120723238178861,-0.040216493695478805,2.120812316527407,6.55830779615356,4.385504513564731,1.1416258359258764,-0.026621463203631103,0.2771178564221486,-0.27711785642214853,6.55830779615356,2.346205262039276
-44.006366466517534,-22.23898528435305,-20,120.94799999959828,-8.550999999599275,90,90,0,0.0023182005030664976,0.5500797797804866,0.06664857557007081,2.072880796950363,7.53572818210413,2.5532889197988413,3.495649174772753,-0.008709563422127394,0.18567324215676256,-0.18567324215676265,7.53572818210413,2.8286180306848894
-44.006366466517534,-16.67923895212511,-20,120.94799999959828,-8.500999999599275,90,90,0,-0.005094745024331965,0.6042290963741442,0.21337844286642782,1.639437613620079,9.113981636830243,-1.5525684417222267,3.4990863267459367,-0.001610449991916112,0.11563394698734183,-0.11563394698734195,9.113981636830243,3.5299587077447554
-44.006366466517534,-11.119492619897173,-20,120.94799999959828,-8.450999999599276,90,90,0,-0.01205256659962764,0.6727408659500344,0.3640435937712066,1.2333191339067702,9.469850315071564,-4.31950239997467,1.385699176606328,-0.0197140546800427,0.07293050437265783,-0.07293050437265784,9.469850315071564,3.7150096216559683
-44.006366466517534,-5.559746287669236,-20,120.94799999959828,-8.400999999599275,90,90,0,-0.017829458807547882,0.7431451827718625,0.4985544154224483,1.0718309502400385,8.88100506040054,-5.020699834014449,-0.7830848958720633,-0.06985912803315811,0.05444517407372471,-0.0544451740737246,8.88100506040054,3.4979568500864913
-44.006366466517534,0.00000004455870161734765,-20,120.94799999959828,-8.350999999599274,90,90,0,-0.021833553440738618,0.8098032371664083,0.6168563169369388,1.1409016266742367,8.482684308108006,-4.748613212908614,-2.2098739545988293,-0.14731344594891463,0.052908359803840975,-0.05290835980384077,8.482684308108006,3.3401653634393615
-44.006366466517534,5.559746376786639,-20,120.94799999959828,-8.300999999599275,90,90,0,-0.023689451652151444,0.8756256892323946,0.7266765642414361,1.4195885119019984,9.038034775293115,-4.295095051716492,-2.7899204513084457,-0.23724867787208856,0.060155168320014496,-0.06015516832001423,9.038034775293115,3.555058741797232
-44.006366466517534,11.119492709014576,-20,120.94799999959828,-8.250999999599275,90,90,0,-0.023292519676967827,-0.6505996291448428,-0.15920191712372933,2.035110574524553,10.990577033228835,-3.5873742525593166,-1.9715476956070908,-0.3201306601380941,0.06635831144444879,-0.06635831144444854,10.990577033228835,4.329872501847086
-44.006366466517534,16.679239041242514,-20,120.94799999959828,-8.200999999599274,90,90,0,-0.02084714666323989,-0.5664882798314186,-0.024780536038597645,3.3506745527657373,13.088449160897083,0.025234714659144005,1.3848225245504,-0.37864637883308533,0.059336540831649943,-0.05933654083164982,13.088449160897083,5.176043123527184
-44.006366466517534,22.238985373470452,-20,120.94799999959828,-8.150999999599275,90,90,0,-0.016852703674254094,-0.4968262233502868,0.12024098380008669,5.161634376044456,10.746986343071562,10.187449202650445,2.3423434002618,-0.4035077634104906,0.02889103591966116,-0.028891035919660985,10.746986343071562,4.269903501308964
-44.006366466517534,27.79873170569839,-20,120.94799999959828,-8.100999999599274,90,90,0,-0.011988934526128758,-0.4594848898053222,0.1730059938766007,5.170302903552059,9.915302619450433,11.605435484248439,-4.035107377326944,-0.39523150515117594,-0.02572611838526532,0.02572611838526588,9.915302619450433,3.991847166165439
-44.006366466517534,33.358478037926325,-20,120.94799999959828,-8.050999999599275,90,90,0,-0.006924755498652457,-0.40739826590856776,0.12662882705044493,3.4651200818205083,10.848165965809498,4.260609582333422,-4.853016002183544,-0.36121036172397153,-0.0939734757658581,0.0939734757658586,10.848165965809498,4.433239862089658
-44.006366466517534,38.91822437015426,-20,120.94799999959828,-8.000999999599275,90,90,0,-0.002158279420821946,-0.3443583885286816,0.06689072372338412,1.9366542444489607,9.288752180582305,-0.06404068850344831,-2.668372769345577,-0.3111253534804164,-0.16127499279858476,0.16127499279858504,9.288752180582305,3.876775865031507
-44.006366466517534,44.4779707023822,-20,120.94799999959828,-7.950999999599275,90,90,0,0.002030151756121673,-0.28878172672949015,0.02469265787892727,0.9961109381530043,7.025439978506086,-1.4811330412873889,-0.9588262164612702,-0.2539491822914496,-0.21750848961934624,0.21750848961934635,7.025439978506086,3.0276844810217813
-44.006366466517534,50.03771703461014,-20,120.94799999959828,-7.900999999599275,90,90,0,0.005532970002305071,-0.245637553035232,0.00019921884265822198,0.4842314171598386,5.104042076616417,-1.61950784067728,-0.07198728609233629,-0.1967966796689243,-0.2593488687837442,0.25934886878374425,5.104042076616417,2.300965699430311
-44.006366466517534,55.59746336683808,-20,120.94799999959828,-7.850999999599274,90,90,0,0.00834686824165451,-0.21354279013783947,-0.012299919147616162,0.22202495154699955,3.718880725888888,-1.3436710276698065,0.2750799314441049,-0.1445599129094533,-0.28779405297720256,0.28779405297720256,3.718880725888888,1.7753463433327579
-44.006366466517534,61.157209699066016,-20,120.94799999959828,-7.8009999995992745,90,90,0,0.010521497791153855,-0.1896776116388451,-0.017750807267302215,0.09321701833200198,2.7855961512524487,-1.0055257624906193,0.3473385353546676,-0.09992501941947274,-0.3052578328637341,0.3052578328637341,2.7855961512524487,1.4194962933647137
-44.006366466517534,66.71695603129395,-20,120.94799999959828,-7.750999999599275,90,90,0,0.012130034344562723,-0.17152109725216375,-0.019374700063301192,0.03244743126825926,2.171039529416867,-0.7182010362883594,0.30456491329497437,-0.06375572560016977,-0.31408614848883676,0.31408614848883676,2.171039529416867,1.1825019602555837
-44.006366466517534,72.27670236352188,-20,120.94799999959828,-7.700999999599275,90,90,0,0.013253541687515413,-0.15723117194197275,-0.019049977613445956,0.005259244432497465,1.7644756036038565,-0.5018414625069365,0.226773254770034,-0.03568681582581423,-0.3161816695831336,0.3161816695831336,1.7644756036038565,1.0219719110246763
-44.006366466517534,77.83644869574981,-20,120.94799999959828,-7.650999999599275,90,90,0,0.013972402178793725,-0.14556915372732537,-0.017812822918686966,-0.0059024843991238585,1.4890543454878011,-0.3471118847460334,0.1487073319921865,-0.014698887820896853,-0.3130544675588606,0.3130544675588606,1.4890543454878011,0.908676205753981
-44.006366466517534,83.39619502797774,-20,120.94799999959828,-7.600999999599275,90,90,0,0.014361492375709689,-0.13573089102655556,-0.016215027470056098,-0.009778475849021584,1.2954638576486341,-0.23896372343906497,0.08281896104380035,0.0004579357606882704,-0.30593475456554065,0.30593475456554065,1.2954638576486341,0.8241202976249943
-44.006366466517534,88.95594136020567,-20,120.94799999959828,-7.550999999599275,90,90,0,0.014487655059650828,-0.12719955019286244,-0.014540778378810904,-0.010618885450062107,1.153186275811901,-0.1640643591249112,0.031684809827038224,0.011009952697715649,-0.29584726388551036,0.29584726388551036,1.153186275811901,0.7571217742102707
-44.006366466517534,94.5156876924336,-20,120.94799999959828,-7.500999999599275,90,90,0,0.014408702141091856,-0.11964122690511994,-0.0129295011966859,-0.010417289115522733,1.043609176121617,-0.11231017305655207,-0.005971538905739816,0.018036815551098383,-0.28364873805973295,0.28364873805973295,1.043609176121617,0.7010924085083798
-44.006366466517534,100.07543402466153,-20,120.94799999959828,-7.450999999599275,90,90,0,0.014173417151089218,-0.11283680208580935,-0.011443471495967639,-0.010048742841726327,0.9554076406215815,-0.07651037468500002,-0.03258052974030592,0.022430758885016402,-0.2700476526098318,0.2700476526098318,0.9554076406215815,0.6522107088584644
-44.006366466517534,105.63518035688946,-20,120.94799999959828,-7.400999999599275,90,90,0,0.013822155026850358,-0.10663906864913186,-0.010104567644226958,-0.009846080410744543,0.8816535084026614,-0.05168598747141445,-0.05061928564801739,0.02489980224219102,-0.2556188809341391,0.2556188809341391,0.8816535084026614,0.6082802842952038
-44.006366466517534,111.1949266891174,-20,120.94799999959828,-7.350999999599275,90,90,0,0.013387747526122262,-0.10094616119473027,-0.008914133956671233,-0.00989017511747469,0.8180614919070681,-0.034427266993846295,-0.06222302166458365,0.025990414246576332,-0.24081838686907667,0.24081838686907667,0.8180614919070681,0.568042983631904
-38.50557066372733,-111.1949266,-20,120.99799999959828,-9.350999999599274,90,90,0,0.020188974362561424,0.16167685476989674,-0.0249475679161536,-0.034267703282324716,1.3411509897594047,-0.005497885913329881,0.24564441134707166,0.05627087011508444,0.32349976153614757,-0.32349976153614757,1.3411509897594047,0.21296063436761437
-38.50557066372733,-105.63518026777207,-20,120.99799999959828,-9.300999999599275,90,90,0,0.02131681006726377,0.17177043096252137,-0.028836151276153577,-0.0350011248039369,1.4544976189610381,-0.02217675342015338,0.2527811843552682,0.05964357774305812,0.34681770534064477,-0.34681770534064477,1.4544976189610381,0.23498134224377049
-38.50557066372733,-100.07543393554414,-20,120.99799999959828,-9.250999999599275,90,90,0,0.022423031255760367,0.18274768388081303,-0.03339014828031128,-0.035639168399400414,1.5830262517206382,-0.047102553847558654,0.2543208014560286,0.06239291310455698,0.3703064365204225,-0.3703064365204225,1.5830262517206382,0.26290406416783285
-38.50557066372733,-94.51568760331621,-20,120.99799999959828,-9.200999999599274,90,90,0,0.023476396020096574,0.19474470229314306,-0.038712170077833896,-0.03582462336052202,1.7313833263005272,-0.08335411960945112,0.24771977450820673,0.06417459061855756,0.3934203581793872,-0.3934203581793872,1.7313833263005272,0.29913297234082376
-38.50557066372733,-88.95594127108828,-20,120.99799999959828,-9.150999999599275,90,90,0,0.024436654186588885,0.20794169349042185,-0.044905245587717024,-0.03477491521028186,1.9063898660476126,-0.13468927951631468,0.22978448791734812,0.06457335364669389,0.415430853357792,-0.415430853357792,1.9063898660476126,0.3471250930612531
-38.50557066372733,-83.39619493886035,-20,120.99799999959828,-9.100999999599274,90,90,0,0.02525286188870801,0.22258103528663697,-0.05205994491210042,-0.0309272945272044,2.117946258125093,-0.2052124683572721,0.19665071562336559,0.06312067990153944,0.43538023040764195,-0.43538023040764195,2.117946258125093,0.41179827284239534
-38.50557066372733,-77.83644860663242,-20,120.99799999959828,-9.050999999599275,90,90,0,0.02586160489624098,0.23899025920016115,-0.060232345277396515,-0.0213455750086642,2.3800661420553797,-0.29836432848140165,0.14380457221463172,0.05933866949651379,0.4520236797672048,-0.4520236797672048,2.3800661420553797,0.5000027770549471
-38.50557066372733,-72.27670227440449,-20,120.99799999959828,-9.000999999599275,90,90,0,0.0261852556755566,0.2576077479508635,-0.06940914405094156,-0.0007691736775610608,2.711727800862,-0.41455016477860407,0.06606709859866171,0.05282232646426156,0.4637596327233506,-0.4637596327233506,2.711727800862,0.6209314876214493
-38.50557066372733,-66.71695594217655,-20,120.99799999959828,-8.950999999599276,90,90,0,0.02613054592099459,0.27900340207371427,-0.07945599998220088,0.03982509124238601,3.136722004670322,-0.5462200827561273,-0.042688072831658715,0.043370427848676646,0.4685600974412136,-0.4685600974412136,3.136722004670322,0.7861287044269154
-38.50557066372733,-61.157209609948616,-20,120.99799999959828,-8.900999999599275,90,90,0,0.025588090214426124,0.3038747129375465,-0.09004454655082172,0.11520212550998284,3.6806112382076295,-0.668467195030989,-0.19044560216195267,0.031163804587367942,0.46394118880753055,-0.46394118880753055,3.6806112382076295,1.0083033064755211
-38.50557066372733,-55.59746327772068,-20,120.99799999959828,-8.850999999599274,90,90,0,0.0244342184681291,0.33297494380415116,-0.10054654054602152,0.24810168019624518,4.360765952563563,-0.7222995764399438,-0.388356371403872,0.01696057228348026,0.44706982965629866,-0.44706982965629866,4.360765952563563,1.2972365513691266
-38.50557066372733,-50.03771694549274,-20,120.99799999959828,-8.800999999599275,90,90,0,0.02253770766906682,0.36688551936876673,-0.10984633013707112,0.4703484301982346,5.16151814607875,-0.5877116935489909,-0.6480335900407245,0.002221488565923866,0.41517872121263066,-0.41517872121263055,5.16151814607875,1.6494285372188697
-38.50557066372733,-44.4779706132648,-20,120.99799999959828,-8.750999999599275,90,90,0,0.019775511029475334,0.40547853539165474,-0.11588166967992442,0.8183169218897426,5.982976953996935,-0.0517407475321287,-0.9539920803941597,-0.011002076138896174,0.3664952591544371,-0.366495259154437,5.982976953996935,2.026695522444337
-38.50557066372733,-38.91822428103686,-20,120.99799999959828,-8.700999999599276,90,90,0,0.016062039898970537,0.4469379088707653,-0.11433168552960327,1.3102421130627784,6.575072318044074,1.1697339971365208,-1.1491883699781444,-0.020642369865293587,0.30172257691398596,-0.30172257691398585,6.575072318044074,2.3283063503036443
-38.50557066372733,-33.358477948808925,-20,120.99799999959828,-8.650999999599275,90,90,0,0.011393055259760199,0.48700463316454795,-0.09542228127821345,1.8815041351206057,6.63139371909151,3.0896130321891224,-0.682348415975833,-0.02577532001917657,0.2255703372027356,-0.22557033720273542,6.63139371909151,2.426987150433869
-38.50557066372733,-27.798731616580987,-20,120.99799999959828,-8.600999999599274,90,90,0,0.005895064339746736,0.5221273741371,-0.04053825900590324,2.291425927466694,6.4889938534809986,4.394516807698396,1.2255062605460845,-0.02805764386152891,0.1471079883708947,-0.14710798837089464,6.4889938534809986,2.448489553021505
-38.50557066372733,-22.23898528435305,-20,120.99799999959828,-8.550999999599275,90,90,0,-0.00014241277536880537,0.5592292769588638,0.06740997612865496,2.2298057758076673,7.432343676799058,2.584064949585658,3.592080446661515,-0.032467316770316494,0.0777339782232861,-0.07773397822328618,7.432343676799058,2.895203492496337
-38.50557066372733,-16.67923895212511,-20,120.99799999959828,-8.500999999599275,90,90,0,-0.006277853517202864,0.6122398202012813,0.2152354353637958,1.77035033013505,8.979517837308833,-1.4978328494413558,3.598930659844561,-0.04619076345669892,0.027201780118965402,-0.027201780118965516,8.979517837308833,3.5646053548045677
-38.50557066372733,-11.119492619897173,-20,120.99799999959828,-8.450999999599276,90,90,0,-0.011979621336922097,0.6794110915328525,0.36682258287636643,1.3358249487701952,9.307043359881403,-4.242835142990814,1.4799904309505434,-0.07555706635296576,0.0002227014809844579,-0.0002227014809844667,9.307043359881403,3.7225946424715772
-38.50557066372733,-5.559746287669236,-20,120.99799999959828,-8.400999999599275,90,90,0,-0.016716969928075753,0.748300907575707,0.5019378641125815,1.1527181536278035,8.694515807184322,-4.929701575887956,-0.6997450047880488,-0.1225780469876514,-0.004147252312794724,0.004147252312794837,8.694515807184322,3.4819535751865236
-38.50557066372733,0.00000004455870161734765,-20,120.99799999959828,-8.350999999599274,90,90,0,-0.020047226104553922,0.8133164938626093,0.6204674621499526,1.21253121609474,8.281085342659722,-4.656046278175686,-2.138177381168083,-0.18314471389743753,0.009082042786464564,-0.00908204278646436,8.281085342659722,3.3033520942774244
-38.50557066372733,5.559746376786639,-20,120.99799999959828,-8.300999999599275,90,90,0,-0.021681639705168898,0.8774404708424907,0.730167638221704,1.496761001172137,8.832821017159015,-4.21619946490907,-2.7268652050939264,-0.24780490850168238,0.03236422670255845,-0.032364226702558195,8.832821017159015,3.5007641801610476
-38.50557066372733,11.119492709014576,-20,120.99799999959828,-8.250999999599275,90,90,0,-0.021530218211505858,-0.6504587975307952,-0.15608916807015866,2.1324636603572764,10.792991524664721,-3.5357141231105302,-1.912590146979873,-0.3046496878658871,0.05620280469128754,-0.05620280469128729,10.792991524664721,4.260993805174601
-38.50557066372733,16.679239041242514,-20,120.99799999959828,-8.200999999599274,90,90,0,-0.019723840073776505,-0.5679298022250877,-0.022194273340219173,3.4784307390816473,12.90734665133907,0.04177178630765204,1.4434097844138662,-0.3431035100910686,0.07017049280053701,-0.07017049280053689,12.90734665133907,5.092768167735091
-38.50557066372733,22.238985373470452,-20,120.99799999959828,-8.150999999599275,90,90,0,-0.01659774899474059,-0.4997062041576237,0.1222504327321326,5.319822757944703,10.589564676358663,10.168829393463348,2.4019255235951573,-0.35713646923494047,0.06582140438784462,-0.06582140438784445,10.589564676358663,4.17000446615562
-38.50557066372733,27.79873170569839,-20,120.99799999959828,-8.100999999599274,90,90,0,-0.012621733333211482,-0.46360571884114776,0.17446078436609036,5.346350097227019,9.788477647037972,11.558870899425328,-3.9754692915791017,-0.346550488038935,0.04037842650732188,-0.04037842650732131,9.788477647037972,3.8750126323078673
-38.50557066372733,33.358478037926325,-20,120.99799999959828,-8.050999999599275,90,90,0,-0.00829176612673807,-0.41250495191767966,0.1276016754790664,3.639191569503626,10.757294589824301,4.1975070910232155,-4.795374718353347,-0.31595263593035744,-0.0020394423414691323,0.002039442341469649,10.757294589824301,4.304957278271191
-38.50557066372733,38.91822437015426,-20,120.99799999959828,-8.000999999599275,90,90,0,-0.004028896490779088,-0.35015896320084244,0.06748732245664779,2.0912216902837266,9.23480264670553,-0.1320181630619421,-2.6148729193085907,-0.272385536382957,-0.053084035946521765,0.05308403594652205,9.23480264670553,3.7470050946287343
-38.50557066372733,44.4779707023822,-20,120.99799999959828,-7.950999999599275,90,90,0,-0.00012584907712870352,-0.29498964280934825,0.02503190268030725,1.121957367247892,7.00433585794355,-1.545071173136865,-0.9112996296237595,-0.22304144137566195,-0.10438107763979709,0.10438107763979722,7.00433585794355,2.9061154208172177
-38.50557066372733,50.03771703461014,-20,120.99799999959828,-7.900999999599275,90,90,0,0.0032542327783078306,-0.2520094051001718,0.00039215575431827965,0.580239189286048,5.108777699801682,-1.6743579219747389,-0.03174763166028346,-0.17382197507764355,-0.1501563961240296,0.15015639612402962,5.108777699801682,2.1936674760447024
-38.50557066372733,55.59746336683808,-20,120.99799999959828,-7.850999999599274,90,90,0,0.006049628532921708,-0.2198941153538877,-0.012165190598848435,0.29181234458323996,3.7421232476958397,-1.3877578701136208,0.30743563920676376,-0.12875964485165098,-0.1875711850930823,0.1875711850930823,3.7421232476958397,1.6844204841714183
-38.50557066372733,61.157209699066016,-20,120.99799999959828,-7.8009999995992745,90,90,0,0.008266017329640052,-0.19587974002691705,-0.017614329952008928,0.14198803496447096,2.821166031192711,-1.0393534590116702,0.3719762670822597,-0.09004816749716138,-0.21588797521391287,0.21588797521391284,2.821166031192711,1.3443543876909974
-38.50557066372733,66.71695603129395,-20,120.99799999959828,-7.750999999599275,90,90,0,0.009948345939219366,-0.17748973244005795,-0.019201943362066765,0.0652130718949926,2.2142625193126713,-0.743312535040066,0.32225063361385514,-0.05841526938513583,-0.23554863143179294,0.23554863143179292,2.2142625193126713,1.1212536391568615
-38.50557066372733,72.27670236352188,-20,120.99799999959828,-7.700999999599275,90,90,0,0.01116098945890448,-0.1629144099382544,-0.01882550132163363,0.02617390418238833,1.8119843107035292,-0.520047238164697,0.23860735582669956,-0.0336097805280337,-0.2475503772060806,0.24755037720608059,1.8119843107035292,0.9723441014874923
-38.50557066372733,77.83644869574981,-20,120.99799999959828,-7.650999999599275,90,90,0,0.011974886016777625,-0.15093790944837232,-0.01753365917448435,0.006376900457514233,1.5384658587401254,-0.36008573418328627,0.15588028895196118,-0.01484462483396311,-0.2530952793048042,0.2530952793048042,1.5384658587401254,0.8684816228008545
-38.50557066372733,83.39619502797774,-20,120.99799999959828,-7.600999999599275,90,90,0,0.012459728515174656,-0.14077199750967712,-0.01588535911316652,-0.0037225532649073564,1.3451041474486267,-0.24808829585370634,0.08644674584868227,-0.0011230180646531005,-0.25340405281851314,0.25340405281851314,1.3451041474486267,0.7914457117979639
-38.50557066372733,88.95594136020567,-20,120.99799999959828,-7.550999999599275,90,90,0,0.012679622672431945,-0.1319109243093014,-0.014168245621009157,-0.009000933997909376,1.2018912801365271,-0.17041152050194308,0.03272551771762655,0.008558502154771568,-0.24961788024158893,0.24961788024158893,1.2018912801365271,0.7303743922961998
-38.50557066372733,94.5156876924336,-20,120.99799999959828,-7.500999999599275,90,90,0,0.012691033570682436,-0.1240284575430051,-0.01252289537034823,-0.011920889489085845,1.0905869311699992,-0.11667947551104729,-0.006742651815045058,0.01510407231953989,-0.2427492338191355,0.2427492338191355,1.0905869311699992,0.6789840062871352
-38.50557066372733,100.07543402466153,-20,120.99799999959828,-7.450999999599275,90,90,0,0.012542175593801663,-0.11691069523554393,-0.01101142733163446,-0.013703817856463955,1.0001411834160603,-0.07948404554538675,-0.03456237472246485,0.019276655809482634,-0.23366233720558083,0.23366233720558083,1.0001411834160603,0.633718810572005
-38.50557066372733,105.63518035688946,-20,120.99799999959828,-7.400999999599275,90,90,0,0.012273255227806978,-0.11041385075098811,-0.009654905278742909,-0.014937757481511861,0.9238301061996066,-0.053681582951783546,-0.05336094381449533,0.021693086545569087,-0.22307211931767773,0.22307211931767773,0.9238301061996066,0.5926041617975204
-38.50557066372733,111.1949266891174,-20,120.99799999959828,-7.350999999599275,90,90,0,0.011917169124796345,-0.10443815280708443,-0.008453593148908478,-0.015892275043043816,0.8575194693962381,-0.03574135487762693,-0.06539549676153328,0.022837348586560655,-0.21155417701582202,0.21155417701582202,0.8575194693962381,0.5545619647743173
-33.00477486093713,-111.1949266,-20,121.04799999959828,-9.350999999599274,90,90,0,0.01757876347969843,0.16576918594281104,-0.02504453219309999,-0.04401295731541979,1.3907550283966625,-0.005823430444473924,0.25394324165932725,0.04932501558352682,0.2791205128970052,-0.2791205128970052,1.3907550283966625,0.2771814984616599
-33.00477486093713,-105.63518026777207,-20,121.04799999959828,-9.300999999599275,90,90,0,0.018534711481985267,0.17624962886636247,-0.029034515794544524,-0.04402689580502453,1.5078184866608837,-0.022982378577614086,0.26160260091997745,0.05235405475641016,0.2979355973372186,-0.2979355973372186,1.5078184866608837,0.3051917973271349
-33.00477486093713,-100.07543393554414,-20,121.04799999959828,-9.250999999599275,90,90,0,0.019460020691511926,0.18764004727345507,-0.0337099001014024,-0.04336708701536879,1.6399357565356507,-0.04860317744303493,0.2635800019263672,0.054896434856495695,0.31636906303696466,-0.31636906303696466,1.6399357565356507,0.3396052395772957
-33.00477486093713,-94.51568760331621,-20,121.04799999959828,-9.200999999599274,90,90,0,0.020324127170184156,0.20007439107433977,-0.039175088919133905,-0.04147163746693015,1.7915818566582689,-0.08582981450865122,0.2573038855792182,0.0566858130935983,0.3338034175478174,-0.3338034175478174,1.7915818566582689,0.38282932511549017
-33.00477486093713,-88.95594127108828,-20,121.04799999959828,-9.150999999599275,90,90,0,0.02108809064470807,0.21372901602868177,-0.04553398613245174,-0.03729386524980595,1.9693433452329423,-0.13849100020954863,0.23956541322499236,0.05740779669330129,0.3494418797345875,-0.3494418797345875,1.9693433452329423,0.4382954583585894
-33.00477486093713,-83.39619493886035,-20,121.04799999959828,-9.100999999599274,90,90,0,0.021703279384780283,0.22884010938784366,-0.052876369963627656,-0.028936413313999168,2.182802449835144,-0.21075710201575085,0.2065150110108586,0.05671631244019372,0.36227925908564396,-0.36227925908564396,2.182802449835144,0.5108417208484136
-33.00477486093713,-77.83644860663242,-20,121.04799999959828,-9.050999999599275,90,90,0,0.022110196621562217,0.2457258418801615,-0.061254804922280304,-0.01305298840341168,2.445544971731457,-0.3061094584915361,0.1537087756162045,0.054268022312328704,0.3710766855544209,-0.3710766855544209,2.445544971731457,0.6071413031381618
-33.00477486093713,-72.27670227440449,-20,121.04799999959828,-9.000999999599275,90,90,0,0.022237706747700564,0.26481100214468506,-0.07064837818499681,0.016089323377450827,2.7759840624366383,-0.42493574950333984,0.07612656040687454,0.04978024307530233,0.3743498104242737,-0.3743498104242737,2.7759840624366383,0.7360438145503816
-33.00477486093713,-66.71695594217655,-20,121.04799999959828,-8.950999999599276,90,90,0,0.02200310691577312,0.2866464224579981,-0.08090942399853451,0.0679931729638511,3.19719195285923,-0.5595635855796338,-0.03207420597679442,0.043113606917445764,0.37039085207902517,-0.37039085207902517,3.19719195285923,0.908485929064667
-33.00477486093713,-61.157209609948616,-20,121.04799999959828,-8.900999999599275,90,90,0,0.021313797661619976,0.3119038919125444,-0.09168896413177136,0.157775044555125,3.733885184446196,-0.6848047406764748,-0.1784458312236889,0.03436973187890624,0.35736322674906157,-0.35736322674906157,3.733885184446196,1.1361908470294169
-33.00477486093713,-55.59746327772068,-20,121.04799999959828,-8.850999999599274,90,90,0,0.020071762408484017,0.3413039036768372,-0.10232995360503816,0.308137784811819,4.402581763975697,-0.741183641045482,-0.3735780954286545,0.023973501394457995,0.33353122013371583,-0.33353122013371583,4.402581763975697,1.4275014854565629
-33.00477486093713,-50.03771694549274,-20,121.04799999959828,-8.800999999599275,90,90,0,0.018182590329990145,0.3753894949859568,-0.11168061952225927,0.5500781462920695,5.187028839090283,-0.6080078757213061,-0.6285055519946404,0.012680025513609628,0.2976998112883717,-0.2976998112883716,5.187028839090283,1.7771117243477417
-33.00477486093713,-44.4779706132648,-20,121.04799999959828,-8.750999999599275,90,90,0,0.015571000875463925,0.4139935068490903,-0.11763948002076385,0.9179070410247513,5.987442968407808,-0.07150397098919975,-0.9273982676697002,0.0014206367883203375,0.24989954196368505,-0.24989954196368494,5.987442968407808,2.145077645399438
-33.00477486093713,-38.91822428103686,-20,121.04799999959828,-8.700999999599276,90,90,0,0.012203914796497656,0.4552683342787303,-0.11585234208108813,1.4263982997376052,6.5549504209944605,1.15320389957569,-1.1134860475057635,-0.009084972174091347,0.19220032014959218,-0.19220032014959204,6.5549504209944605,2.4297798482481925
-33.00477486093713,-33.358477948808925,-20,121.04799999959828,-8.650999999599275,90,90,0,0.008118991333165182,0.49494138796732795,-0.0965315307395394,2.006708735878498,6.585401411634349,3.0794616182554724,-0.6367395911994072,-0.018919474307770412,0.1292738483947136,-0.12927384839471345,6.585401411634349,2.5048867162590263
-33.00477486093713,-27.798731616580987,-20,121.04799999959828,-8.600999999599274,90,90,0,0.003451138693093686,0.52947165102655,-0.041082842959450305,2.414866492513649,6.418414078162451,4.39376077798457,1.2796381949119946,-0.02951719752041461,0.0681275738170221,-0.06812757381702203,6.418414078162451,2.4992380574479585
-33.00477486093713,-22.23898528435305,-20,121.04799999959828,-8.550999999599275,90,90,0,-0.0015553847060899573,0.5658123725160494,0.0675202470618782,2.3403410528499258,7.340189765307803,2.594802945956219,3.650971756336811,-0.0437230235694685,0.016658844827660214,-0.016658844827660294,7.340189765307803,2.9194170612954613
-33.00477486093713,-16.67923895212511,-20,121.04799999959828,-8.500999999599275,90,90,0,-0.006560625973494105,0.617930206506037,0.21599422257824225,1.8602620035814796,8.869235901834518,-1.475318319149026,3.6574625846910678,-0.06498290836888881,-0.018556074325577928,0.018556074325577817,8.869235901834518,3.566250435059385
-33.00477486093713,-11.119492619897173,-20,121.04799999959828,-8.450999999599276,90,90,0,-0.011170070467718285,0.6841104616157421,0.36811917086526263,1.4032028448858744,9.181982372975597,-4.210845520233822,1.5335830781484765,-0.09578041974813047,-0.034124399239156195,0.03412439923915618,9.181982372975597,3.706917348429395
-33.00477486093713,-5.559746287669236,-20,121.04799999959828,-8.400999999599275,90,90,0,-0.014992559448186726,0.7519394186474077,0.5035810087757511,1.2014328489977675,8.558456524761318,-4.893345637540763,-0.6534273975301158,-0.13603582162106095,-0.030468652745605194,0.03046865274560531,8.558456524761318,3.453851262650133
-33.00477486093713,0.00000004455870161734765,-20,121.04799999959828,-8.350999999599274,90,90,0,-0.01769921716443612,0.8158538421752635,0.6222315749040599,1.2506206623777898,8.138798525275071,-4.622540058909245,-2.098590751358586,-0.1823420381763365,-0.011362574049737464,0.011362574049737669,8.138798525275071,3.2668819841597663
-33.00477486093713,5.559746376786639,-20,121.04799999959828,-8.300999999599275,90,90,0,-0.01907225802136492,0.8788689960136563,0.7318431184334655,1.5344881088861488,8.689683810297966,-4.1932401035962545,-2.6911677681173587,-0.22848611157070772,0.016881105964346155,-0.0168811059643459,8.689683810297966,3.458992418154841
-33.00477486093713,11.119492709014576,-20,121.04799999959828,-8.250999999599275,90,90,0,-0.019038754970725935,-0.6501163019050054,-0.15465809343296016,2.1802381858723994,10.653967446878845,-3.529412684297142,-1.8770415252492774,-0.2670837614937615,0.046247277945500674,-0.046247277945500424,10.653967446878845,4.215339700806037
-33.00477486093713,16.679239041242514,-20,121.04799999959828,-8.200999999599274,90,90,0,-0.017684695275589357,-0.5686274977970749,-0.02109275343803957,3.544085719485077,12.776490482514108,0.02863254007423581,1.481847202942084,-0.29170675637553445,0.06827936191616168,-0.06827936191616156,12.776490482514108,5.042316831089482
-33.00477486093713,22.238985373470452,-20,121.04799999959828,-8.150999999599275,90,90,0,-0.015241780828268908,-0.5013793791240022,0.12300457597434278,5.405646558246621,10.470577197959448,10.137511513565226,2.4444509488216175,-0.29869466298552483,0.07608894050916122,-0.07608894050916104,10.470577197959448,4.112141938674619
-33.00477486093713,27.79873170569839,-20,121.04799999959828,-8.100999999599274,90,90,0,-0.012042968387004943,-0.4661659071206652,0.17490134734945334,5.447790744257169,9.685384580587394,11.514071343879168,-3.9297029158661743,-0.28795555152165175,0.06646665379653359,-0.06646665379653302,9.685384580587394,3.807687178438425
-33.00477486093713,33.358478037926325,-20,121.04799999959828,-8.050999999599275,90,90,0,-0.008456018645869423,-0.4158322481734865,0.12779464399548063,3.746787900497404,10.674014326564093,4.14571209637973,-4.748623106466428,-0.2625261993364524,0.04074958707930591,-0.04074958707930539,10.674014326564093,4.2288561435463325
-33.00477486093713,38.91822437015426,-20,121.04799999959828,-8.000999999599275,90,90,0,-0.004817256719682583,-0.3541035209778173,0.06751277266627809,2.194705477093749,9.173804102251585,-0.18445600262365078,-2.5698522135093613,-0.22726905685640625,0.0037741521917397268,-0.003774152191739435,9.173804102251585,3.6657474887088948
-33.00477486093713,44.4779707023822,-20,121.04799999959828,-7.950999999599275,90,90,0,-0.0013871218350450243,-0.2993858073109079,0.02496889541741293,1.213732441227202,6.965718943095102,-1.5933454532833435,-0.8704101207211309,-0.18739721364902984,-0.03831539624567524,0.03831539624567537,6.965718943095102,2.8246029734837164
-33.00477486093713,50.03771703461014,-20,121.04799999959828,-7.900999999599275,90,90,0,0.0016647775784160157,-0.2566948131961331,0.00030768731188057785,0.6565770838265949,5.090481794013005,-1.7157345877934953,0.003364618992450453,-0.14737234479194988,-0.0800274773098657,0.08002747730986574,5.090481794013005,2.116220194915068
-33.00477486093713,55.59746336683808,-20,121.04799999959828,-7.850999999599274,90,90,0,0.004251634529571002,-0.22472460294906452,-0.01222207707145817,0.35218985020194354,3.7408336963965114,-1.4213474398044146,0.3360066702195656,-0.11036538836978628,-0.11749778446078452,0.11749778446078453,3.7408336963965114,1.6138312630193892
-33.00477486093713,61.157209699066016,-20,121.04799999959828,-7.8009999995992745,90,90,0,0.006350265349531731,-0.2007365692569339,-0.01761333972300433,0.1877935049463946,2.833217095276503,-1.0655207496322714,0.39402345160161306,-0.07819766723855609,-0.14857953147913716,0.14857953147913713,2.833217095276503,1.2818663695897383
-33.00477486093713,66.71695603129395,-20,121.04799999959828,-7.750999999599275,90,90,0,0.007980213910775608,-0.18228057422091526,-0.019128768729105572,0.09864528428179409,2.236208755865715,-0.7630724396340431,0.3383462405764338,-0.051572412608484705,-0.17249078657434866,0.17249078657434863,2.236208755865715,1.0669742889206346
-33.00477486093713,72.27670236352188,-20,121.04799999959828,-7.700999999599275,90,90,0,0.009185997500949006,-0.1675709029349613,-0.018677534962621034,0.04956416815644571,1.8408556855616132,-0.5346201201014447,0.24962760391220917,-0.030414079106061954,-0.18936688383799605,0.18936688383799602,1.8408556855616132,0.9257091580626413
-33.00477486093713,77.83644869574981,-20,121.04799999959828,-7.650999999599275,90,90,0,0.010023943126389462,-0.15541194349898343,-0.01731574275492831,0.021859163150809123,1.571830179667131,-0.37063862400613656,0.16279807497265034,-0.01419191567737723,-0.19987775197666935,0.19987775197666935,1.571830179667131,0.8286098238435218
-33.00477486093713,83.39619502797774,-20,121.04799999959828,-7.600999999599275,90,90,0,0.010553338661019596,-0.14503186915763297,-0.015606356753271156,0.005668906155543614,1.381038383133225,-0.2556184715623777,0.09019347652492532,-0.002169578304016926,-0.20494951766722125,0.20494951766722125,1.381038383133225,0.7573648709205112
-33.00477486093713,88.95594136020567,-20,121.04799999959828,-7.550999999599275,90,90,0,0.010831013295642566,-0.13593784333374742,-0.01383863312950484,-0.004213514312225962,1.2389183666721175,-0.17571682544884723,0.03411720487399138,0.006429999388395378,-0.2055808103900547,0.2055808103900547,1.2389183666721175,0.7011481570589018
-33.00477486093713,94.5156876924336,-20,121.04799999959828,-7.500999999599275,90,90,0,0.010908393094026858,-0.12781355243425607,-0.012153241889965083,-0.010550172181993181,1.1276042354859142,-0.12037210588186904,-0.007032561478833993,0.012330841973354224,-0.20273176846775132,0.20273176846775132,1.1276042354859142,0.653773462662117
-33.00477486093713,100.07543402466153,-20,121.04799999959828,-7.450999999599275,90,90,0,0.010830217988152313,-0.120452527858802,-0.01061154344012094,-0.014816761705756416,1.0363516355641196,-0.08202101338122013,-0.03600173705188294,0.0161604114366913,-0.19726438664282328,0.19726438664282328,1.0363516355641196,0.6118050408684711
-33.00477486093713,105.63518035688946,-20,121.04799999959828,-7.400999999599275,90,90,0,0.010634299659916635,-0.11371639926082672,-0.009233439178706782,-0.017810003897932997,0.9586803754935894,-0.05539779459637777,-0.055543276660403235,0.01843729930578504,-0.1899169144455079,0.1899169144455079,0.9586803754935894,0.5733890646429437
-33.00477486093713,111.1949266891174,-20,121.04799999959828,-7.350999999599275,90,90,0,0.010351880216604936,-0.10750920502910832,-0.008017903950579663,-0.019967325451024854,0.8906466781524197,-0.03687913734174923,-0.06801903180427982,0.019576024576035862,-0.1812994060577766,0.1812994060577766,0.8906466781524197,0.5375580773187445
-27.503979058146932,-111.1949266,-20,121.09799999959827,-9.350999999599274,90,90,0,0.014832814455204069,0.16923277144472992,-0.025076425915589007,-0.051246686710110165,1.431967238274275,-0.006016489164472441,0.26111565427758426,0.04186607521626541,0.23342445508389412,-0.23342445508389414,1.431967238274275,0.3393624402258159
-27.503979058146932,-105.63518026777207,-20,121.09799999959827,-9.300999999599275,90,90,0,0.01561817627435641,0.180032721805451,-0.029152046258548725,-0.05026388037683349,1.5516649998152796,-0.023539234099606603,0.26924828220011465,0.044485264352491734,0.24813693649544882,-0.24813693649544885,1.5516649998152796,0.37252906343066305
-27.503979058146932,-100.07543393554414,-20,121.09799999959827,-9.250999999599275,90,90,0,0.016368598692367814,0.19176028708484183,-0.0339293473658544,-0.04802196815787995,1.6861311517032251,-0.049682640274707236,0.2716427672319539,0.04673164739066866,0.26213671195835353,-0.26213671195835353,1.6861311517032251,0.4123157487229365
-27.503979058146932,-94.51568760331621,-20,121.09799999959827,-9.200999999599274,90,90,0,0.017055927316265,0.20454605112797125,-0.039513833085839445,-0.04378047782303385,1.8396534263698028,-0.08763508949835473,0.2657109611446191,0.04840191111111366,0.2748115490274662,-0.2748115490274662,1.8396534263698028,0.4610498215204549
-27.503979058146932,-88.95594127108828,-20,121.09799999959827,-9.150999999599275,90,90,0,0.017644700874435745,0.21856123227845475,-0.04600963390790047,-0.03627740510269886,2.018577182356642,-0.14127145297838328,0.24823905225912868,0.04925960666057613,0.28539413717529943,-0.28539413717529943,2.018577182356642,0.5220367357673574
-27.503979058146932,-83.39619493886035,-20,121.09799999959827,-9.100999999599274,90,90,0,0.01809124201699666,0.23403462715406087,-0.05350529912420865,-0.02336574303558284,2.2321806720380875,-0.21480196028720286,0.21539592763930882,0.049047973968018785,0.2929504978840648,-0.2929504978840648,2.2321806720380875,0.5999217709311703
-27.503979058146932,-77.83644860663242,-20,121.09799999959827,-9.050999999599275,90,90,0,0.018343049821437973,0.25127421949198686,-0.06204994631939853,-0.0014283395958907682,2.4936770380273794,-0.3117275492425061,0.16279544301102508,0.047514128590506445,0.2963819783469022,-0.2963819783469022,2.4936770380273794,0.7010888368640495
-27.503979058146932,-72.27670227440449,-20,121.09799999959827,-9.000999999599275,90,90,0,0.01833879589375345,0.27069126450839737,-0.07161608777904338,0.03552622930773901,2.8210411652775127,-0.43241422006632374,0.08553237034576747,0.044446227052894485,0.2944526808028625,-0.2944526808028625,2.8210411652775127,0.8339637853081427
-27.503979058146932,-66.71695594217655,-20,121.09799999959827,-8.950999999599276,90,90,0,0.018009380762437133,0.2928192924544367,-0.08204542045934993,0.09717836029938878,3.2368649815535613,-0.5690994398843863,-0.022049866196670796,0.03972124089711109,0.28586087570492963,-0.28586087570492963,3.2368649815535613,1.008885116916495
-27.503979058146932,-61.157209609948616,-20,121.09799999959827,-8.900999999599275,90,90,0,0.017280705638230698,0.3183089982057959,-0.09297357975372,0.19862177606175382,3.765404801284795,-0.6964081288370764,-0.1672484012166282,0.03335321817850264,0.2693804984618811,-0.2693804984618811,3.765404801284795,1.236781422052037
-27.503979058146932,-55.59746327772068,-20,121.09799999959827,-8.850999999599274,90,90,0,0.01607901818744792,0.3478568096398934,-0.10372342307403914,0.3621576175307689,4.422859134873512,-0.7545632811454825,-0.3603647349186384,0.02552038621659342,0.24410210234065016,-0.2441021023406501,4.422859134873512,1.525041551608755
-27.503979058146932,-50.03771694549274,-20,121.09799999959827,-8.800999999599275,90,90,0,0.014339773803331457,0.38198095277757155,-0.11311981269929039,0.6177921894713098,5.192979916163286,-0.6224666732738279,-0.6122023244272601,0.01653764515356527,0.20978946148613992,-0.20978946148613986,5.192979916163286,1.8674025049791747
-27.503979058146932,-44.4779706132648,-20,121.09799999959827,-8.750999999599275,90,90,0,0.01202064755666693,0.4204927099885035,-0.11903821495263645,0.9981146619758186,5.976514289534465,-0.08589159549922276,-0.9069077035188706,0.006738906015797493,0.16732000922652068,-0.16732000922652057,5.976514289534465,2.2232857065872653
-27.503979058146932,-38.91822428103686,-20,121.09799999959827,-8.700999999599276,90,90,0,0.009118251598954269,0.46153151239267654,-0.1171077493901102,1.515553909301675,6.525741831438878,1.1404263229134308,-1.088067905819384,-0.003741881274444196,0.11908428500520964,-0.11908428500520947,6.525741831438878,2.4912124475703417
-27.503979058146932,-33.358477948808925,-20,121.09799999959827,-8.650999999599275,90,90,0,0.0056860231940444594,0.5008252685099533,-0.09753813052032029,2.0988429631458456,6.5381197958252715,3.0700034445473263,-0.6064822552013193,-0.01523755849952763,0.06911319520189674,-0.06911319520189657,6.5381197958252715,2.5461347231282123
-27.503979058146932,-27.798731616580987,-20,121.09799999959827,-8.600999999599274,90,90,0,0.0018481305825137073,0.5348484461113341,-0.04175337738021051,2.502458586814422,6.354849634700508,4.389127901758648,1.3134838991937865,-0.02871876951377408,0.022681759142327854,-0.02268175914232778,6.354849634700508,2.5192580947378755
-27.503979058146932,-22.23898528435305,-20,121.09799999959827,-8.550999999599275,90,90,0,-0.0021972859617975515,0.570581045131819,0.0672322197139768,2.416114310802405,7.26315056011229,2.595820049431606,3.6860877557716365,-0.045676128150159284,-0.01468230327355497,0.014682303273554891,7.26315056011229,2.919942527318471
-27.503979058146932,-16.67923895212511,-20,121.09799999959827,-8.500999999599275,90,90,0,-0.006190635286624557,0.6220202651361474,0.21607819998595246,1.9192232724231981,8.781794911923145,-1.4689758272312663,3.6911164739174347,-0.06760255125655266,-0.038510172810550615,0.038510172810550504,8.781794911923145,3.5512281375798085
-27.503979058146932,-11.119492619897173,-20,121.09799999959827,-8.450999999599276,90,90,0,-0.009839231685395106,0.6874790430182058,0.3685056842279454,1.443985841283822,9.087036053937549,-4.2009385085943,1.563617053097775,-0.09519082533340285,-0.046502275090152076,0.04650227509015207,9.087036053937549,3.681316696665172
-27.503979058146932,-5.559746287669236,-20,121.09799999959827,-8.400999999599275,90,90,0,-0.012855827353077387,0.7545658347718093,0.5041560912152068,1.2264758107069773,8.458723742490147,-4.882991270259076,-0.6277525613701779,-0.12759329503439754,-0.039036788568960146,0.039036788568960264,8.458723742490147,3.422526285565019
-27.503979058146932,0.00000004455870161734765,-20,121.09799999959827,-8.350999999599274,90,90,0,-0.014998936858854006,0.8177347961193728,0.6228631021474278,1.265423741047134,8.036923186665575,-4.6156658005088325,-2.0763147331168357,-0.16213795570643771,-0.01906218565403242,0.019062185654032626,8.036923186665575,3.2338314603202627
-27.503979058146932,5.559746376786639,-20,121.09799999959827,-8.300999999599275,90,90,0,-0.016107655812676536,0.8800142925753911,0.7324099112866443,1.546415213369442,8.588118358694624,-4.19365938573037,-2.6700278856773982,-0.19470886802901524,0.008396667991853327,-0.008396667991853068,8.588118358694624,3.4268506754859964
-27.503979058146932,11.119492709014576,-20,121.09799999959827,-8.250999999599275,90,90,0,-0.016125851681278586,-0.649688798356334,-0.1542434876204678,2.197026258760079,10.55475319788032,-3.5398023705594333,-1.8543603612677557,-0.22070512890763067,0.03699343401098423,-0.03699343401098399,10.55475319788032,4.184907845141144
-27.503979058146932,16.679239041242514,-20,121.09799999959827,-8.200999999599274,90,90,0,-0.015111397750281391,-0.568896361172092,-0.020873078866696593,3.57204368923517,12.68132393332294,0.007487127478476944,1.5081508354078181,-0.23624821934518267,0.060146857930887976,-0.060146857930887844,12.68132393332294,5.012382715398289
-27.503979058146932,22.238985373470452,-20,121.09799999959827,-8.150999999599275,90,90,0,-0.013226573166463251,-0.5023198574038918,0.12302991587201229,5.447888200601921,10.381270339407752,10.106913502791654,2.475133635680776,-0.23920019050402785,0.07244051539931398,-0.0724405153993138,10.381270339407752,4.080067620363788
-27.503979058146932,27.79873170569839,-20,121.09799999959827,-8.100999999599274,90,90,0,-0.010708983014726031,-0.46774409035797254,0.17476603988022393,5.5033440432125555,9.604289431681005,11.476976427500796,-3.8953808229716222,-0.22962505618550363,0.07093985294468226,-0.07093985294468169,9.604289431681005,3.7707759197277206
-27.503979058146932,33.358478037926325,-20,121.09799999959827,-8.050999999599275,90,90,0,-0.007828976830599937,-0.41799664425847616,0.1275514172419821,3.811234320168825,10.603882803366911,4.105850136412497,-4.712518144842288,-0.20956511801564598,0.055801064362159945,-0.05580106436215942,10.603882803366911,4.1857520569846045
-27.503979058146932,38.91822437015426,-20,121.09799999959827,-8.000999999599275,90,90,0,-0.004845496653111819,-0.3567804381639659,0.06721985723975654,2.2620382004477064,9.117087017566284,-0.2235371408189357,-2.5342699370581565,-0.18230212887812605,0.029838398484218244,-0.02983839848421795,9.117087017566284,3.616996408542296
-27.503979058146932,44.4779707023822,-20,121.09799999959827,-7.950999999599275,90,90,0,-0.0019725322028157077,-0.3024821777285056,0.02467952625558073,1.278349279308066,6.9238298740727116,-1.6289690250388518,-0.8374696701306527,-0.15145428363196836,-0.002671805323890058,0.0026718053238901874,6.9238298740727116,2.772203754952975
-27.503979058146932,50.03771703461014,-20,121.09799999959827,-7.900999999599275,90,90,0,0.0006374936155216226,-0.26010687196648336,0.00006363369940837194,0.7144963277898736,5.063491115693837,-1.74635988606267,0.03213504960440104,-0.12023453378676584,-0.03730719397706295,0.03730719397706299,5.063491115693837,2.0627036402545977
-27.503979058146932,55.59746336683808,-20,121.09799999959827,-7.850999999599274,90,90,0,0.002894498397579881,-0.22834813356939618,-0.01239302711069562,0.4013140620885916,3.7276376668632194,-1.4464682835900542,0.3598051229836285,-0.09103242100742782,-0.070422785842852,0.070422785842852,3.7276376668632194,1.5614778525881396
-27.503979058146932,61.157209699066016,-20,121.09799999959827,-7.8009999995992745,90,90,0,0.004761215900568522,-0.2044752435886419,-0.017696772424453056,0.22756938199394686,2.83194970575432,-1.0853699996432464,0.41270451269053415,-0.06531288023945613,-0.09953837512130399,0.09953837512130398,2.83194970575432,1.232318257423032
-27.503979058146932,66.71695603129395,-20,121.09799999959827,-7.750999999599275,90,90,0,0.006239441344921687,-0.18605106372555497,-0.019121153251207224,0.12953418845207018,2.244664307950426,-0.7782976779813647,0.352244433386196,-0.04373076944857659,-0.12331728227458665,0.12331728227458663,2.244664307950426,1.021183005454757
-27.503979058146932,72.27670236352188,-20,121.09799999959827,-7.700999999599275,90,90,0,0.007356380364471948,-0.17130501326016623,-0.01858305115254244,0.07257051383742018,1.8568081066546411,-0.5460257307365224,0.2593592393610148,-0.026343438031446603,-0.14133636058856122,0.1413363605885612,1.8568081066546411,0.8840596032504178
-27.503979058146932,77.83644869574981,-20,121.09799999959827,-7.650999999599275,90,90,0,0.00815332101189764,-0.1590566267183888,-0.017143280881263268,0.03819730650595727,1.5932306937236818,-0.3790208975105682,0.16909390790489015,-0.012832652244953863,-0.15380138902019921,0.15380138902019921,1.5932306937236818,0.7910936665096719
-27.503979058146932,83.39619502797774,-20,121.09799999959827,-7.600999999599275,90,90,0,0.008677288269673344,-0.14854796942374485,-0.015367118251608858,0.01656060582383323,1.4061150167464171,-0.2616807870318305,0.09378195476814756,-0.0026879525926294745,-0.1612913924779941,0.1612913924779941,1.4061150167464171,0.723737399176561
-27.503979058146932,88.95594136020567,-20,121.09799999959827,-7.550999999599275,90,90,0,0.008975477432845103,-0.13929822338582445,-0.01354443521725529,0.002353529760352885,1.26620862776883,-0.18003928974042496,0.03565652823386257,0.004663657711110604,-0.16456284264065033,0.16456284264065033,1.26620862776883,0.6710462937481824
-27.503979058146932,94.5156876924336,-20,121.09799999959827,-7.500999999599275,90,90,0,0.00909191273903176,-0.13100102785306728,-0.011815446782470262,-0.007332606795884648,1.1559472299973574,-0.12341215684807579,-0.006985000993817507,0.009777660338219174,-0.16441574354791358,0.16441574354791358,1.1559472299973574,0.6267946355468565
-27.503979058146932,100.07543402466153,-20,121.09799999959827,-7.450999999599275,90,90,0,0.009065721075634858,-0.12345786392274055,-0.01024046535735329,-0.014131388727258826,1.0648584031112873,-0.08412845094560133,-0.03699551596034425,0.013149903901549322,-0.1616113069901747,0.1616113069901747,1.0648584031112873,0.5875546682346896
-27.503979058146932,105.63518035688946,-20,121.09799999959827,-7.400999999599275,90,90,0,0.008930488796938918,-0.11653650595565906,-0.008838081093570205,-0.018989870936585787,0.9866947887589202,-0.05683438860982516,-0.0572274064040594,0.015199947886812155,-0.1568278113660356,0.1568278113660356,0.9866947887589202,0.5515057268696038
-27.503979058146932,111.1949266891174,-20,121.09799999959827,-7.350999999599275,90,90,0,0.008714290330070984,-0.11014558836657942,-0.007605902944193166,-0.02247944428707037,0.9177044801059676,-0.037837754016079646,-0.070128174629413,0.016269662945675507,-0.1506423470161769,0.1506423470161769,0.9177044801059676,0.517724139058564
-22.00318325535673,-111.1949266,-20,121.14799999959827,-9.350999999599274,90,90,0,0.011981024052598419,0.17204731481422286,-0.025041833184247908,-0.05638291807235289,1.4650368947397348,-0.006112330391355758,0.2670805750778309,0.033984304878590756,0.18700883844510088,-0.1870088384451009,1.4650368947397348,0.39900591945079306
-22.00318325535673,-105.63518026777207,-20,121.14799999959827,-9.300999999599275,90,90,0,0.01259986788294741,0.1831025866813662,-0.029187890443688413,-0.054305320161663485,1.5865128042402739,-0.023901268256394,0.2756191888370896,0.03613924764907627,0.19807033984414849,-0.1980703398441485,1.5865128042402739,0.4365347818519611
-22.00318325535673,-100.07543393554414,-20,121.14799999959827,-9.250999999599275,90,90,0,0.013184158439619953,0.19509671341000984,-0.034048751800548005,-0.050429091234696424,1.7224045019314458,-0.05042440713560994,0.2783826137827791,0.03801613515061994,0.20829434523549664,-0.20829434523549667,1.7224045019314458,0.48066745553708173
-22.00318325535673,-94.51568760331621,-20,121.14799999959827,-9.200999999599274,90,90,0,0.013709638870528479,0.20815653305034348,-0.03973059098351328,-0.04387007149243456,1.8768244642721315,-0.08889928873911264,0.27277248775679064,0.03946318321931617,0.21713354228525958,-0.2171335422852596,1.8768244642721315,0.533596243423593
-22.00318325535673,-88.95594127108828,-20,121.14799999959827,-9.150999999599275,90,90,0,0.014146081190613377,0.2224479253128464,-0.04633745375132814,-0.03320476540088525,2.0559029767748376,-0.14322963881432138,0.25557366218790495,0.040305344430606065,0.22391883662963225,-0.22391883662963227,2.0559029767748376,0.5984423540803028
-22.00318325535673,-83.39619493886035,-20,121.14799999959827,-9.100999999599274,90,90,0,0.014456731974833908,0.23819243649760286,-0.0539566234294927,-0.016116934230948968,2.2686634498321463,-0.21764846860011258,0.2229699838371911,0.04035326803911903,0.2278607632346438,-0.2278607632346438,2.2686634498321463,0.6796046166982148
-22.00318325535673,-77.83644860663242,-20,121.14799999959827,-9.050999999599275,90,90,0,0.01459812703988933,0.25568860165862034,-0.06263425040011106,0.01116653952769331,2.5280309640522294,-0.31566423670749827,0.17061539714155052,0.03941890338588354,0.22806800411435865,-0.22806800411435865,2.5280309640522294,0.7831443815065332
-22.00318325535673,-72.27670227440449,-20,121.14799999959827,-9.000999999599275,90,90,0,0.014520555935139748,0.27533585401749683,-0.0723376162226691,0.054741890500152324,2.8516771827692953,-0.43762242424850434,0.09367793094106246,0.03733764893198152,0.2235932369910673,-0.2235932369910673,2.8516771827692953,0.9170776361166508
-22.00318325535673,-66.71695594217655,-20,121.14799999959827,-8.950999999599276,90,90,0,0.014169560414180438,0.2976535985082769,-0.08290043694323568,0.12428211375299404,3.2619120904818484,-0.5756968435936365,-0.013389883915302925,0.03399407670267186,0.2135192805281462,-0.2135192805281462,3.2619120904818484,1.0912455556645932
-22.00318325535673,-61.157209609948616,-20,121.14799999959827,-8.900999999599275,90,90,0,0.013488948856355792,0.3232766129361726,-0.09394741661457118,0.23467431844242,3.7827931901302403,-0.704391987330612,-0.15775017981261896,0.029343714949462824,0.1970990881598143,-0.19709908815981428,3.7827931901302403,1.3160181878922819
-22.00318325535673,-55.59746327772068,-20,121.14799999959827,-8.850999999599274,90,90,0,0.012425848739360201,0.3528848073299861,-0.10478792794991676,0.4077099151509226,4.430492406431843,-0.7637484567930933,-0.34957482103155235,0.02341805703725933,0.1739574778787387,-0.17395747787873864,4.430492406431843,1.5982394846939985
-22.00318325535673,-50.03771694549274,-20,121.14799999959827,-8.800999999599275,90,90,0,0.010938201516552282,0.38698134320449024,-0.11423215419955629,0.6724948069176208,5.18900992595305,-0.6324364147916945,-0.5996008649433213,0.016296872030255413,0.1443444142428273,-0.14434441424282723,5.18900992595305,1.9312595561383927
-22.00318325535673,-44.4779706132648,-20,121.14799999959827,-8.750999999599275,90,90,0,0.009004682632649752,0.42536673908854905,-0.12014228184159248,1.0603223739071792,5.959691444773125,-0.09598772336661193,-0.8920488470533479,0.0080365727176749,0.10939423009859531,-0.10939423009859518,5.959691444773125,2.274482347810655
-22.00318325535673,-38.91822428103686,-20,121.14799999959827,-8.700999999599276,90,90,0,0.0066361754919415095,0.4661770281140353,-0.11813928965082804,1.582094676223368,6.495748111019925,1.131045067372292,-1.0707861419186002,-0.001437932407756565,0.0712973937361391,-0.07129739373613893,6.495748111019925,2.5270018506718315
-22.00318325535673,-33.358477948808925,-20,121.14799999959827,-8.650999999599275,90,90,0,0.003886691946985432,0.5051462085149392,-0.09843401159585646,2.16516905830877,6.495737303684527,3.062216687642864,-0.5870991665320637,-0.012437217340548255,0.03325729165407929,-0.033257291654079126,6.495737303684527,2.565037629819732
-22.00318325535673,-27.798731616580987,-20,121.14799999959827,-8.600999999599274,90,90,0,0.0008604429251569679,0.5387641767482063,-0.042463793337314815,2.563321283901089,6.301841282994989,4.3836295925895215,1.33407020052848,-0.025532740579786006,-0.0008711068426479019,0.0008711068426479773,6.301841282994989,2.5216076200406436
-22.00318325535673,-22.23898528435305,-20,121.14799999959827,-8.550999999599275,90,90,0,-0.0022885656042097857,0.5740327406777286,0.06673167135160912,2.466669489374562,7.201866869762546,2.592857376474835,3.7065457185908093,-0.041425841096434365,-0.0272518660351437,0.027251866035143627,7.201866869762546,2.9079986139401623
-22.00318325535673,-16.67923895212511,-20,121.14799999959827,-8.500999999599275,90,90,0,-0.0053667777084333845,0.6249725326542777,0.21577881421632095,1.9562063301868913,8.714691157844891,-1.4698236411967496,3.7100765215333738,-0.060637602532681356,-0.04288008613297369,0.04288008613297358,8.714691157844891,3.52875654927093
-22.00318325535673,-11.119492619897173,-20,121.14799999959827,-8.450999999599276,90,90,0,-0.008160836153068368,0.6899171120331036,0.3683658645853974,1.4665164501657353,9.016323597787247,-4.200846503928101,1.580187400548397,-0.08310081570860474,-0.04627348677971821,0.0462734867797182,9.016323597787247,3.6528029258946173
-22.00318325535673,-5.559746287669236,-20,121.14799999959827,-8.400999999599275,90,90,0,-0.010463608176347838,0.756490221085254,0.5041103566801141,1.236253393541509,8.38623325562564,-4.883762504634173,-0.6135822293914778,-0.10782726373484362,-0.037837761326391446,0.03783776132639156,8.38623325562564,3.392331063576648
-22.00318325535673,0.00000004455870161734765,-20,121.14799999959827,-8.350999999599274,90,90,0,-0.01210164921137974,0.8191553032828072,0.6228373722821018,1.2663622298618882,7.964085869615238,-4.619377794208819,-2.063582542532833,-0.13283298347553796,-0.01985483130830446,0.019854831308304663,7.964085869615238,3.2054891791544
-22.00318325535673,5.559746376786639,-20,121.14799999959827,-8.300999999599275,90,90,0,-0.012959286241047141,0.8809442500808218,0.7323382569576515,1.5438864041353348,8.51596642754907,-4.202159954092101,-2.6570816745259678,-0.15541281252913333,0.003847001379939833,-0.003847001379939576,8.51596642754907,3.4025395696396887
-22.00318325535673,11.119492709014576,-20,121.14799999959827,-8.250999999599275,90,90,0,-0.012995297901078673,-0.6492374559213097,-0.15440563028284615,2.1968250162882095,10.483978474268207,-3.554208676258384,-1.8394100058789373,-0.1727109708740429,0.028484886377276964,-0.028484886377276718,10.483978474268207,4.165106503330006
-22.00318325535673,16.679239041242514,-20,121.14799999959827,-8.200999999599274,90,90,0,-0.012248955479717688,-0.5689158269289778,-0.0211425082990514,3.5791718333524307,12.612503040387105,-0.012887227078623631,1.5264228158823263,-0.18240762525834414,0.0491472452285935,-0.049147245228593366,12.612503040387105,4.995853970926249
-22.00318325535673,22.238985373470452,-20,121.14799999959827,-8.150999999599275,90,90,0,-0.010833323097250408,-0.5028052595675392,0.1226631211742395,5.465409798669928,10.315235317515544,10.081592343807117,2.497137374853575,-0.18328623149222428,0.0617561981228083,-0.06175619812280812,10.315235317515544,4.06433792888341
-22.00318325535673,27.79873170569839,-20,121.14799999959827,-8.100999999599274,90,90,0,-0.008916121870318455,-0.46868801740184046,0.1743317832256132,5.5317331758394435,9.54241822672056,11.448538552313666,-3.8702458448001424,-0.17548780504403788,0.0639173576420554,-0.06391735764205483,9.54241822672056,3.7530499330461695
-22.00318325535673,33.358478037926325,-20,121.14799999959827,-8.050999999599275,90,90,0,-0.006692034820809073,-0.4193816236097939,0.12709016092672443,3.8485322146620615,10.548059995625012,4.076466245876398,-4.68563079560303,-0.16038378964980027,0.05533904703554361,-0.05533904703554309,10.548059995625012,4.163884951214461
-22.00318325535673,38.91822437015426,-20,121.14799999959827,-8.000999999599275,90,90,0,-0.0043532863479803785,-0.35857313845041255,0.0667734424990438,2.3047347867917005,9.069310795273045,-0.2518419728336643,-2.5073574761345268,-0.1401509203191131,0.037649021451748955,-0.037649021451748664,9.069310795273045,3.5900752966574694
-22.00318325535673,44.4779707023822,-20,121.14799999959827,-7.950999999599275,90,90,0,-0.002065617290535726,-0.30463210899627957,0.02428419750802116,1.3225337473285368,6.885694766859129,-1.6546638321354632,-0.8121698531549199,-0.11723032256796355,0.013721245872238079,-0.013721245872237947,6.885694766859129,2.740556660871414
-22.00318325535673,50.03771703461014,-20,121.14799999959827,-7.900999999599275,90,90,0,0.00004590920977415314,-0.2625497817995409,-0.000253955544224721,0.7567875502261409,5.035820361989861,-1.768548397451473,0.05457914390869647,-0.09385473992634584,-0.013169930623447798,0.013169930623447842,5.035820361989861,2.027498075419392
-22.00318325535673,55.59746336683808,-20,121.14799999959827,-7.850999999599274,90,90,0,0.0019007473791427532,-0.23101223110616667,-0.012617001007223988,0.43933579711888315,3.710388308216644,-1.464845710775754,0.3786703613221322,-0.07175303975639448,-0.04005600580924094,0.040056005809240944,3.710388308216644,1.5242113290958985
-22.00318325535673,61.157209699066016,-20,121.14799999959827,-7.8009999995992745,90,90,0,0.0034588173873907058,-0.20728789702981687,-0.017821146406428234,0.2600114444439596,2.8243450886594457,-1.1000735976971632,0.4277624580837186,-0.052048420558424464,-0.06468351721582595,0.06468351721582594,2.8243450886594457,1.1944215526796043
-22.00318325535673,66.71695603129395,-20,121.14799999959827,-7.750999999599275,90,90,0,0.004712124126108996,-0.18894430772909226,-0.019147785052325728,0.1559694790831273,2.245436827137688,-0.7897310045245098,0.36364882159772965,-0.035303241616813204,-0.08563187773151311,0.0856318777315131,2.245436827137688,0.9838066085865882
-22.00318325535673,72.27670236352188,-20,121.14799999959827,-7.700999999599275,90,90,0,0.005675174255970528,-0.17421918435246747,-0.01851922818283286,0.093189443121505,1.8644500316081116,-0.5547086926353612,0.26750690178981196,-0.021642457397491696,-0.10223278606211406,0.10223278606211404,1.8644500316081116,0.8480127987053587
-22.00318325535673,77.83644869574981,-20,121.14799999959827,-7.650999999599275,90,90,0,0.0063762236582112775,-0.1619421672522166,-0.016999485218467836,0.05355826648882747,1.606196855997246,-0.38548573194514174,0.17449950762394423,-0.010897450043815236,-0.11439552028633475,0.11439552028633473,1.606196855997246,0.7568742626852332
-22.00318325535673,83.39619502797774,-20,121.14799999959827,-7.600999999599275,90,90,0,0.006850310559723044,-0.15136579213554058,-0.01515523997059498,0.027396883472754173,1.422960394784056,-0.26641243563812145,0.09698470431512096,-0.0027340718144666753,-0.12241489837170627,0.12241489837170627,1.422960394784056,0.6915990562853287
-22.00318325535673,88.95594136020567,-20,121.14799999959827,-7.550999999599275,90,90,0,0.007134270626558914,-0.1420191110120738,-0.01327650034231137,0.00944192297043775,1.285666191948783,-0.1834491444112786,0.03716115237768831,0.003250491286081518,-0.1268042004620269,0.1268042004620269,1.285666191948783,0.6410706772415401
-22.00318325535673,94.5156876924336,-20,121.14799999959827,-7.500999999599275,90,90,0,0.007263514577588059,-0.1336044859397972,-0.011502807702644058,-0.0032515595029174176,1.176960106173867,-0.1258329065563699,-0.006738990479935246,0.007463472031312657,-0.1281688771896788,0.1281688771896788,1.176960106173867,0.5989529196592256
-22.00318325535673,100.07543402466153,-20,121.14799999959827,-7.450999999599275,90,90,0,0.007270186817781937,-0.12593074064862605,-0.009893353100105806,-0.012395494971698048,1.0865813455142748,-0.0858202285695476,-0.03764461249342322,0.010279392464776873,-0.12712122939629603,0.12712122939629603,1.0865813455142748,0.5617537676020059
-22.00318325535673,105.63518035688946,-20,121.14799999959827,-7.400999999599275,90,90,0,0.007182310984263862,-0.11887158830411071,-0.008465413822695722,-0.01903231692983346,1.0084775058203,-0.05799567995960232,-0.058482649701127036,0.012022526122798777,-0.12422909975310806,0.12422909975310806,1.0084775058203,0.527620102081228
-22.00318325535673,111.1949266891174,-20,121.14799999959827,-7.350999999599275,90,90,0,0.0070235857849386685,-0.11234029870624074,-0.007215260746390506,-0.023830503339462676,0.9390660103383042,-0.03861727401406517,-0.07176725124621404,0.01296201713176604,-0.11998969014828323,0.11998969014828323,0.9390660103383042,0.49561609428360487
-16.50238745256653,-111.1949266,-20,121.19799999959828,-9.350999999599274,90,90,0,0.00904993873271183,0.17419901226247508,-0.024939401025100394,-0.05984435424175483,1.4902863517720462,-0.006145330497276285,0.2717762321356977,0.025770453697870822,0.1402828294241465,-0.14028282942414652,1.4902863517720462,0.45583171128467204
-16.50238745256653,-105.63518026777207,-20,121.19799999959828,-9.300999999599275,90,90,0,0.009507570260455442,0.18544901757546473,-0.029141235366217044,-0.05673552081252843,1.6128975148744285,-0.024120615893413362,0.2806406073344209,0.027419683052785106,0.14813106843679447,-0.1481310684367945,1.6128975148744285,0.4970279375129769
-16.50238745256653,-100.07543393554414,-20,121.19799999959828,-9.250999999599275,90,90,0,0.009935242165499111,0.1976447832041459,-0.03406833010659249,-0.05137418536566609,1.74957829441373,-0.050908015335001076,0.28370542588570496,0.02887126203664581,0.15519240763468753,-0.15519240763468756,1.74957829441373,0.5446389101308045
-16.50238745256653,-94.51568760331621,-20,121.19799999959828,-9.200999999599274,90,90,0,0.010313774627058639,0.21090968882719385,-0.03982730607161944,-0.04276926430809701,1.9042951160699935,-0.08974347629096585,0.27836561584815567,0.03001691817664356,0.16102652383903762,-0.16102652383903765,1.9042951160699935,0.6006915225889597
-16.50238745256653,-88.95594127108828,-20,121.19799999959828,-9.150999999599275,90,90,0,0.010619481928074548,0.22540487050505814,-0.04652205978945889,-0.029385385375785625,2.0830061474782835,-0.1445480222161142,0.26140531333477546,0.03073221329282386,0.16510595268650446,-0.1651059526865045,2.0830061474782835,0.6680965063048089
-16.50238745256653,-83.39619493886035,-20,121.19799999959828,-9.100999999599274,90,90,0,0.010823879818656984,0.241345662043233,-0.05423883239871119,-0.008801977511973744,2.2945414963878026,-0.21956696916188106,0.2290179057792574,0.03088222745159733,0.1668242093832176,-0.16682420938321763,2.2945414963878026,0.7509923891719035
-16.50238745256653,-77.83644860663242,-20,121.19799999959828,-9.050999999599275,90,90,0,0.010893743959362268,0.2590228076294437,-0.06302150150899688,0.02282947018634407,2.5516234350819262,-0.31831034334165675,0.1768815405126886,0.03033088262811091,0.1655198489646831,-0.1655198489646831,2.5516234350819262,0.8551295250680874
-16.50238745256653,-72.27670227440449,-20,121.19799999959828,-9.000999999599275,90,90,0,0.010791743072013651,0.2788264086310943,-0.07283351598603605,0.07161860105980425,2.871732888742381,-0.44110706416169626,0.10020595273640821,0.028953309236367335,0.16052373749445936,-0.16052373749445936,2.871732888742381,0.9881694180024932
-16.50238745256653,-66.71695594217655,-20,121.19799999959828,-8.950999999599276,90,90,0,0.010477928474416795,0.30126528107020845,-0.08350297082162184,0.1471439283199144,3.277035528640232,-0.5800883553109056,-0.006498723098133921,0.02664890667733421,0.15123707801392838,-0.15123707801392838,3.277035528640232,1.1595771334421645
-16.50238745256653,-61.157209609948616,-20,121.19799999959828,-8.900999999599275,90,90,0,0.009912393887554494,0.32696300320971916,-0.09464717615625473,0.2640347824934816,3.791538794548707,-0.7096842184606282,-0.1503309244308468,0.02335044255423714,0.1372453096432701,-0.13724530964327009,3.791538794548707,1.379370208176213
-16.50238745256653,-55.59746327772068,-20,121.19799999959828,-8.850999999599274,90,90,0,0.009059383224144762,0.35658878032511876,-0.10556677922508406,0.4436090441321948,4.431515030227277,-0.7698290439445254,-0.3414139212231321,0.019022548218187888,0.1184655271120219,-0.11846552711202185,4.431515030227277,1.654140484978889
-16.50238745256653,-50.03771694549274,-20,121.19799999959828,-8.800999999599275,90,90,0,0.007892957677303525,0.39063713254410587,-0.11506294571403064,0.7142595486422746,5.181264816732911,-0.6390661191418531,-0.5904834165234109,0.013643141348632782,0.09531034924911842,-0.09531034924911834,5.181264816732911,1.9771955774440462
-16.50238745256653,-44.4779706132648,-20,121.19799999959828,-8.750999999599275,90,90,0,0.006403972894379162,0.42890384191933983,-0.12099025431490085,1.106369553600664,5.94265026859245,-0.102805297769968,-0.8818406723533093,0.007166148987632622,0.06882960894092582,-0.0688296089409257,5.94265026859245,2.308230498496054
-16.50238745256653,-38.91822428103686,-20,121.19799999959828,-8.700999999599276,90,90,0,0.004607544543542286,0.469525764331324,-0.11896566830670857,1.6298775837176205,6.469567177815437,1.1244786691711615,-1.0595348136207896,-0.0005249633162379808,0.040769681227889494,-0.040769681227889334,6.469567177815437,2.5470571898982857
-16.50238745256653,-33.358477948808925,-20,121.19799999959828,-8.650999999599275,90,90,0,0.00254950018011596,0.508244076822236,-0.09920172245940606,2.2113706188504016,6.461301269836569,3.0563286977066224,-0.575113413053782,-0.00964814478412823,0.013484018153640719,-0.013484018153640549,6.461301269836569,2.571036489780987
-16.50238745256653,-27.798731616580987,-20,121.19799999959828,-8.600999999599274,90,90,0,0.0003098053272845569,0.5415615549877693,-0.04314438652069502,2.604334854990027,6.260635091028056,4.378709664659012,1.3462189296107836,-0.020502775963933528,-0.010344579909141498,0.010344579909141574,6.260635091028056,2.514598616320364
-16.50238745256653,-22.23898528435305,-20,121.19799999959828,-8.550999999599275,90,90,0,-0.00199900323907945,0.5764963816570392,0.06615168750354561,2.4992877508836933,7.155701560691043,2.5889242904315477,3.718141816059473,-0.03337000405035576,-0.028145400016413774,0.028145400016413698,7.155701560691043,2.890426024292831
-16.50238745256653,-16.67923895212511,-20,121.19799999959828,-8.500999999599275,90,90,0,-0.0042394942189495355,0.6270859378478003,0.21529441301919144,1.9783233180476778,8.66538225590846,-1.4731183034626318,3.7204896996953125,-0.04833642082757277,-0.03796530653612121,0.037965306536121096,8.66538225590846,3.5041182088995053
-16.50238745256653,-11.119492619897173,-20,121.19799999959828,-8.450999999599276,90,90,0,-0.006262754566621065,0.6916779359734664,0.36795437213759374,1.4776225702133272,8.96543384613094,-4.204230328304029,1.5891367101202198,-0.06509172307843471,-0.03889934084933681,0.0388993408493368,8.96543384613094,3.6250728793017135
-16.50238745256653,-5.559746287669236,-20,121.19799999959828,-8.400999999599275,90,90,0,-0.007925618830496806,0.7579057088067367,0.5037370044989804,1.2375896444539654,8.33493355678124,-4.888239864967672,-0.60584530548286,-0.082787459920919,-0.031332190344917694,0.031332190344917805,8.33493355678124,3.365305613057414
-16.50238745256653,0.00000004455870161734765,-20,121.19799999959828,-8.350999999599274,90,90,0,-0.009108817119455853,0.8202369772851634,0.6224640912896735,1.260723602335314,7.913120624929453,-4.626019927422396,-2.0562675329864706,-0.1000416590515342,-0.01694255906780815,0.016942559067808352,7.913120624929453,3.18219080903959
-16.50238745256653,5.559746376786639,-20,121.19799999959828,-8.300999999599275,90,90,0,-0.009732933227453666,0.881702873764977,0.7319331046797357,1.5351356781751586,8.46569761790402,-4.211838007736858,-2.649053822993709,-0.1151266564628577,0.0015215410494428298,-0.0015215410494425737,8.46569761790402,3.3847575061121655
-16.50238745256653,11.119492709014576,-20,121.19799999959828,-8.250999999599275,90,90,0,-0.009769385111196738,-0.6487956937694956,-0.15486114830965714,2.1891916874944677,10.434516083765406,-3.5673508032800196,-1.8295261264132519,-0.12630523609332883,0.020666559015427695,-0.02066655901542745,10.434516083765406,4.153139874490735
-16.50238745256653,16.679239041242514,-20,121.19799999959828,-8.200999999599274,90,90,0,-0.00924425628747133,-0.5687908588881223,-0.021650078906761183,3.5764362258025786,12.563934794262464,-0.02934128003768873,1.5389573051688126,-0.13221659148371107,0.03703022053842699,-0.03703022053842687,12.563934794262464,4.988543697166558
-16.50238745256653,22.238985373470452,-20,121.19799999959828,-8.150999999599275,90,90,0,-0.008233819245664853,-0.5030015841025854,0.1221175989757764,5.47014616863108,10.267905670582746,10.062542483763012,2.512520307238763,-0.13218733283944265,0.047718959502658906,-0.047718959502658725,10.267905670582746,4.05944330873044
-16.50238745256653,27.79873170569839,-20,121.19799999959828,-8.100999999599274,90,90,0,-0.006852210785532276,-0.46921017235824947,0.1737737545886906,5.54484248790543,9.497128349467827,11.428010127008282,-3.8524679621380415,-0.12636677266139487,0.050950751428464315,-0.05095075142846374,9.497128349467827,3.747900588358667
-16.50238745256653,33.358478037926325,-20,121.19799999959828,-8.050999999599275,90,90,0,-0.005233715349007184,-0.420228193893725,0.12655031031306518,3.8692332493954713,10.506062839392149,4.055727917091319,-4.666420811210336,-0.1156514191864803,0.046333378047980496,-0.046333378047979976,10.506062839392149,4.15609175770888
-16.50238745256653,38.91822437015426,-20,121.19799999959828,-8.000999999599275,90,90,0,-0.0035136511018572514,-0.35973161613042004,0.06628174951387983,2.3309957629113636,9.032082678206095,-0.27162168020611666,-2.487922950943613,-0.10144123540118112,0.03478765973487515,-0.034787659734874854,9.032082678206095,3.578045411547563
-16.50238745256653,44.4779707023822,-20,121.19799999959828,-7.950999999599275,90,90,0,-0.0018120510470092388,-0.3060765127762787,0.023865452908830076,1.3517392788170224,6.854592955949018,-1.672597352633688,-0.7936826415581142,-0.08532272027566627,0.018165929297474355,-0.018165929297474223,6.854592955949018,2.723671253082133
-16.50238745256653,50.03771703461014,-20,121.19799999959828,-7.900999999599275,90,90,0,-0.00022302581629055074,-0.2642416111073228,-0.0005826247192324274,0.7863779607085251,5.011782675918308,-1.784106120008714,0.0711919876546235,-0.0687797049046622,-0.0012720242522742298,0.0012720242522742736,5.011782675918308,2.0059850946195974
-16.50238745256653,55.59746336683808,-20,121.19799999959828,-7.850999999599274,90,90,0,0.0011893883620577583,-0.2329039955371143,-0.012846705059098185,0.4672397291857393,3.6937784720620503,-1.4778387624722855,0.3928267229101819,-0.05299857659496666,-0.021344381417489077,0.02134438141748908,3.6937784720620503,1.4988557702423093
-16.50238745256653,61.157209699066016,-20,121.19799999959828,-7.8009999995992745,90,90,0,0.002389925051794778,-0.20932781186094146,-0.017950408554949504,0.2848280591899596,2.8149582093038736,-1.1105778904061718,0.4392257631772804,-0.03878620141177466,-0.04027669701229345,0.040276697012293444,2.8149582093038736,1.166259980733843
-16.50238745256653,66.71695603129395,-20,121.19799999959828,-7.750999999599275,90,90,0,0.0033673024602342283,-0.19108083931804343,-0.019180941322691714,0.17695429476111832,2.2426166182702,-0.797991776838445,0.3724642155512867,-0.02658080753665902,-0.056846722378345566,0.05684672237834556,2.2426166182702,0.9538933696864256
-16.50238745256653,72.27670236352188,-20,121.19799999959828,-7.700999999599275,90,90,0,0.004127979772446305,-0.17640462072106577,-0.018464594531152234,0.11013060170451228,1.8672525221580234,-0.5610538471473271,0.2739115093350345,-0.0165191688309259,-0.07038034691924254,0.07038034691924253,1.8672525221580234,0.817281355782452
-16.50238745256653,77.83644869574981,-20,121.19799999959828,-7.650999999599275,90,90,0,0.004689979162271957,-0.16413491653525114,-0.01686766203171186,0.0666175325424142,1.6135492932620943,-0.3902614401964351,0.17883534923197206,-0.008524681789294119,-0.08065876220442056,0.08065876220442054,1.6135492932620943,0.7260784795092583
-16.50238745256653,83.39619502797774,-20,121.19799999959828,-7.600999999599275,90,90,0,0.0050776515935545,-0.1535314838893358,-0.014957744524507599,0.036961399033814714,1.4337874133719029,-0.26994292168028605,0.09962944631591165,-0.0023915532526730173,-0.08779177675965075,0.08779177675965075,1.4337874133719029,0.6613067421084119
-16.50238745256653,88.95594136020567,-20,121.19799999959828,-7.550999999599275,90,90,0,0.005317719771424367,-0.1441307608901221,-0.013024779733799674,0.016007210779271155,1.2989749091688227,-0.1860163618955812,0.03848098904964701,0.00214760163394653,-0.0920944023113117,0.0920944023113117,1.2989749091688227,0.6116843659788408
-16.50238745256653,94.5156876924336,-20,121.19799999959828,-7.500999999599275,90,90,0,0.005436576040858426,-0.13564202950536014,-0.011207601045682525,0.0008365462537626017,1.191887637576081,-0.12766996260827682,-0.006416501091104438,0.005374198522772857,-0.09398561507590615,0.09398561507590615,1.191887637576081,0.5707406701063386
-16.50238745256653,100.07543402466153,-20,121.19799999959828,-7.450999999599275,90,90,0,0.00545863315495182,-0.12788020852458687,-0.009564334018694776,-0.010287174886845288,1.102413315704174,-0.08711297549090884,-0.03804260068097129,0.007554231626661268,-0.09391493296068823,0.09391493296068823,1.102413315704174,0.5348802592423578
-16.50238745256653,105.63518035688946,-20,121.19799999959828,-7.400999999599275,90,90,0,0.005405469336582758,-0.12072413020516742,-0.00811103687079262,-0.018458830608045658,1.0246469107985334,-0.058888354306201006,-0.059376970976628134,0.008922795296699225,-0.09231484759679223,0.09231484759679223,1.0246469107985334,0.5021736119162056
-16.50238745256653,111.1949266891174,-20,121.19799999959828,-7.350999999599275,90,90,0,0.005295522662153274,-0.11409119670967877,-0.006842743956146202,-0.024410993881270885,0.9551404455714863,-0.039219541580010474,-0.07298272264885815,0.009678205097350182,-0.08957388924308439,0.08957388924308439,0.9551404455714863,0.4716300674716789
-11.001591649776328,-111.1949266,-20,121.24799999959828,-9.350999999599274,90,90,0,0.00606280638082278,0.17567873934289485,-0.024767530837298657,-0.062011830358500546,1.508041065545594,-0.0061454992469952415,0.27515853481833763,0.01731278451720375,0.09348638697182075,-0.09348638697182077,1.508041065545594,0.5097300392464169
-11.001591649776328,-105.63518026777207,-20,121.24799999959828,-9.300999999599275,90,90,0,0.006364438783663939,0.18706625408403954,-0.02901085520246327,-0.058068209309063985,1.631325611517553,-0.024242407487559715,0.2842600958811793,0.018427215897696303,0.09849318826224641,-0.09849318826224643,1.631325611517553,0.5540370563447748
-11.001591649776328,-100.07543393554414,-20,121.24799999959828,-9.250999999599275,90,90,0,0.006644107368504709,0.1994038053017031,-0.03398761244024162,-0.051531317332321885,1.768395335061659,-0.05120148810854968,0.28754654008055275,0.019414664116878734,0.10289917073630582,-0.10289917073630583,1.768395335061659,0.6044589632883578
-11.001591649776328,-94.51568760331621,-20,121.24799999959828,-9.200999999599274,90,90,0,0.006888567680095839,0.21281208495104242,-0.03980479763203826,-0.041337708071961174,1.92310890059664,-0.09026965564033661,0.28240829396525624,0.020205285289106274,0.10639809391584253,-0.10639809391584254,1.92310890059664,0.6628454663228135
-11.001591649776328,-88.95594127108828,-20,121.24799999959828,-9.150999999599275,90,90,0,0.0070815755877005615,0.2274486183636748,-0.04656625942011672,-0.025881280995996504,2.101301558032716,-0.14537774479066104,0.2656286012333212,0.02071885341094363,0.10862863791651925,-0.10862863791651926,2.101301558032716,0.7318919852965672
-11.001591649776328,-83.39619493886035,-20,121.24799999959828,-9.100999999599274,90,90,0,0.007203758049389719,0.24352411313939398,-0.054357574307513645,-0.002683526934871977,2.3116714029374723,-0.22077730525109213,0.2334058041723384,0.020867983519935976,0.10918338615167338,-0.10918338615167339,2.3116714029374723,0.8154851750233156
-11.001591649776328,-77.83644860663242,-20,121.24799999959828,-9.050999999599275,90,90,0,0.00723275229027219,0.2613236553313251,-0.06322112886092202,0.032131917033073894,2.5668110564567788,-0.31997766178173703,0.18143080670734102,0.020563197973115264,0.10762966148139345,-0.10762966148139347,2.5668110564567788,0.919094761101318
-11.001591649776328,-72.27670227440449,-20,121.24799999959828,-9.000999999599275,90,90,0,0.00714376484215537,0.28123076897680216,-0.07311786750752292,0.08464820244446046,2.884092518197648,-0.4432960847035779,0.10493447876892793,0.01971929419320138,0.10354659855936689,-0.10354659855936689,2.884092518197648,1.0500904087196923
-11.001591649776328,-66.71695594217655,-20,121.24799999959828,-8.950999999599276,90,90,0,0.0069107292748293025,0.30374707804655415,-0.0838722659190635,0.16433278980832794,3.2856191237954735,-0.5828373586402481,-0.0015459052443059843,0.018261547519596882,0.09658215321715577,-0.09658215321715576,3.2856191237954735,1.2176654963010336
-11.001591649776328,-61.157209609948616,-20,121.24799999959828,-8.900999999599275,90,90,0,0.00650824273036707,0.3294889078225175,-0.09509697114139948,0.2855878586758408,3.7954141952612845,-0.7129881189617254,-0.1450826103771637,0.0161292659775589,0.0865309859291261,-0.08653098592912607,3.7954141952612845,1.4316346921753877
-11.001591649776328,-55.59746327772068,-20,121.24799999959828,-8.850999999599274,90,90,0,0.005914409406804572,0.3591189763211718,-0.10608726435486826,0.4693653859799312,4.4298757149777925,-0.7736242003671119,-0.33578601086112303,0.013273675124348782,0.07342824517364367,-0.07342824517364363,4.4298757149777925,1.6985220408174735
-11.001591649776328,-50.03771694549274,-20,121.24799999959828,-8.800999999599275,90,90,0,0.005114581963916648,0.3931271278819224,-0.11563892497124706,0.7435560705684442,5.173559960208235,-0.6432230204834993,-0.5844080769761413,0.009647981952782093,0.05764481913874676,-0.057644819138746674,5.173559960208235,2.011779164944547
-11.001591649776328,-44.4779706132648,-20,121.24799999959828,-8.750999999599275,90,90,0,0.004105747394883591,0.43130737092656063,-0.1216021405859985,1.1379513874621356,5.928708891642819,-0.10713648172337098,-0.875309179882255,0.005190695184734276,0.03995820050636536,-0.039958200506365234,5.928708891642819,2.3315253561507623
-11.001591649776328,-38.91822428103686,-20,121.24799999959828,-8.700999999599276,90,90,0,0.002900967225276746,0.4717985226937138,-0.11959167305253199,1.661910879168469,6.449677661001139,1.1201894336079121,-1.0526421302793678,-0.00019103764954887242,0.021564550156259844,-0.021564550156259677,6.449677661001139,2.5583065142441956
-11.001591649776328,-33.358477948808925,-20,121.24799999959828,-8.650999999599275,90,90,0,0.0015329349459793362,0.5103476706872484,-0.09982109134288542,2.241604279025542,6.436207897450403,3.0522749559165674,-0.5680824571846506,-0.0066250779578151675,0.00399949651241519,-0.003999496512415018,6.436207897450403,2.5704836624677463
-11.001591649776328,-27.798731616580987,-20,121.24799999959828,-8.600999999599274,90,90,0,0.00005551040187742884,0.5434667880700629,-0.04374108707628527,2.6304180651751254,6.2314346928504705,4.374996029563893,1.3530584012688476,-0.014249447569267982,-0.011045913399846374,0.011045913399846452,6.2314346928504705,2.503619790540035
-11.001591649776328,-22.23898528435305,-20,121.24799999959828,-8.550999999599275,90,90,0,-0.0014577957031224054,0.5781850327520752,0.06558581296338561,2.519189389204176,7.123660988901848,2.585502453430584,3.724433292959075,-0.023149754972301324,-0.02199360630807732,0.021993606308077243,7.123660988901848,2.8714580018688163
-11.001591649776328,-16.67923895212511,-20,121.24799999959828,-8.500999999599275,90,90,0,-0.0029189028803329464,0.6285505567751304,0.21475812226614344,1.9907479299592856,8.631730514089329,-1.4764878778028372,3.7259761968121627,-0.033266193266816825,-0.027675211345860127,0.02767521134586002,8.631730514089329,3.4803674169815912
-11.001591649776328,-11.119492619897173,-20,121.24799999959828,-8.450999999599276,90,90,0,-0.004233521268557194,0.6929197544860259,0.3674378771234173,1.4823082034072756,8.931188511814257,-4.207969017883803,1.5937908393040963,-0.044298544452583286,-0.027583682471281117,0.02758368247128111,8.931188511814257,3.600059087196984
-11.001591649776328,-5.559746287669236,-20,121.24799999959828,-8.400999999599275,90,90,0,-0.005311684427585395,0.7589312451518553,0.5032252209155956,1.2354107297382224,8.300798004085367,-4.892883373848747,-0.6017444009040213,-0.05565153840993334,-0.022016953089086584,0.0220169530890867,8.300798004085367,3.3423361547232338
-11.001591649776328,0.00000004455870161734765,-20,121.24799999959828,-8.350999999599274,90,90,0,-0.006078784915183683,0.8210541346073967,0.6219414587246601,1.253578622172736,7.879459642390378,-4.632101653005859,-2.0521546065342138,-0.06645867100807733,-0.012080324900072645,0.012080324900072846,7.879459642390378,3.163864181856224
-11.001591649776328,5.559746376786639,-20,121.24799999959828,-8.300999999599275,90,90,0,-0.006485256453045096,0.8823173497160499,0.7313885796026092,1.5256419461664585,8.432587091500796,-4.219752518792663,-2.6442032170491423,-0.0756982549493485,0.00045599461191605004,-0.0004559946119157947,8.432587091500796,3.372578841988403
-11.001591649776328,11.119492709014576,-20,121.24799999959828,-8.250999999599275,90,90,0,-0.006513190285201642,-0.64838290636692,-0.15543037859741243,2.180234425088309,10.401863519043903,-3.577238404178427,-1.823247465275632,-0.08238037489363509,0.01342693413038888,-0.013426934130388635,10.401863519043903,4.147318473487172
-11.001591649776328,16.679239041242514,-20,121.24799999959828,-8.200999999599274,90,90,0,-0.006178582029652546,-0.5685841874281297,-0.022237144037324352,3.570646448240989,12.531657554351781,-0.04103133189164517,1.5471189604732176,-0.08575308398516446,0.02463324438857019,-0.024633244388570064,12.531657554351781,4.988029777352143
-11.001591649776328,22.238985373470452,-20,121.24799999959828,-8.150999999599275,90,90,0,-0.005528593883068367,-0.5030094213666003,0.12152823354752751,5.469418681609301,10.236122482374142,10.049510320477083,2.522649134186215,-0.08546455676579356,0.032228500318628193,-0.03222850031862801,10.236122482374142,4.062220492631029
-11.001591649776328,27.79873170569839,-20,121.24799999959828,-8.100999999599274,90,90,0,-0.00463419309858723,-0.4694414935382323,0.17320334481120275,5.550023668261219,9.466290194605962,11.414294229442476,-3.8406848608392483,-0.0816310867448922,0.03504217073128153,-0.03504217073128096,9.466290194605962,3.7514739071111043
-11.001591649776328,33.358478037926325,-20,121.24799999959828,-8.050999999599275,90,90,0,-0.0035796106105198122,-0.42068823104880965,0.12602197991474792,3.880071001438317,10.476958053326776,4.042053560247565,-4.6536094713898155,-0.07479387645432262,0.032749224705234024,-0.032749224705233504,10.476958053326776,4.158033996625477
-11.001591649776328,38.91822437015426,-20,121.24799999959828,-8.000999999599275,90,90,0,-0.002450855629931109,-0.36041799892466303,0.0658167966852019,2.346351873340843,9.005705565092244,-0.2845919493753999,-2.474867364216299,-0.06578597100987671,0.02583977016959071,-0.025839770169590416,9.005705565092244,3.5764424558673076
-11.001591649776328,44.4779707023822,-20,121.24799999959828,-7.950999999599275,90,90,0,-0.0013256369435314108,-0.30697708896018666,0.02348060558870957,1.3699677538187183,6.831930750437518,-1.6843575538383808,-0.7811561693149818,-0.055557262398619016,0.015412110960553586,-0.015412110960553454,6.831930750437518,2.7173601892144537
-11.001591649776328,50.03771703461014,-20,121.24799999959828,-7.900999999599275,90,90,0,-0.0002664047055102037,-0.26533445663083516,-0.0008766570770870896,0.805729419601665,4.993607225552259,-1.7943488548557296,0.08255861727441913,-0.04501008534418709,0.0028710490867472705,-0.0028710490867472262,4.993607225552259,1.9945718411341566
-11.001591649776328,55.59746336683808,-20,121.24799999959828,-7.850999999599274,90,90,0,0.0006828490773293505,-0.23415932855109248,-0.013045442837950477,0.48617721370487293,3.6805118829719143,-1.4864490291019619,0.4026157211261331,-0.034882655766379174,-0.010369999054007777,0.010369999054007782,3.6805118829719143,1.4825747522427737
-11.001591649776328,61.157209699066016,-20,121.24799999959828,-7.8009999995992745,90,90,0,0.001496423459983881,-0.21071102124351226,-0.01805489433168006,0.3022032036180837,2.8066372021362938,-1.117594945865598,0.4472420521530559,-0.025693641747351753,-0.023110041903375473,0.023110041903375463,2.8066372021362938,1.145764922757893
-11.001591649776328,66.71695603129395,-20,121.24799999959828,-7.750999999599275,90,90,0,0.002164397744615437,-0.19255574971886763,-0.01919651744608758,0.19205242835255654,2.2389397105806763,-0.8035582292035226,0.37870245057014035,-0.017740484089516798,-0.03447644724720983,0.03447644724720982,2.2389397105806763,0.9300523314794803
-11.001591649776328,72.27670236352188,-20,121.24799999959828,-7.700999999599275,90,90,0,0.0026889500982888725,-0.1779363281940077,-0.01839952687649815,0.12262564679428047,1.8676744388501947,-0.5653669902545816,0.278502631940696,-0.011133134480952267,-0.043946237827322286,0.04394623782732228,1.8676744388501947,0.7910160133674002
-11.001591649776328,77.83644869574981,-20,121.24799999959828,-7.650999999599275,90,90,0,0.0030804813075079873,-0.16569184780918228,-0.016731863059485264,0.07648261908590673,1.6173873562304968,-0.39353505739259376,0.1819909495467484,-0.005843575499162621,-0.05130336786714048,0.05130336786714047,1.6173873562304968,0.6982583103593393
-11.001591649776328,83.39619502797774,-20,121.24799999959828,-7.600999999599275,90,90,0,0.0033541748478137234,-0.1550866115547732,-0.014761731910592824,0.04437058266250713,1.4403156436010194,-0.2723818342794689,0.10159493959327667,-0.0017560740982172087,-0.05656516786409457,0.056565167864094566,1.4403156436010194,0.6326914253045024
-11.001591649776328,88.95594136020567,-20,121.24799999959828,-7.550999999599275,90,90,0,0.003527290617458184,-0.14566208442713566,-0.012778913320698304,0.021249026230905493,1.3074942927744815,-0.18780231502875405,0.039501887545714945,0.001290521523937249,-0.05990356413022847,0.05990356413022847,1.3074942927744815,0.582901281240021
-11.001591649776328,94.5156876924336,-20,121.24799999959828,-7.500999999599275,90,90,0,0.0036172449052402356,-0.13713250972485885,-0.010921581120569623,0.004247885697817554,1.2017706857579111,-0.1289559249276348,-0.006115458513661151,0.0034716799399715126,-0.06157626679227201,0.06157626679227201,1.2017706857579111,0.5422845410954364
-11.001591649776328,100.07543402466153,-20,121.24799999959828,-7.450999999599275,90,90,0,0.0036403872140129134,-0.1293173503694737,-0.009246914516257754,-0.008366192836589787,1.1131265487412845,-0.08802283714618266,-0.03826793934898785,0.004956978301101709,-0.06187424472189334,0.06187424472189334,1.1131265487412845,0.5071248642184071
-11.001591649776328,105.63518035688946,-20,121.24799999959828,-7.400999999599275,90,90,0,0.003611325156542944,-0.12209937869757939,-0.007769899014427872,-0.017712223450067798,1.0357569903706152,-0.05951958816749414,-0.05996967194458361,0.005898761576275465,-0.06108597123506082,0.06108597123506083,1.0357569903706152,0.47538876738330693
-11.001591649776328,111.1949266891174,-20,121.24799999959828,-7.350999999599275,90,90,0,0.003542642136989682,-0.11539926766463943,-0.006484479949172395,-0.02456096915067915,0.9663096617174397,-0.039647138119967104,-0.07381689393322342,0.006427182566265073,-0.05947592440882169,0.0594759244088217,0.9663096617174397,0.4459997890957976
-5.500795846986126,-111.1949266,-20,121.29799999959828,-9.350999999599274,90,90,0,0.003040041463158852,0.17648050106608149,-0.02452415795159879,-0.06318490448466815,1.518573645354656,-0.006135926630884587,0.27719861665362483,0.008695706227299958,0.04672278500213881,-0.046722785002138834,1.518573645354656,0.5607066731397237
-5.500795846986126,-105.63518026777207,-20,121.29799999959828,-9.300999999599275,90,90,0,0.0031897485672666426,0.18795091952386495,-0.028794788802871896,-0.058700722486575395,1.6422059996765794,-0.02430111797831612,0.2864440110775506,0.009257225885631357,0.04915621118733691,-0.049156211187336936,1.6422059996765794,0.6077261886832949
-5.500795846986126,-100.07543393554414,-20,121.29799999959828,-9.250999999599275,90,90,0,0.0033278643030558996,0.20037426708899186,-0.033804991773755066,-0.05141274988061141,1.7794384830741647,-0.05135628466414962,0.2898655228833852,0.00975659638495392,0.05126629969797738,-0.0512662996979774,1.7794384830741647,0.6605090935316886
-5.500795846986126,-94.51568760331621,-20,121.29799999959828,-9.200999999599274,90,90,0,0.003447632026127259,0.21386963645444051,-0.03966216087998575,-0.040216134525806885,1.934064255268676,-0.09055408784734088,0.2848508879067153,0.01015953010275936,0.05289645131159418,-0.0528964513115942,1.934064255268676,0.7207292507958762
-5.500795846986126,-88.95594127108828,-20,121.29799999959828,-9.150999999599275,90,90,0,0.0035408001249579157,0.22859240679296655,-0.04647029951266346,-0.023466506572325102,2.111845566021678,-0.14583030052221616,0.2681825110908074,0.010426625042612953,0.05386363127871379,-0.053863631278713804,2.111845566021678,0.7908745951299575
-5.500795846986126,-83.39619493886035,-20,121.29799999959828,-9.100999999599274,90,90,0,0.0035975784889219903,0.2447505502046512,-0.05431477908393223,0.001342292703756312,2.321404645631098,-0.22143929807537205,0.2360607795484053,0.010514796137185976,0.05396395870377879,-0.053963958703778805,2.321404645631098,0.8745978995486605
-5.500795846986126,-77.83644860663242,-20,121.29799999959828,-9.050999999599275,90,90,0,0.003606739144348961,0.26262583774397275,-0.06323729909132114,0.03809269161832614,2.575263348036845,-0.32088939794074833,0.1841822717219578,0.010379467604497738,0.052984532440937135,-0.05298453244093715,2.575263348036845,0.977120806773801
-5.500795846986126,-72.27670227440449,-20,121.29799999959828,-9.000999999599275,90,90,0,0.0035559367058467656,0.28259799191044793,-0.07319752886575104,0.0928378599634891,2.890739873732684,-0.44449109836352274,0.10778704575083185,0.00997723298621626,0.05072349533160784,-0.05072349533160784,2.890739873732684,1.1055724541614658
-5.500795846986126,-66.71695594217655,-20,121.29799999959828,-8.950999999599276,90,90,0,0.0034323342799909284,0.30516455716187085,-0.08401802629119448,0.1749625463353098,3.2899162717675017,-0.58433498451234,0.001423372582957668,0.009268306483465393,0.04701974619796307,-0.04701974619796306,3.2899162717675017,1.2689467625090376
-5.500795846986126,-61.157209609948616,-20,121.29799999959828,-8.900999999599275,90,90,0,0.0032236151069491847,0.33093784921796354,-0.09530892033205907,0.2987180322056345,3.796844518072666,-0.7147854724064789,-0.14197210761366272,0.008217729344860805,0.04179203710865966,-0.041792037108659634,3.796844518072666,1.476945770120407
-5.500795846986126,-55.59746327772068,-20,121.29799999959828,-8.850999999599274,90,90,0,0.0029194268206561153,0.3605771316639815,-0.10636255952500251,0.4848292215936493,4.428016441423056,-0.7756896656148571,-0.33250900406332073,0.0067942226354635715,0.035084075243008,-0.03508407524300795,4.428016441423056,1.7361225013262145
-5.500795846986126,-50.03771694549274,-20,121.29799999959828,-8.800999999599275,90,90,0,0.002513230876000777,0.3945699230679749,-0.11597173239996328,0.760891613664796,5.168154059185224,-0.6454942900472443,-0.5809534849879558,0.0049661596610907684,0.0271077691862628,-0.02710776918626272,5.168154059185224,2.0401538544878273
-5.500795846986126,-44.4779706132648,-20,121.29799999959828,-8.750999999599275,90,90,0,0.0020044090446460355,0.4327095861340535,-0.12198408513690179,1.1563657506574285,5.919727924939934,-0.10952648165089385,-0.8716995411070463,0.002695650060308799,0.018271972085477164,-0.018271972085477043,5.919727924939934,2.349619197890497
-5.500795846986126,-38.91822428103686,-20,121.29799999959828,-8.700999999599276,90,90,0,0.0014003254407679022,0.47313633774094516,-0.12001285587345156,1.6803042510808563,6.437355370411442,1.1177764162406818,-1.0489507212708487,-0.0000659748846812766,0.00918130409170376,-0.009181304091703594,6.437355370411442,2.5657608440728734
-5.500795846986126,-33.358477948808925,-20,121.29799999959828,-8.650999999599275,90,90,0,0.0007178982381610688,0.5116007179467447,-0.10027156997806613,2.258672980321724,6.421027008792142,3.0499173516963243,-0.564437705157697,-0.0033758671087936315,0.0005919313184974194,-0.0005919313184972464,6.421027008792142,2.5678188721983592
-5.500795846986126,-27.798731616580987,-20,121.29799999959828,-8.600999999599274,90,90,0,-0.00001583305135333113,0.5446197543878396,-0.044212507945203816,2.644834766833463,6.214061549663867,4.372723790202547,1.356491317066912,-0.007284925264505419,-0.006679524461308308,0.0066795244613083865,6.214061549663867,2.492304144326855
-5.500795846986126,-22.23898528435305,-20,121.29799999959828,-8.550999999599275,90,90,0,-0.0007645851943508253,0.5792283954673763,0.06509889887120829,2.5298302130089114,7.104840610740788,2.5832692877862713,3.7274970456925423,-0.011808299139851892,-0.01188303247744117,0.011883032477441095,7.104840610740788,2.8538192767737565
-5.500795846986126,-16.67923895212511,-20,121.29799999959828,-8.500999999599275,90,90,0,-0.0014853556056755868,0.6294802399524155,0.21425774451597468,1.9969138669670625,8.612169359410716,-1.478817905671475,3.7285833092039637,-0.016885748384467148,-0.014472855402427303,0.014472855402427195,8.612169359410716,3.4593405991667137
-5.500795846986126,-11.119492619897173,-20,121.29799999959828,-8.450999999599276,90,90,0,-0.0021324417704993437,0.6937357763923331,0.3669232296279819,1.4838844840487542,8.911455148295358,-4.210611265591125,1.595981980451397,-0.022344471932647797,-0.014223719432104891,0.014223719432104884,8.911455148295358,3.5788057787502483
-5.500795846986126,-5.559746287669236,-20,121.29799999959828,-8.400999999599275,90,90,0,-0.0026624439820849832,0.7596356800055863,0.5026942923502379,1.2329238513572438,8.281262897257953,-4.8960956712650825,-0.5997717860583857,-0.027881616335157462,-0.01129721664441373,0.011297216644413842,8.281262897257953,3.3238023755475954
-5.500795846986126,0.00000004455870161734765,-20,121.29799999959828,-8.350999999599274,90,90,0,-0.0030394825263006797,0.8216488541318239,0.6213932762017617,1.2481361606514207,7.860282734819601,-4.636126647307521,-2.0500661827666495,-0.033081011592715426,-0.006241907935895442,0.0062419079358956445,7.860282734819601,3.150355001863736
-5.500795846986126,5.559746376786639,-20,121.29799999959828,-8.300999999599275,90,90,0,-0.0032397619594277116,0.8828020471747102,0.7308253845097945,1.5187632573875414,8.413753592333318,-4.224753967264781,-2.641597692121314,-0.03746833218037349,0.00007616961012568981,-0.00007616961012543506,8.413753592333318,3.365425267323202
-5.500795846986126,11.119492709014576,-20,121.29799999959828,-8.250999999599275,90,90,0,-0.003254674493502363,-0.6480119377860407,-0.1560017067639739,2.1735984348139064,10.383263269981162,-3.583250284925179,-1.81975802031433,-0.040594576873579875,0.006604377796062781,-0.006604377796062537,10.383263269981162,4.146700930196403
-5.500795846986126,16.679239041242514,-20,121.29799999959828,-8.200999999599274,90,90,0,-0.0030918360221864616,-0.5683341533187094,-0.02280485656550507,3.5658006665360955,12.51319435210331,-0.047936015270983644,1.551724068620259,-0.04212566721070754,0.012276211505968814,-0.012276211505968691,12.51319435210331,4.9930015293353565
-5.500795846986126,22.238985373470452,-20,121.29799999959828,-8.150999999599275,90,90,0,-0.0027737879599249726,-0.5028898580612903,0.1209797392492784,5.467511029541491,10.217825114348829,10.041967586342189,2.5284001854742897,-0.04191166039829426,0.016193835701509705,-0.016193835701509528,10.217825114348829,4.070936210038022
-5.500795846986126,27.79873170569839,-20,121.29799999959828,-8.100999999599274,90,90,0,-0.0023345537245365866,-0.4694620421934218,0.1726915857186735,5.55162399406519,9.448386536589174,11.406459182665284,-3.8339703165581467,-0.040014898751626615,0.017778971807375255,-0.01777897180737468,9.448386536589174,3.761575642828295
-5.500795846986126,33.358478037926325,-20,121.29799999959828,-8.050999999599275,90,90,0,-0.0018147174811672662,-0.42085593154251627,0.12556407576129136,3.8851290627889803,10.459880645557034,4.034299724510673,-4.646282414081699,-0.03669020570562716,0.01685319588986362,-0.016853195889863098,10.459880645557034,4.167099062332951
-5.500795846986126,38.91822437015426,-20,121.29799999959828,-8.000999999599275,90,90,0,-0.0012560320961368943,-0.3607348769882209,0.06542736109248115,2.354294862506565,8.990023465268727,-0.2919250431428863,-2.4673664871991994,-0.03232607878899467,0.013627801369656538,-0.013627801369656243,8.990023465268727,3.5823815847378353
-5.500795846986126,44.4779707023822,-20,121.29799999959828,-7.950999999599275,90,90,0,-0.0006966153349959314,-0.30743870759194997,0.02317026025682195,1.3798938661574838,6.818233791847216,-1.6910094189707179,-0.7739187496657803,-0.02736694222216072,0.008612687080498827,-0.008612687080498695,6.818233791847216,2.7186808296583878
-5.500795846986126,50.03771703461014,-20,121.29799999959828,-7.900999999599275,90,90,0,-0.00016752986366649902,-0.26592974810210523,-0.0011019661156633775,0.8166290816078455,4.9823860144302845,-1.8001590157194067,0.08916878335997785,-0.02223885229899197,0.0024787847132366216,-0.0024787847132365774,4.9823860144302845,1.9904756210588772
-5.500795846986126,55.59746336683808,-20,121.29799999959828,-7.850999999599274,90,90,0,0.00030891643184921547,-0.2348716003088438,-0.01318437584834753,0.49711990514236365,3.672071834261257,-1.491355141897415,0.40834935210828194,-0.017295201531168352,-0.0040826739562902165,0.004082673956290222,3.672071834261257,1.472911407660793
-5.500795846986126,61.157209699066016,-20,121.29799999959828,-7.8009999995992745,90,90,0,0.0007192740569422484,-0.21151972730655638,-0.018110092894074142,0.31245540645926345,2.801064725730068,-1.1216150947958567,0.45197338269395093,-0.012789139494274529,-0.010469665906492915,0.010469665906492906,2.801064725730068,1.1308955561985201
-5.500795846986126,66.71695603129395,-20,121.29799999959828,-7.750999999599275,90,90,0,0.0010578907615551303,-0.1934385243219362,-0.019173673383432843,0.20112289319776191,2.2361170584377237,-0.806766139296786,0.38241421984940843,-0.008870438190021566,-0.01623178336524511,0.0162317833652451,2.2361170584377237,0.9106786067403346
-5.500795846986126,72.27670236352188,-20,121.29799999959828,-7.700999999599275,90,90,0,0.0013252182904627263,-0.1788708591433621,-0.0183063705502291,0.13025464909703244,1.8673265244750787,-0.5678674161236541,0.28125832314196575,-0.005599291401100613,-0.021087388202807797,0.021087388202807787,1.8673265244750787,0.7680179979928393
-5.500795846986126,77.83644869574981,-20,121.29799999959828,-7.650999999599275,90,90,0,0.0015259564879669951,-0.16665733330529522,-0.016577232166903322,0.08259890404523046,1.619141037851094,-0.3954437039980929,0.18390424678805276,-0.002968396590008521,-0.024908004413722727,0.02490800441372272,1.619141037851094,0.6725644195541604
-5.500795846986126,83.39619502797774,-20,121.29799999959828,-7.600999999599275,90,90,0,0.001667358204333863,-0.15606471170870873,-0.014554809825654935,0.049036978525399504,1.4437561417855465,-0.2738113756213671,0.10280292915559495,-0.000926293606536269,-0.027685203579052072,0.02768520357905207,1.4437561417855465,0.6051876602932706
-5.500795846986126,88.95594136020567,-20,121.29799999959828,-7.550999999599275,90,90,0,0.0017578630351035296,-0.14663740007030454,-0.012528666353704088,0.024610791288530685,1.3122100332700326,-0.1888541728286175,0.040144976248045465,0.0006023848857962898,-0.029492728756402187,0.029492728756402183,1.3122100332700326,0.5543767420644152
-5.500795846986126,94.5156876924336,-20,121.29799999959828,-7.500999999599275,90,90,0,0.0018061057122809587,-0.1380926856616772,-0.01063638439187431,0.006490872926796544,1.2073837400185679,-0.1297165471526645,-0.005906544470513368,0.0017016084503760165,-0.030452052737763424,0.030452052737763424,1.2073837400185679,0.5134055487451906
-5.500795846986126,100.07543402466153,-20,121.29799999959828,-7.450999999599275,90,90,0,0.0018202687451901178,-0.13025291876726963,-0.008934335425853868,-0.007045591558284895,1.1193096969239424,-0.08856301743725023,-0.0383791575376953,0.002453716465099988,-0.03070525095375917,0.030705250953759172,1.1193096969239424,0.4784291297233362
-5.500795846986126,105.63518035688946,-20,121.29799999959828,-7.400999999599275,90,90,0,0.0018077130515446738,-0.12300344843385702,-0.00743660060860557,-0.017126348322530942,1.0422402726386675,-0.05989556278780197,-0.06030626982106588,0.002933463304354473,-0.03039599470334645,0.030395994703346453,1.0422402726386675,0.4472921037588135
-5.500795846986126,111.1949266891174,-20,121.29799999959828,-7.350999999599275,90,90,0,0.0017748122317984283,-0.11626714273288119,-0.006136208318816838,-0.02454163273997015,0.972879694348742,-0.03990253224437047,-0.07430317184502311,0.003205232769751163,-0.029657743491361202,0.029657743491361205,0.972879694348742,0.418809621230858
-0.000000044195923365464296,-111.1949266,-20,121.34799999959827,-9.350999999599274,90,90,0,0.000000000024447902036150992,0.17660027310231052,-0.024206633183639692,-0.06355415792005252,1.5220636663913194,-0.0061310933084571945,0.27788036231131574,0.00000000006997034895928064,0.00000000037532504492652836,-0.00000000037532506583336293,1.5220636663913194,0.6088254661812027
-0.000000044195923365464296,-105.63518026777207,-20,121.34799999959827,-9.300999999599275,90,90,0,0.00000000002564770618107559,0.1881005047167646,-0.028490158552807454,-0.05888314222697422,1.6458024756580076,-0.024318255312246705,0.2871739248176028,0.00000000007449318939478642,0.000000000394685981677697,-0.000000000394686002867581,1.6458024756580076,0.6583209898685172
-0.000000044195923365464296,-100.07543393554414,-20,121.34799999959827,-9.250999999599275,90,90,0,0.000000000026752697279697202,0.20055590746538549,-0.033517467099870024,-0.051337214424589384,1.7830773883210012,-0.05140428970533222,0.29064076019023666,0.00000000007851976013828474,0.0000000004113868329115188,-0.0000000004113868538516304,1.7830773883210012,0.7132309549170137
-0.000000044195923365464296,-94.51568760331621,-20,121.34799999959827,-9.200999999599274,90,90,0,0.000000000027708141336901804,0.21408523959630493,-0.03939642832063739,-0.03979809622316227,1.9376596415567173,-0.09064363853695243,0.2856676985118403,0.00000000008177646060314456,0.00000000042416236945564745,-0.00000000042416238938467963,1.9376596415567173,0.7750638561985246
-0.000000044195923365464296,-88.95594127108828,-20,121.34799999959827,-9.150999999599275,90,90,0,0.000000000028447688649180236,0.22884337385869968,-0.04623145521788519,-0.022609402980351623,2.1152873498510987,-0.1459735702723395,0.2690368002386596,0.00000000008394958339597023,0.00000000043153434680145356,-0.00000000043153436465963303,2.1152873498510987,0.8461149395089052
-0.000000044195923365464296,-83.39619493886035,-20,121.34799999959827,-9.100999999599274,90,90,0,0.00000000002889227745939138,0.245037584247626,-0.05410821205100458,0.002743012959181834,2.324558098836354,-0.22164926105632757,0.23694896301348622,0.00000000008469273893307869,0.0000000004318667907607775,-0.00000000043186680510175584,2.324558098836354,0.9298232391026748
-0.000000044195923365464296,-77.83644860663242,-20,121.34799999959827,-9.050999999599275,90,90,0,0.000000000028951410713240477,0.26294874727329054,-0.06306851612867914,0.04014181315297037,2.5779714068564936,-0.3211786092826258,0.18510231430201082,0.00000000008364857417841873,0.00000000042345916082148106,-0.00000000042345916969775175,2.5779714068564936,1.0311885623191381
-0.000000044195923365464296,-72.27670227440449,-20,121.34799999959827,-9.000999999599275,90,90,0,0.000000000028526306317111505,0.28295551408829817,-0.07307192051221323,0.09562787325344055,2.8928295128983326,-0.44486990637315393,0.10873939653343263,0.00000000008046618926726976,0.00000000040471378570570386,-0.0000000004047137865085531,2.8928295128983326,1.1571318047546193
-0.000000044195923365464296,-66.71695594217655,-20,121.34799999959827,-8.950999999599276,90,90,0,0.00000000002751436578574129,0.3055542346378639,-0.08394058378958003,0.17855583669222416,3.29121001751048,-0.5848092879737273,0.002411304717717187,0.0000000000748192133248615,0.0000000003743773803165637,-0.00000000037437736953082184,3.29121001751048,1.3164840066298147
-0.000000044195923365464296,-61.157209609948616,-20,121.34799999959827,-8.900999999599275,90,90,0,0.000000000025817736837296934,0.3313560009112068,-0.09528392819622677,0.30312450893231224,3.797177468602248,-0.7153543821354055,-0.14094338655242575,0.00000000006641433930587579,0.00000000033185341748818514,-0.00000000033185339029686876,3.797177468602248,1.518870987109046
-0.000000044195923365464296,-55.59746327772068,-20,121.34799999959827,-8.850999999599274,90,90,0,0.00000000002335473481274164,0.3610189555325292,-0.1063933032482518,0.4899821751341064,4.427257751576831,-0.7763437292773573,-0.33143502243094314,0.00000000005498268507153623,0.0000000002775631413865824,-0.0000000002775630910892853,4.427257751576831,1.7709031003531694
-0.000000044195923365464296,-50.03771694549274,-20,121.34799999959827,-8.800999999599275,90,90,0,0.000000000020074664153213462,0.3950297522223432,-0.1160602705880357,0.7666272191243909,5.166229808118369,-0.6462151900191686,-0.5798350208236593,0.000000000040250441868394647,0.00000000021327591959933797,-0.00000000021327583715230435,5.166229808118369,2.066491923034072
-0.000000044195923365464296,-44.4779706132648,-20,121.34799999959827,-8.750999999599275,90,90,0,0.00000000001597535992381438,0.4331812854694162,-0.12213113199742376,1.162413929984923,5.9166401882272215,-0.11028914955903542,-0.8705480723916541,0.000000000021896789936803875,0.00000000014232787002947367,-0.00000000014232774554645322,5.9166401882272215,2.3666560751485606
-0.000000044195923365464296,-38.91822428103686,-20,121.34799999959827,-8.700999999599276,90,90,0,0.000000000011117787246384125,0.47361378094772444,-0.12021779700866458,1.6862990397639492,6.433191262126586,1.1169986895325024,-1.0477926735574419,-0.0000000000004733713421245554,0.00000000006958850080037618,-0.0000000000695883333855429,6.433191262126586,2.573276504781046
-0.000000044195923365464296,-33.358477948808925,-20,121.34799999959827,-8.650999999599275,90,90,0,0.000000000005639863576156756,0.5120782393185126,-0.10053259192510033,2.264187604228595,6.415952662412774,3.049145084196816,-0.5633144883518292,-0.00000000002729802495160527,0.0000000000011016186598113429,-0.0000000000011014455252419798,6.415952662412774,2.5663810649640086
-0.000000044195923365464296,-27.798731616580987,-20,121.34799999959827,-8.600999999599274,90,90,0,-0.0000000000002416122857340497,0.5450924489231639,-0.04452677163858931,2.649440034707631,6.2082998824358695,4.371962238191493,1.357530130239031,-0.00000000005893920768107463,-0.00000000005664903698902475,0.00000000005664911609569121,6.2082998824358695,2.483319953030997
-0.000000044195923365464296,-22.23898528435305,-20,121.34799999959827,-8.550999999599275,90,90,0,-0.0000000000062362615071975824,0.5796921631713593,0.06473514540722419,2.5331665185823553,7.0986370471816524,2.5825007779709415,3.728407896281811,-0.0000000000954489785820467,-0.00000000009774041052933339,0.00000000009774033734190703,7.0986370471816524,2.8394548189704016
-0.000000044195923365464296,-16.67923895212511,-20,121.34799999959827,-8.500999999599275,90,90,0,-0.000000000012001177829290555,0.6299315365016915,0.21384921296728154,1.998760794989692,8.605753912590105,-1.4796370863205537,3.7293471542803664,-0.00000000013626759443052805,-0.00000000011788769517458858,0.00000000011788758920673628,8.605753912590105,3.4423015651539295
-0.000000044195923365464296,-11.119492619897173,-20,121.34799999959827,-8.450999999599276,90,90,0,-0.000000000017172346877813993,0.6941711196574702,0.36647583776403697,1.4842109496845564,8.905010182151013,-4.211546911104236,1.59662076618404,-0.00000000017995230305878351,-0.00000000011535603654636955,0.00000000011535602966325345,8.905010182151013,3.562004072975762
-0.000000044195923365464296,-5.559746287669236,-20,121.34799999959827,-8.400999999599275,90,90,0,-0.000000000021406570960280646,0.7600510367636633,0.5022155533138897,1.2319061830707845,8.274903518875572,-4.897224017566465,-0.599188140814429,-0.00000000022406014543729924,-0.0000000000914778609045162,0.00000000009147797302670633,8.274903518875572,3.309961407641707
-0.000000044195923365464296,0.00000004455870161734765,-20,121.34799999959827,-8.350999999599274,90,90,0,-0.000000000024418467248210618,0.8220390707032861,0.6208926787667581,1.2461389127204558,7.854053168976602,-4.637517084831346,-2.049427463011893,-0.00000000026529443572509415,-0.00000000005064840216280666,0.000000000050648603958047334,7.854053168976602,3.14162126764129
-0.000000044195923365464296,5.559746376786639,-20,121.34799999959827,-8.300999999599275,90,90,0,-0.000000000026019547627598172,0.8831604894172547,0.7303145649936822,1.5162848266096511,8.407639987507512,-4.226450514481223,-2.640775772523219,-0.0000000002999380604995494,0.00000000000022473953580697169,-0.0000000000002244849892591422,8.407639987507512,3.3630559950027807
-0.000000044195923365464296,11.119492709014576,-20,121.34799999959827,-8.250999999599275,90,90,0,-0.000000000026141949716063095,-0.647693397984213,-0.1565091708114837,2.1711898984023015,10.377221007295455,-3.585257262966419,-1.8186381782411496,-0.0000000003245017102249115,0.00000000005276545977711115,-0.00000000005276521547060199,10.377221007295455,4.150888402865418
-0.000000044195923365464296,16.679239041242514,-20,121.34799999959827,-8.200999999599274,90,90,0,-0.00000000002484529249002776,-0.5680647251393143,-0.023294099345063157,3.563972332258449,12.50718461235738,-0.05021243985417997,1.5532126224646698,-0.0000000003364072041767141,0.00000000009849410488808996,-0.00000000009849398176456784,12.50718461235738,5.0028738448444585
-0.000000044195923365464296,22.238985373470452,-20,121.34799999959827,-8.150999999599275,90,90,0,-0.00000000002230834961203243,-0.5026790038857817,0.12052383999204502,5.466646362151703,10.211851176578127,10.039503039836866,2.530264447257409,-0.0000000003345149331146491,0.00000000013026540430003205,-0.0000000001302652244984964,10.211851176578127,4.084740470500986
-0.000000044195923365464296,27.79873170569839,-20,121.34799999959827,-8.100999999599274,90,90,0,-0.000000000018800683232456095,-0.46931836301663865,0.17228318473674303,5.551921622551374,9.44251776425924,11.403914168856893,-3.831790207615371,-0.0000000003193361200470868,0.00000000014345426924820082,-0.00000000014345369466156797,9.44251776425924,3.777007105560242
-0.000000044195923365464296,33.358478037926325,-20,121.34799999959827,-8.050999999599275,90,90,0,-0.00000000001464411925056197,-0.42078599866861677,0.125215188172278,3.886587214926517,10.454254696170816,4.03178943998672,-4.64389939209527,-0.00000000029287757982721097,0.00000000013658787154944062,-0.0000000001365873492077847,10.454254696170816,4.181701878331739
-0.000000044195923365464296,38.91822437015426,-20,121.34799999959827,-8.000999999599275,90,90,0,-0.000000000010171030684347215,-0.36074228334866265,0.0651469652119224,2.3567395863370555,8.984825189702127,-0.29429613000563715,-2.464921538015084,-0.0000000002581882103946942,0.00000000011127793684473706,-0.00000000011127764160314393,8.984825189702127,3.593930075769573
-0.000000044195923365464296,44.4779707023822,-20,121.34799999959827,-7.950999999599275,90,90,0,-0.000000000005685479864681042,-0.30752355808167964,0.02296381494289257,1.383038494255477,6.813658598931181,-1.6931609521244153,-0.7715531173500494,-0.0000000002187594029534612,0.0000000000715189865984989,-0.00000000007151885466781287,6.813658598931181,2.725463439500954
-0.000000044195923365464296,50.03771703461014,-20,121.34799999959827,-7.900999999599275,90,90,0,-0.0000000000014367673717430307,-0.2660886790919252,-0.0012325595624346208,0.8201444249055788,4.9786008749415025,-1.8020411130516274,0.09133643056750405,-0.00000000017794765660994472,0.000000000022615466703324276,-0.000000000022615422076705404,4.9786008749415025,1.9914403499539857
-0.000000044195923365464296,55.59746336683808,-20,121.34799999959827,-7.850999999599274,90,90,0,0.0000000000023954449535068534,-0.23509827170607758,-0.013240433400234453,0.5006956700275538,3.6691860780744214,-1.4929480217034885,0.4102363511384419,-0.00000000013855194769263335,-0.000000000029923463579259165,0.000000000029923469118294936,3.6691860780744214,1.467674431259692
-0.000000044195923365464296,61.157209699066016,-20,121.34799999959827,-7.8009999995992745,90,90,0,0.0000000000057017723875674164,-0.2118056255002968,-0.018095553017887372,0.31584101861516306,2.7991170142636297,-1.1229239277095275,0.4535365344590065,-0.00000000010258811161678594,-0.00000000008126131512726865,0.00000000008126130669585002,2.7991170142636297,1.119646805786713
-0.000000044195923365464296,66.71695603129395,-20,121.34799999959827,-7.750999999599275,90,90,0,0.000000000008434364318077314,-0.19377387963975373,-0.01909438556816251,0.2041452422892497,2.2350782331342742,-0.8078136431340236,0.3836455429021058,-0.00000000007126212814290155,-0.00000000012774603908387463,0.00000000012774602809265121,2.2350782331342742,0.8940312933814558
-0.000000044195923365464296,72.27670236352188,-20,121.34799999959827,-7.700999999599275,90,90,0,0.000000000010595413435510181,-0.17924550889360485,-0.01816938521196132,0.1328170939381129,1.8671135389431546,-0.5686863520511589,0.2821765124911403,-0.00000000004507059656044808,-0.00000000016706383726385195,0.00000000016706382811822526,1.8671135389431546,0.7468454157443257
-0.000000044195923365464296,77.83644869574981,-20,121.34799999959827,-7.650999999599275,90,90,0,0.00000000001222141832180057,-0.1670614220781706,-0.016390173201482006,0.08466873518842645,1.619635823731137,-0.39607062943500165,0.18454498176056924,-0.000000000023972213103462523,-0.00000000019812805391344808,0.0000000001981280477977918,1.619635823731137,0.6478543296905829
-0.000000044195923365464296,83.39619502797774,-20,121.34799999959827,-7.600999999599275,90,90,0,0.00000000001336972199617037,-0.15648918476246734,-0.014325372157807326,0.05062818330256121,1.4448242575452939,-0.27428219587130814,0.10321017861623913,-0.000000000007571027138553164,-0.00000000022082506520048533,0.00000000022082506198076674,1.4448242575452939,0.5779297032389425
-0.000000044195923365464296,88.95594136020567,-20,121.34799999959827,-7.550999999599275,90,90,0,0.000000000014107409684882555,-0.14707429491811125,-0.012264249129512905,0.02576700068965248,1.3137159471564268,-0.18920144950003656,0.04036434970441821,0.000000000004724588775761888,-0.0000000002357142308431678,0.000000000235714229949338,1.3137159471564268,0.525486379098285
-0.000000044195923365464296,94.5156876924336,-20,121.34799999959827,-7.500999999599275,90,90,0,0.00000000001450392583812743,-0.13853525563503366,-0.010343849461761256,0.0072711474501189,1.2092015329276873,-0.12996821692701427,-0.005832198155596474,0.00000000001357873015417345,-0.00000000024375034281498344,0.000000000243750343617332,1.2092015329276873,0.48368061341482527
-0.000000044195923365464296,100.07543402466153,-20,121.34799999959827,-7.450999999599275,90,90,0,0.00000000001462469034763103,-0.1306956330096487,-0.008619869869704866,-0.006577226553102951,1.1213293248716858,-0.08874208948733701,-0.03841219687998103,0.000000000019646480622914647,-0.0000000002460645515160787,0.0000000002460645534654084,1.1213293248716858,0.4485317301947389
-0.000000044195923365464296,105.63518035688946,-20,121.34799999959827,-7.400999999599275,90,90,0,0.00000000001452912790078642,-0.12344191145494743,-0.007105658727812492,-0.01690778243831008,1.0443702332285945,-0.06002040589691448,-0.06041524332539321,0.000000000023524914655181933,-0.0000000002438086093202653,0.0000000002438086119843289,1.0443702332285945,0.4177480935352464
-0.000000044195923365464296,111.1949266891174,-20,121.34799999959827,-7.350999999599275,90,90,0,0.000000000014268641823633743,-0.11669796919859515,-0.0057935098848171385,-0.024516633838085854,0.9750471511062532,-0.03998745701793763,-0.07446283348288596,0.000000000025728863484175706,-0.00000000023805794291639263,0.0000000002380579459747153,0.9750471511062532,0.39001886068055924
5.500795758594279,-111.1949266,-20,121.39799999959827,-9.350999999599274,90,90,0,-0.003040041414400396,0.17603531560246388,-0.02381171226598322,-0.0631849044967119,1.518573645466987,-0.006135926630743137,0.2771986166755202,-0.00869570608798886,-0.04672278425109599,0.04672278425109597,1.518573645466987,0.6541522424378908
5.500795758594279,-105.63518026777207,-20,121.39799999959827,-9.300999999599275,90,90,0,-0.003189748516090274,0.18751247605872828,-0.02809313256909829,-0.058700722492667605,1.6422059997924092,-0.024301117978886635,0.2864440111009938,-0.009257225737342788,-0.04915621039643309,0.04915621039643306,1.6422059997924092,0.7060386103133968
5.500795758594279,-100.07543393554414,-20,121.39799999959827,-9.250999999599275,90,90,0,-0.0033278642496415295,0.1999465946649427,-0.03312057280784486,-0.0514127498784734,1.7794384831914551,-0.0513562846657183,0.2898655229082825,-0.009756596228699881,-0.051266298872161796,0.051266298872161775,1.7794384831914551,0.763041692148744
5.500795758594279,-94.51568760331621,-20,121.39799999959827,-9.200999999599274,90,90,0,-0.0034476319707613667,0.21345741299877974,-0.03900246543057495,-0.04021613451272763,1.934064255384681,-0.09055408785026077,0.28485088793294466,-0.010159529940111444,-0.05289645045829714,0.05289645045829712,1.934064255384681,0.8265221526121695
5.500795758594279,-88.95594127108828,-20,121.39799999959827,-9.150999999599275,90,90,0,-0.003540800068058833,0.22820098947618156,-0.04584390084475065,-0.0234665065451984,2.111845566132879,-0.14583030052688056,0.2681825111182397,-0.010426624875779219,-0.05386363040828363,0.05386363040828362,2.111845566132879,0.8986018568614352
5.500795758594279,-83.39619493886035,-20,121.39799999959827,-9.100999999599274,90,90,0,-0.003597578431063994,0.2443859803951735,-0.05373134540815727,0.0013422927483033864,2.32140464573318,-0.22143929808220444,0.23606077957692656,-0.010514795969076975,-0.05396395782984242,0.0539639578298424,2.32140464573318,0.9825258161231145
5.500795758594279,-77.83644860663242,-20,121.39799999959827,-9.050999999599275,90,90,0,-0.0036067390862862536,0.262294809036184,-0.06270754239808074,0.03809269168368372,2.575263348124754,-0.32088939795016125,0.18418227175150517,-0.01037946743873849,-0.05298453158058074,0.052984531580580724,2.575263348124754,1.0830898708304824
5.500795758594279,-72.27670227440449,-20,121.39799999959827,-9.000999999599275,90,90,0,-0.00355593664853307,0.28230776786660455,-0.07273307328476553,0.09283786005267539,2.890739873800845,-0.4444910983758534,0.10778704578142821,-0.009977232827121093,-0.05072349450525761,0.05072349450525761,2.890739873800845,1.2070194440255957
5.500795758594279,-66.71695594217655,-20,121.39799999959827,-8.950999999599276,90,90,0,-0.0034323342245877048,0.30492282442718643,-0.0836311730264967,0.17496254645039566,3.2899162718101866,-0.5843349845277831,0.0014233726147242006,-0.009268306335961544,-0.0470197454287972,0.047019745428797215,3.2899162718101866,1.3629862541528721
5.500795758594279,-61.157209609948616,-20,121.39799999959827,-8.900999999599275,90,90,0,-0.0032236150548204945,0.33075249223921194,-0.09501228713638965,0.29871803234702027,3.796844518084508,-0.7147854724249988,-0.14197210758053103,-0.008217729214387985,-0.04179203642139171,0.04179203642139174,3.796844518084508,1.5605298436551949
5.500795758594279,-55.59746327772068,-20,121.39799999959827,-8.850999999599274,90,90,0,-0.002919426773338535,0.3604559181715018,-0.10616857736578833,0.4848292217592764,4.4280164413997705,-0.7756896656361493,-0.33250900402864936,-0.006794222527893473,-0.0350840746619241,0.03508407466192415,4.4280164413997705,1.8062906512218324
5.500795758594279,-50.03771694549274,-20,121.39799999959827,-8.800999999599275,90,90,0,-0.0025132308351447363,0.39452009554217876,-0.11589199166903985,0.7608916138494722,5.168154059124339,-0.645494290070713,-0.5809534849517407,-0.0049661595827200904,-0.02710776873251826,0.02710776873251834,5.168154059124339,2.094369392382254
5.500795758594279,-44.4779706132648,-20,121.39799999959827,-8.750999999599275,90,90,0,-0.0020044090119209906,0.43273736418938363,-0.122028539298359,1.1563657508525274,5.919727924841433,-0.1095264816756768,-0.8716995410696247,-0.002695650017975995,-0.01827197177386138,0.0182719717738615,5.919727924841433,2.3861631417104343
5.500795758594279,-38.91822428103686,-20,121.39799999959827,-8.700999999599276,90,90,0,-0.0014003254177331753,0.4732463497121502,-0.12018891181149682,1.6803042512746071,6.437355370278048,1.1177764162154773,-1.0489507212330502,0.00006597488337197671,-0.009181303927347907,0.009181303927348073,6.437355370278048,2.5841234520385674
5.500795758594279,-33.358477948808925,-20,121.39799999959827,-8.650999999599275,90,90,0,-0.000717898226110833,0.5117953961501409,-0.10058312021272187,2.258672980500356,6.421027008629165,3.049917351671414,-0.5644377051208748,0.003375867055242232,-0.0005919312942535841,0.0005919312942537571,6.421027008629165,2.56900273474592
5.500795758594279,-27.798731616580987,-20,121.39799999959827,-8.600999999599274,90,90,0,0.000015833051558986067,0.5448987457849348,-0.044658987496944524,2.6448347669830365,6.214061549478417,4.372723790178034,1.3564913171011335,0.007284925149102176,0.006679524366021139,-0.00667952436602106,6.214061549478417,2.478945095425346
5.500795758594279,-22.23898528435305,-20,121.39799999959827,-8.550999999599275,90,90,0,0.0007645851824396588,0.5795880550324372,0.06452332326282811,2.5298302131178363,7.104840610540889,2.583269287761824,3.727497045722694,0.011808298952458284,0.011883032295666155,-0.01188303229566623,7.104840610540889,2.83005321192069
5.500795758594279,-16.67923895212511,-20,121.39799999959827,-8.500999999599275,90,90,0,0.0014853555820777964,0.6299132843813402,0.21356472857396203,1.9969138670280568,8.612169359203655,-1.4788179056975161,3.728583309229321,0.016885748115605843,0.014472855176382842,-0.01447285517638295,8.612169359203655,3.430394888505079
5.500795758594279,-11.119492619897173,-20,121.39799999959827,-8.450999999599276,90,90,0,0.0021324417363938197,0.6942311768725405,0.3661304231419284,1.4838844840608394,8.9114551480872,-4.210611265620759,1.5959819804726578,0.022344471575396155,0.014223719207929114,-0.014223719207929121,8.9114551480872,3.5503583400269507
5.500795758594279,-5.559746287669236,-20,121.39799999959827,-8.400999999599275,90,90,0,0.002662443939366127,0.7601788607250375,0.5018250214954689,1.2329238513260274,8.28126289705235,-4.896095671300924,-0.5997717860390533,0.027881615887416673,0.01129721646578396,-0.011297216465783848,8.28126289705235,3.3012079423551564
5.500795758594279,0.00000004455870161734765,-20,121.39799999959827,-8.350999999599274,90,90,0,0.003039482477453531,0.8222222353267578,0.6204756744812712,1.2481361605886745,7.860282734618111,-4.63612664735187,-2.0500661827456828,0.03308101105925764,0.006241907837629131,-0.0062419078376289286,7.860282734618111,3.137871186009616
5.500795758594279,5.559746376786639,-20,121.39799999959827,-8.300999999599275,90,90,0,0.003239761907330163,0.8833859278015018,0.7298909801839835,1.5187632573093468,8.413753592135555,-4.224753967319124,-2.641597692094548,0.037468331573976534,-0.00007616960733298065,0.0000761696073332354,8.413753592135555,3.3655776064615552
5.500795758594279,11.119492709014576,-20,121.39799999959827,-8.250999999599275,90,90,0,0.0032546744411751094,-0.6474382176647027,-0.15691985088404198,2.1735984347380457,10.38326326978572,-3.5832502849896617,-1.8197580202780002,0.04059457621471018,-0.006604377688753388,0.006604377688753632,10.38326326978572,4.159909685603042
5.500795758594279,16.679239041242514,-20,121.39799999959827,-8.200999999599274,90,90,0,0.0030918359725229105,-0.5677908863922898,-0.023674265388190008,3.565800666478974,12.51319435190892,-0.04793601534439492,1.551724068668418,0.042125666525630205,-0.012276211308177774,0.012276211308177897,12.51319435190892,5.017553952071746
5.500795758594279,22.238985373470452,-20,121.39799999959827,-8.150999999599275,90,90,0,0.0027737879154461076,-0.5023956381831923,0.12018882210960835,5.467511029515542,10.217825114155904,10.041967586262691,2.528400185534641,0.04191165971595226,-0.016193835441972844,0.01619383544197302,10.217825114155904,4.103323881104335
5.500795758594279,27.79873170569839,-20,121.39799999959827,-8.100999999599274,90,90,0,0.0023345536872006467,-0.4690325994179261,0.1720043336110405,5.55162399407662,9.448386536399788,11.40645918258298,-3.8339703164876164,0.040014898099998766,-0.01777897152420345,0.017778971524204025,9.448386536399788,3.7971335860841195
5.500795758594279,33.358478037926325,-20,121.39799999959827,-8.050999999599275,90,90,0,0.0018147174522646914,-0.4205032825999598,0.12499971947423322,3.8851290628376587,10.45988064537573,4.034299724429442,-4.646282414004642,0.03669020510843542,-0.01685319562387454,0.016853195623875064,10.45988064537573,4.200805453774167
5.500795758594279,38.91822437015426,-20,121.39799999959827,-8.000999999599275,90,90,0,0.0012560320762738664,-0.36046688309808883,0.06499848120708596,2.354294862586751,8.99002346510145,-0.2919250432196588,-2.467366487120187,0.03232607826342673,-0.013627801157924403,0.013627801157924698,8.99002346510145,3.6096371871985045
5.500795758594279,44.4779707023822,-20,121.39799999959827,-7.950999999599275,90,90,0,0.0006966153241581285,-0.30725905637476814,0.02288275819972352,1.3798938662598716,6.818233791700284,-1.6910094190403548,-0.7739187495893767,0.027366941777941713,-0.008612686951489926,0.008612686951490058,6.818233791700284,2.735906203631604
5.500795758594279,50.03771703461014,-20,121.39799999959827,-7.900999999599275,90,90,0,0.00016752986133830583,-0.2658383045376017,-0.0012483064218300755,0.8166290817217735,4.9823860143090055,-1.800159015780325,0.08916878342992676,0.02223885193873612,-0.002478784684297518,0.002478784684297562,4.9823860143090055,1.9954331904079
5.500795758594279,55.59746336683808,-20,121.39799999959827,-7.850999999599274,90,90,0,-0.00030891642653907425,-0.23486502182942712,-0.01319490362962572,0.4971199052578613,3.6720718341690746,-1.4913551419489457,0.40834935216912344,0.017295201251645125,0.0040826738790985,-0.004082673879098495,3.6720718341690746,1.4647460597885316
5.500795758594279,61.157209699066016,-20,121.39799999959827,-7.8009999995992745,90,90,0,-0.0007192740450748525,-0.2115922189942948,-0.017994081957408842,0.31245540656833704,2.8010647256681915,-1.1216150948381622,0.4519733827443031,0.012789139288115411,0.010469665726779659,-0.010469665726779667,2.8010647256681915,1.1099562245404968
5.500795758594279,66.71695603129395,-20,121.39799999959827,-7.750999999599275,90,90,0,-0.0010578907442950758,-0.19358261935762083,-0.018943073137110245,0.20112289329490957,2.2361170584051098,-0.806766139330628,0.3824142198890289,0.008870438047462076,0.016231783093719917,-0.016231783093719927,2.2361170584051098,0.878215040268324
5.500795758594279,72.27670236352188,-20,121.39799999959827,-7.700999999599275,90,90,0,-0.0013252182689602876,-0.1790781372017227,-0.017974656331227967,0.1302546491792347,1.8673265244690063,-0.5678674161500902,0.2812583231714792,0.00559929131146301,0.021087387854497555,-0.021087387854497566,1.8673265244690063,0.7258432219331049
5.500795758594279,77.83644869574981,-20,121.39799999959827,-7.650999999599275,90,90,0,-0.001525956463291761,-0.1669190236866727,-0.01615844002846928,0.08259890411150571,1.6191410378677105,-0.395443704018315,0.183904246808621,0.0029683965428023585,0.024908004005502984,-0.02490800400550299,1.6191410378677105,0.6227484111415813
5.500795758594279,83.39619502797774,-20,121.39799999959827,-7.600999999599275,90,90,0,-0.0016673581774351576,-0.15637215932100534,-0.014062790810306924,0.049036978576252124,1.4437561418205012,-0.27381137563654584,0.10280292916864642,0.0009262935921674157,0.027685203127749344,-0.027685203127749348,1.4437561418205012,0.5498172536004511
5.500795758594279,88.95594136020567,-20,121.39799999959827,-7.550999999599275,90,90,0,-0.0017578630067928425,-0.14698239586484968,-0.011976557685308975,0.024610791325404766,1.3122100333189615,-0.1888541728398044,0.04014497625505555,-0.0006023848756553219,0.02949272827752469,-0.029492728277524694,1.3122100333189615,0.4953912850500599
5.500795758594279,94.5156876924336,-20,121.39799999959827,-7.500999999599275,90,90,0,-0.001806105683230308,-0.13846767758235226,-0.010036271886478265,0.006490872951611347,1.2073837400774172,-0.1297165471607674,-0.005906544468161118,-0.0017016084226627595,0.030452052244784908,-0.030452052244784908,1.2073837400774172,0.452501443786182
5.500795758594279,100.07543402466153,-20,121.39799999959827,-7.450999999599275,90,90,0,-0.0018202687159399045,-0.1306511259365986,-0.00829707075573527,-0.007045591543458282,1.1193096969891865,-0.08856301744301226,-0.03837915753878873,-0.0024537164254020815,0.03070525045783053,-0.030705250457830527,1.1193096969891865,0.4170186283378441
5.500795758594279,105.63518035688946,-20,121.39799999959827,-7.400999999599275,90,90,0,-0.0018077130225176152,-0.12341890241456621,-0.006771735269967827,-0.017126348315693526,1.0422402727073736,-0.0598955627918166,-0.06030626982459263,-0.002933463257042501,0.030395994213301865,-0.03039599421330186,1.0422402727073736,0.38650011486964764
5.500795758594279,111.1949266891174,-20,121.39799999959827,-7.350999999599275,90,90,0,-0.0017748122033157676,-0.11669467751633095,-0.005452009653641565,-0.024541632739316227,0.972879694418583,-0.039902532247100414,-0.074303171850172,-0.003205232718153192,0.029657743013901023,-0.02965774301390102,0.972879694418583,0.3594941347535322
11.001591561384481,-111.1949266,-20,121.44799999959828,-9.350999999599274,90,90,0,-0.006062806332485168,0.17478400382314002,-0.0233356546579897,-0.06201183038467242,1.5080410657722436,-0.006145499246868988,0.2751585348619631,-0.017312784379795783,-0.09348638621999061,0.0934863862199906,1.5080410657722436,0.6967028125288881
11.001591561384481,-105.63518026777207,-20,121.44799999959828,-9.300999999599275,90,90,0,-0.006364438732856317,0.18618404711854092,-0.02759902889885757,-0.05806820932397195,1.6313256117521147,-0.02424240748893275,0.2842600959278747,-0.01842721575152243,-0.09849318746722957,0.09849318746722956,1.6313256117521147,0.7510234321680754
11.001591561384481,-100.07543393554414,-20,121.44799999959828,-9.250999999599275,90,90,0,-0.006644107315378206,0.19854203182946356,-0.03260848655920201,-0.051531317331504276,1.7683953353002764,-0.05120148811203759,0.28754654013012654,-0.019414663963017786,-0.10289916990194631,0.1028991699019463,1.7683953353002764,0.8102573040220569
11.001591561384481,-94.51568760331621,-20,121.44799999959828,-9.200999999599274,90,90,0,-0.00688856762490106,0.211979936144843,-0.03847308112481651,-0.04133770805005453,1.9231089008340574,-0.09026965564668743,0.28240829401745704,-0.020205285129226487,-0.10639809304829269,0.10639809304829267,1.9231089008340574,0.8756416533819156
11.001591561384481,-88.95594127108828,-20,121.44799999959828,-9.150999999599275,90,90,0,-0.007081575530813344,0.2266566366299413,-0.04529882366390192,-0.025881280946774624,2.1013015582621186,-0.1453777448007232,0.2656286012878871,-0.02071885324739168,-0.1086286370247224,0.10862863702472239,2.1013015582621186,0.9491492603295698
11.001591561384481,-83.39619493886035,-20,121.44799999959828,-9.100999999599274,90,90,0,-0.007203757991337559,0.2427842086334155,-0.05317347953531226,-0.0026835268514599497,2.3116714031503895,-0.22077730526578931,0.23340580422905988,-0.020867983355788357,-0.1091833852478286,0.10918338524782858,2.3116714031503895,1.0338519465079845
11.001591561384481,-77.83644860663242,-20,121.44799999959828,-9.050999999599275,90,90,0,-0.007232752231759523,0.26064905131103744,-0.062141536709346856,0.03213191715776463,2.5668110566431572,-0.31997766180197945,0.18143080676613652,-0.02056319781217563,-0.10762966058130512,0.1076296605813051,2.5668110566431572,1.1343540832385681
11.001591561384481,-72.27670227440449,-20,121.44799999959828,-9.000999999599275,90,90,0,-0.0071437647840875,0.28063584943416336,-0.07216579717602412,0.08464820261698945,2.8840925183461983,-0.44329608473012233,0.10493447882995037,-0.019719294039929676,-0.10354659768257699,0.10354659768257699,2.8840925183461983,1.2571836050210563
11.001591561384481,-66.71695594217655,-20,121.44799999959828,-8.950999999599276,90,90,0,-0.006910729218328818,0.3032471087195574,-0.08307214769581694,0.16433279003360973,3.2856191238943158,-0.582837358673536,-0.001545905180630949,-0.018261547378950464,-0.09658215238665897,0.09658215238665899,3.2856191238943158,1.4108298019443855
11.001591561384481,-61.157209609948616,-20,121.44799999959828,-8.900999999599275,90,90,0,-0.006508242676777659,0.329099602282798,-0.0944739519983091,0.28558785895565764,3.795414195298989,-0.7129881190016986,-0.14508261031016692,-0.01612926585478055,-0.08653098517048616,0.08653098517048619,3.795414195298989,1.604696663290082
11.001591561384481,-55.59746327772068,-20,121.44799999959828,-8.850999999599274,90,90,0,-0.005914409357670139,0.3588558839876777,-0.10566622856468222,0.4693653863112557,4.4298757149447985,-0.7736242004130465,-0.33578601079006604,-0.013273675024768403,-0.07342824451327779,0.07342824451327783,4.4298757149447985,1.8453785304911974
11.001591561384481,-50.03771694549274,-20,121.44799999959828,-8.800999999599275,90,90,0,-0.005114581920933059,0.39300483215907567,-0.11544321086033038,0.7435560709418739,5.173559960098467,-0.6432230205339304,-0.5844080769005532,-0.009647981881730664,-0.05764481860126249,0.057644818601262575,5.173559960098467,2.1270688026406495
11.001591561384481,-44.4779706132648,-20,121.44799999959828,-8.750999999599275,90,90,0,-0.004105747359809522,0.43133850439176924,-0.12165196450485993,1.1379513878609882,5.9287088914551225,-0.1071364817762362,-0.8753091798024277,-0.005190695147697271,-0.03995820011103494,0.03995820011103506,5.9287088914551225,2.411441756693084
11.001591561384481,-38.91822428103686,-20,121.44799999959828,-8.700999999599276,90,90,0,-0.002900967199802554,0.471992632548933,-0.11990231371873095,1.6619108795691386,6.449677660739995,1.120189433554895,-1.0526421301967381,0.00019103764647053622,-0.021564549913071135,0.0215645499130713,6.449677660739995,2.6014356142090693
11.001591561384481,-33.358477948808925,-20,121.44799999959828,-8.650999999599275,90,90,0,-0.0015329349315587881,0.5107100001732552,-0.10040093969618152,2.241604279399761,6.436207897125983,3.0522749558654354,-0.5680824571020608,0.006625077907225532,-0.003999496418545212,0.003999496418545384,6.436207897125983,2.5784826552689384
11.001591561384481,-27.798731616580987,-20,121.44799999959828,-8.600999999599274,90,90,0,-0.000055510399536190524,0.5439970749206131,-0.04458972340331552,2.630418065493713,6.231434692476854,4.374996029515306,1.3530584013476286,0.014249447461878869,0.011045913362052242,-0.011045913362052164,6.231434692476854,2.4815279636286895
11.001591561384481,-22.23898528435305,-20,121.44799999959828,-8.550999999599275,90,90,0,0.0014577956929684166,0.5788764587409078,0.0644793001052999,2.5191893894424595,7.123660988495325,2.5855024533840663,3.724433293030222,0.0231497547969043,0.021993606170649018,-0.021993606170649094,7.123660988495325,2.827470789227481
11.001591561384481,-16.67923895212511,-20,121.44799999959828,-8.500999999599275,90,90,0,0.002918902858021155,0.6293890059518203,0.2134163231197556,1.9907479301015987,8.631730513665207,-1.4764878778504882,3.7259761968733023,0.03326619301130856,0.027675211151889697,-0.027675211151889804,8.631730513665207,3.4250169943141935
11.001591561384481,-11.119492619897173,-20,121.44799999959828,-8.450999999599276,90,90,0,0.004233521235244175,0.693883543604116,0.3658954921366891,1.4823082034507915,8.931188511385004,-4.2079690179375255,1.5937908393556361,0.04429854410621931,0.027583682269155134,-0.02758368226915514,8.931188511385004,3.5448917222848464
11.001591561384481,-5.559746287669236,-20,121.44799999959828,-8.400999999599275,90,90,0,0.0053116843852199225,0.7599914696522898,0.5015285070524262,1.2354107296942016,8.300798003659324,-4.892883373914507,-0.6017444008580403,0.05565153796647134,0.022016952925338003,-0.02201695292533789,8.300798003659324,3.2983022485383917
11.001591561384481,0.00000004455870161734765,-20,121.44799999959828,-8.350999999599274,90,90,0,0.0060787848663761135,0.8221757205297282,0.6201465460550394,1.2535786220651615,7.879459641971504,-4.632101653089451,-2.0521546064865768,0.06645867046896028,0.012080324812179946,-0.012080324812179745,7.879459641971504,3.139703531976422
11.001591561384481,5.559746376786639,-20,121.44799999959828,-8.300999999599275,90,90,0,0.006485256400846073,0.8834608141304149,0.7295586540225197,1.5256419460282762,8.432587091089193,-4.219752518898122,-2.644203216990975,0.07569825432583283,-0.0004559946015072448,0.00045599460150750015,8.432587091089193,3.3734908310371847
11.001591561384481,11.119492709014576,-20,121.44799999959828,-8.250999999599275,90,90,0,0.0065131902328209035,-0.6472590989524549,-0.157228846406041,2.180234424955877,10.401863518637562,-3.5772384043068954,-1.8232474651987236,0.0823803742069697,-0.013426934017898058,0.013426934017898302,10.401863518637562,4.174172341472923
11.001591561384481,16.679239041242514,-20,121.44799999959828,-8.200999999599274,90,90,0,0.006178581980154113,-0.5675209072578805,-0.023938748011299416,3.5706464481478353,12.531657553949271,-0.041031332040548284,1.5471189605742401,0.08575308326450859,-0.02463324418930139,0.024633244189301514,12.531657553949271,5.03729626576901
11.001591561384481,22.238985373470452,-20,121.44799999959828,-8.150999999599275,90,90,0,0.0055285938390924605,-0.5020441253419261,0.11998343698081149,5.469418681579739,10.236122481975904,10.049510320312995,2.5226491343119593,0.0854645560442956,-0.03222850006379908,0.03222850006379926,10.236122481975904,4.126677492854161
11.001591561384481,27.79873170569839,-20,121.44799999959828,-8.100999999599274,90,90,0,0.004634193062139164,-0.4686058140110976,0.17186597799689496,5.550023668307233,9.466290194217624,11.414294229271487,-3.840684860692561,0.08163108605495889,-0.03504217046178829,0.03504217046178887,9.466290194217624,3.821558248148839
11.001591561384481,33.358478037926325,-20,121.44799999959828,-8.050999999599275,90,90,0,0.003579610582862214,-0.4200062224816347,0.12493053803978288,3.8800710015579094,10.476958052957656,4.042053560077768,-4.653609471229924,0.07479387582331977,-0.032749224463854046,0.032749224463854566,10.476958052957656,4.223532445646917
11.001591561384481,38.91822437015426,-20,121.44799999959828,-8.000999999599275,90,90,0,0.0024508556115819258,-0.3599052405371451,0.06499621171306749,2.346351873521041,9.005705564755067,-0.28459194953600886,-2.474867364052936,0.06578597045724129,-0.02583976999366565,0.025839769993665943,9.005705564755067,3.6281219958956927
11.001591561384481,44.4779707023822,-20,121.44799999959828,-7.950999999599275,90,90,0,0.0013256369343525032,-0.30664067679602114,0.022942233563563952,1.3699677540393822,6.831930750144625,-1.684357553984108,-0.7811561691576593,0.05555726193482055,-0.01541211087689126,0.015412110876891393,6.831930750144625,2.7481844109347415
11.001591561384481,50.03771703461014,-20,121.44799999959828,-7.900999999599275,90,90,0,0.0002664047048567819,-0.2651737618739535,-0.0011338224707759248,0.8057294198409012,4.993607225314187,-1.79434885498286,0.08255861741775142,0.04501008497135263,-0.0028710491095302842,0.0028710491095303285,4.993607225314187,2.0003139392352054
11.001591561384481,55.59746336683808,-20,121.44799999959828,-7.850999999599274,90,90,0,-0.0006828490704415269,-0.23416729306312203,-0.013032696982105046,0.486177213942748,3.6805118827947405,-1.486449029209145,0.4026157212501255,0.03488265548002906,0.01036999892256829,-0.010369998922568284,3.6805118827947405,1.461834754195328
11.001591561384481,61.157209699066016,-20,121.44799999959828,-7.8009999995992745,90,90,0,-0.001496423446718853,-0.2108757248599485,-0.017791313476480164,0.3022032038392077,2.8066372020213817,-1.1175949459532497,0.44724205225507996,0.02569364153858042,0.02311004167059336,-0.02311004167059337,2.8066372020213817,1.0995448391379594
11.001591561384481,66.71695603129395,-20,121.44799999959828,-7.750999999599275,90,90,0,-0.002164397726186762,-0.1928620091498156,-0.018706399933961837,0.19205242854688298,2.238939710525023,-0.8035582292733086,0.3787024506499386,0.0177404839470828,0.03447644692675464,-0.034476446926754646,2.238939710525023,0.8610994372832546
11.001591561384481,72.27670236352188,-20,121.44799999959828,-7.700999999599275,90,90,0,-0.00268895007586481,-0.17836715039766649,-0.017710067258387585,0.12262564695674033,1.8676744388474797,-0.5653669903088563,0.2785026319997426,0.011133134392960292,0.04394623743617112,-0.043946237436171126,1.8676744388474797,0.7031235381028208
11.001591561384481,77.83644869574981,-20,121.44799999959828,-7.650999999599275,90,90,0,-0.003080481282152714,-0.16622963475503186,-0.01587122407075181,0.07648261921541501,1.6173873562724426,-0.39353505743393136,0.1819909495875931,0.0058435754542350005,0.05130336742311758,-0.051303367423117585,1.6173873562724426,0.5956515750858595
11.001591561384481,83.39619502797774,-20,121.44799999959828,-7.600999999599275,90,90,0,-0.0033541748204550526,-0.15571407867561757,-0.01375757464051136,0.04437058276074067,1.4403156436785458,-0.27238183431036883,0.10159493961893261,0.0017560740861805348,0.05656516738415783,-0.05656516738415784,1.4403156436785458,0.5195610900872605
11.001591561384481,88.95594136020567,-20,121.44799999959828,-7.550999999599275,90,90,0,-0.0035272905888775186,-0.1463629021643613,-0.011657370525431476,0.0212490263012053,1.3074942928787037,-0.18780231505144915,0.03950188755925099,-0.0012905215117390465,0.05990356362944162,-0.05990356362944162,1.3074942928787037,0.46309415352203986
11.001591561384481,94.5156876924336,-20,121.44799999959828,-7.500999999599275,90,90,0,-0.003617244876075759,-0.13789170513140525,-0.009706614524062351,0.004247885744300024,1.2017706858807293,-0.12895592494401945,-0.006115458509412327,-0.0034716799106260373,0.06157626628332656,-0.06157626628332656,1.2017706858807293,0.41913200806896517
11.001591561384481,100.07543402466153,-20,121.44799999959828,-7.450999999599275,90,90,0,-0.003640387184772581,-0.1301215172716785,-0.007959978480969077,-0.008366192809649287,1.1131265488757462,-0.08802283715780193,-0.038267939351563016,-0.004956978260229663,0.06187424421500979,-0.06187424421500979,1.1131265488757462,0.38337637533528873
11.001591561384481,105.63518035688946,-20,121.44799999959828,-7.400999999599275,90,90,0,-0.003611325127619802,-0.12293674555513548,-0.006429831942682596,-0.01771222343863132,1.0357569905110071,-0.05951958817557178,-0.05996967195194928,-0.005898761528215661,0.0610859707381269,-0.061085970738126896,1.0357569905110071,0.353216825466276
11.001591561384481,111.1949266891174,-20,121.44799999959828,-7.350999999599275,90,90,0,-0.003542642108678995,-0.11625966676056204,-0.005107553589511871,-0.024560969151152766,0.9663096618592756,-0.039647138125449385,-0.07381689394375875,-0.006427182514281985,0.059475923927659345,-0.05947592392765934,0.9663096618592756,0.32704794081605093
16.502387364174684,-111.1949266,-20,121.49799999959828,-9.350999999599274,90,90,0,-0.009049938685104009,0.17284618890058673,-0.022774431038454335,-0.059844354286050366,1.4902863521167364,-0.006145330497469396,0.27177623220069663,-0.025770453563693223,-0.14028282867230535,0.14028282867230532,1.4902863521167364,0.7363973695189999
16.502387364174684,-105.63518026777207,-20,121.49799999959828,-9.300999999599275,90,90,0,-0.009507570210300936,0.18411262544031992,-0.027002560835605594,-0.056735520841521905,1.6128975152332163,-0.024120615896047713,0.2806406074039598,-0.027419682910215157,-0.1481310676365411,0.14813106763654108,1.6128975152332163,0.7932900737298276
16.502387364174684,-100.07543393554414,-20,121.49799999959828,-9.250999999599275,90,90,0,-0.009935242112901504,0.19633629671749397,-0.03197431394535322,-0.051374185372911885,1.7495782947814291,-0.050908015341083294,0.28370542595946985,-0.028871261886887756,-0.15519240678803936,0.15519240678803933,1.7495782947814291,0.855023724700611
16.502387364174684,-94.51568760331621,-20,121.49799999959828,-9.200999999599274,90,90,0,-0.01031377457221054,0.20964248087732906,-0.037799349374741054,-0.042769264285721365,1.9042951164393604,-0.08974347630173293,0.2783656159257464,-0.030016918021550088,-0.16102652294998204,0.16102652294998201,1.9042951164393604,0.9227445695257263
16.502387364174684,-88.95594127108828,-20,121.49799999959828,-9.150999999599275,90,90,0,-0.010619481871282713,0.2241943197704564,-0.04458477358732216,-0.02938538531447113,2.083006147839693,-0.14454802223301522,0.261405313415776,-0.030732213134999135,-0.16510595176154366,0.16510595176154363,2.083006147839693,0.998308410897421
16.502387364174684,-83.39619493886035,-20,121.49799999959828,-9.100999999599274,90,90,0,-0.010823879760368527,0.24020919325405382,-0.05242010208898329,-0.008801977401149408,2.2945414967290296,-0.21956696918650476,0.22901790586336965,-0.03088222729445546,-0.1668242084319689,0.16682420843196888,2.2945414967290296,1.0846408071235807
16.502387364174684,-77.83644860663242,-20,121.49799999959828,-9.050999999599275,90,90,0,-0.010893743900195166,0.25797983175209904,-0.06135239113194557,0.022829470357995374,2.551623435388106,-0.31831034337559766,0.17688154059989022,-0.030330882475842192,-0.1655198480004862,0.1655198480004862,2.551623435388106,1.1861692221557287
16.502387364174684,-72.27670227440449,-20,121.49799999959828,-9.000999999599275,90,90,0,-0.010791743012786861,0.2778981236706623,-0.0713479494417657,0.07161860130338454,2.87173288899634,-0.44110706420630585,0.10020595282716069,-0.028953309093787672,-0.16052373653490404,0.16052373653490404,2.87173288899634,1.3092168921334402
16.502387364174684,-66.71695594217655,-20,121.49799999959828,-8.950999999599276,90,90,0,-0.010477928416178367,0.30047428982412466,-0.08223712014810658,0.14714392864471723,3.2770355288232595,-0.5800883553669971,-0.0064987230027370385,-0.02664890654958881,-0.15123707708112338,0.15123707708112338,3.2770355288232595,1.4620512886104273
16.502387364174684,-61.157209609948616,-20,121.49799999959828,-8.900999999599275,90,90,0,-0.00991239383159942,0.3263327038895253,-0.09363848632026683,0.2640347829047317,3.791538794641972,-0.7096842185281269,-0.15033092432906156,-0.02335044244636423,-0.13724530876358668,0.1372453087635867,3.791538794641972,1.6538608266203756
16.502387364174684,-55.59746327772068,-20,121.49799999959828,-8.850999999599274,90,90,0,-0.009059383172014296,0.3561424919817317,-0.10485256851001934,0.44360904462827977,4.431515030214034,-0.769829044022038,-0.34141392111280755,-0.019022548134649327,-0.11846552631494436,0.11846552631494442,4.431515030214034,1.891071538400558
16.502387364174684,-50.03771694549274,-20,121.49799999959828,-8.800999999599275,90,90,0,-0.00789295763075544,0.39039693230414796,-0.11467854490900486,0.7142595492117715,5.1812648166009705,-0.6390661192265831,-0.5904834164025886,-0.013643141292998604,-0.09531034856482917,0.09531034856482926,5.1812648166009705,2.167816275205218
16.502387364174684,-44.4779706132648,-20,121.49799999959828,-8.750999999599275,90,90,0,-0.006403972855310844,0.42888911728319296,-0.12096668990726922,1.106369554220285,5.942650268336956,-0.10280529785775055,-0.8818406722211918,-0.0071661489626961795,-0.06882960839643129,0.06882960839643142,5.942650268336956,2.445889715731214
16.502387364174684,-38.91822428103686,-20,121.49799999959828,-8.700999999599276,90,90,0,-0.0046075445138607785,0.4697515219634417,-0.11932695598073217,1.6298775843520512,6.4695671774406165,1.1244786690852104,-1.0595348134788045,0.0005249633076487317,-0.04076968084195974,0.0407696808419599,6.4695671774406165,2.6285965518182066
16.502387364174684,-33.358477948808925,-20,121.49799999959828,-8.650999999599275,90,90,0,-0.0025495001615495477,0.5087190979129579,-0.09996191505801144,2.2113706194553155,6.461301269356,3.056328697627141,-0.5751134129062719,0.00964814473762357,-0.013484017931583839,0.013484017931584009,6.461301269356,2.5980045256739843
16.502387364174684,-27.798731616580987,-20,121.49799999959828,-8.600999999599274,90,90,0,-0.000309805321152129,0.5422865420487952,-0.044304608298249004,2.604334855518294,6.260635090462569,4.378709664588615,1.3462189297568283,0.02050277587172633,0.010344579979225894,-0.010344579979225818,6.260635090462569,2.493909456205802
16.502387364174684,-22.23898528435305,-20,121.49799999959828,-8.550999999599275,90,90,0,0.001999003232103974,0.5774622951549182,0.06460590282408712,2.4992877512941316,7.155701560065304,2.5889242903696563,3.7181418161959345,0.03337000390003248,0.02814539996423558,-0.028145399964235655,7.155701560065304,2.834135224061886
16.502387364174684,-16.67923895212511,-20,121.49799999959828,-8.500999999599275,90,90,0,0.004239494199032884,0.628272763227075,0.2133950954216835,1.9783233183138025,8.665382255246907,-1.473118303520432,3.7204896998158494,0.04833642060254245,0.03796530640582487,-0.03796530640582498,8.665382255246907,3.428187595692938
16.502387364174684,-11.119492619897173,-20,121.49799999959828,-8.450999999599276,90,90,0,0.006262754534874987,0.6930541399245238,0.3657519854659913,1.4776225703292185,8.965433845454013,-4.20423032836676,1.589136710223029,0.06509172276072499,0.03889934069273125,-0.03889934069273126,8.965433845454013,3.5472741974888744
16.502387364174684,-5.559746287669236,-20,121.49799999959828,-8.400999999599275,90,90,0,0.007925618788961863,0.7594286241085654,0.5012998305801474,1.237589644436452,8.334933556103396,-4.888239865047113,-0.6058453053931429,0.08278745949600368,0.031332190212926485,-0.031332190212926374,8.334933556103396,3.3026412322284324
16.502387364174684,0.00000004455870161734765,-20,121.49799999959828,-8.350999999599274,90,90,0,0.009108817070956371,0.8218542846377386,0.6198758585058369,1.2607236022217472,7.913120624259074,-4.626019927530492,-2.0562675328988615,0.10004165851383097,0.016942559001950984,-0.016942559001950783,7.913120624259074,3.148305690701679
16.502387364174684,5.559746376786639,-20,121.49799999959828,-8.300999999599275,90,90,0,0.009732933175338798,0.8833552184775936,0.7292888003917897,1.535135678017079,8.465697617243906,-4.211838007882888,-2.649053822893553,0.11512665581995367,-0.0015215410241197038,0.0015215410241199599,8.465697617243906,3.387800587921683
16.502387364174684,11.119492709014576,-20,121.49799999959828,-8.250999999599275,90,90,0,0.009769385059001434,-0.6471710967377409,-0.1574610470329076,2.189191687348571,10.434516083115074,-3.567350803467953,-1.829526126286258,0.12630523536726823,-0.020666558894815622,0.02066655889481587,10.434516083115074,4.194472992140846
16.502387364174684,16.679239041242514,-20,121.49799999959828,-8.200999999599274,90,90,0,0.009244256238547854,-0.5672559867223427,-0.024106387835981014,3.5764362257201014,12.563934793620994,-0.02934128026458612,1.5389573053321897,0.1322165907086095,-0.037030220340077954,0.03703022034007808,12.563934793620994,5.062604137788476
16.502387364174684,22.238985373470452,-20,121.49799999959828,-8.150999999599275,90,90,0,0.008233819202846354,-0.5016132674182434,0.1198958278368838,5.47014616864827,10.267905669953796,10.062542483506203,2.51252030744076,0.13218733205603045,-0.047718959261972366,0.047718959261972546,10.267905669953796,4.154881227243491
16.502387364174684,27.79873170569839,-20,121.49799999959828,-8.100999999599274,90,90,0,0.0068522107508871555,-0.4680162677287812,0.17186310776721314,5.544842488037153,9.497128348860773,11.428010126735503,-3.8524679619035056,0.1263667719101347,-0.0509507511907708,0.05095075119077137,9.497128348860773,3.8498020907350807
16.502387364174684,33.358478037926325,-20,121.49799999959828,-8.050999999599275,90,90,0,0.005233715323728683,-0.4192648125912797,0.12500857792506287,3.869233249634765,10.506062838823215,4.055727916818282,-4.666420810955929,0.11565141850132736,-0.04633337785866273,0.046333377858663254,10.506062838823215,4.2487585133879495
16.502387364174684,38.91822437015426,-20,121.49799999959828,-8.000999999599275,90,90,0,0.0035136510862914527,-0.35902174553243005,0.06514571905375025,2.330995763233958,9.032082677695183,-0.2716216804653915,-2.487922950685208,0.10144123480556567,-0.034787659630588406,0.034787659630588705,9.032082677695183,3.647620730708662
16.502387364174684,44.4779707023822,-20,121.49799999959828,-7.950999999599275,90,90,0,0.0018120510407954316,-0.3056300800196355,0.023151011117299974,1.351739279189295,6.854592955514853,-1.6725973528687217,-0.7936826413110307,0.08532271978129592,-0.018165929300901655,0.018165929300901787,6.854592955514853,2.760003111506843
16.502387364174684,50.03771703461014,-20,121.49799999959828,-7.900999999599275,90,90,0,0.00022302581856012416,-0.2640567681158264,-0.00087843538135568,0.7863779610960162,5.011782675575098,-1.7841061202130826,0.07119198787791808,0.06877970451273156,0.0012720241334172665,-0.0012720241334172227,5.011782675575098,2.003441046096622
16.502387364174684,55.59746336683808,-20,121.49799999959828,-7.850999999599274,90,90,0,-0.0011893883524731474,-0.23296922996960834,-0.012742308187804169,0.4672397295591144,3.6937784718167097,-1.4778387626436291,0.39282672310163974,0.05299857629878965,0.021344381188148576,-0.021344381188148572,3.6937784718167097,1.4561670075385353
16.502387364174684,61.157209699066016,-20,121.49799999959828,-7.8009999995992745,90,90,0,-0.002389925036186402,-0.20962444029633448,-0.017475703873036208,0.2848280595281347,2.814958209155759,-1.110577890545341,0.439225763333333,0.038786201199813054,0.04027669668614674,-0.040276696686146744,2.814958209155759,1.0857065869761569
16.502387364174684,66.71695603129395,-20,121.49799999959828,-7.750999999599275,90,90,0,-0.0033673024398817586,-0.19158549677266823,-0.018373320619252315,0.1769542950516822,2.242616618212202,-0.797991776948449,0.37246421567212185,0.026580807395212305,0.05684672197374457,-0.056846721973744574,2.242616618212202,0.8401999253111363
16.502387364174684,72.27670236352188,-20,121.49799999959828,-7.700999999599275,90,90,0,-0.004127979748534072,-0.17709147642270784,-0.017365395681945284,0.11013060194252512,1.8672525221785676,-0.5610538472322562,0.2739115094234848,0.01651916874612616,0.07038034645591128,-0.07038034645591129,1.8672525221785676,0.6765206624155158
16.502387364174684,77.83644869574981,-20,121.49799999959828,-7.650999999599275,90,90,0,-0.00468997913584232,-0.16497747170713442,-0.015519291943409452,0.06661753272848688,1.6135492933473115,-0.39026144026067056,0.1788353492923821,0.008524681748361993,0.08065876170119687,-0.08065876170119689,1.6135492933473115,0.5647609556377278
16.502387364174684,83.39619502797774,-20,121.49799999959828,-7.600999999599275,90,90,0,-0.0050776515654902266,-0.15450391147784454,-0.0134015351221759,0.036961399172136845,1.4337874135074236,-0.26994292172798523,0.09962944635321597,0.002391553244551597,0.0877917762331964,-0.0877917762331964,1.4337874135074236,0.48572318916977303
16.502387364174684,88.95594136020567,-20,121.49799999959828,-7.550999999599275,90,90,0,-0.005317719742450461,-0.1452088172485219,-0.011299528961954353,0.0160072108759457,1.2989749093410412,-0.18601636193040935,0.03848098906871141,-0.0021476016183923146,0.09209440177555267,-0.09209440177555267,1.2989749093410412,0.42749556196086386
16.502387364174684,94.5156876924336,-20,121.49799999959828,-7.500999999599275,90,90,0,-0.005436576011554783,-0.13680360537217606,-0.009348691118552799,0.0008365463155966119,1.191887637772966,-0.12766996263328637,-0.006416501085866614,-0.005374198490828514,0.0939856145419562,-0.0939856145419562,1.191887637772966,0.38276944056723017
16.502387364174684,100.07543402466153,-20,121.49799999959828,-7.450999999599275,90,90,0,-0.005458633125769968,-0.12910559917865688,-0.007603299081742343,-0.010287174853158623,1.1024133159156022,-0.08711297550856562,-0.038042600685794514,-0.007554231583970754,0.09391493243704992,-0.09391493243704992,1.1024133159156022,0.347050393929191
16.502387364174684,105.63518035688946,-20,121.49799999959828,-7.400999999599275,90,90,0,-0.005405469307866784,-0.12199610164208038,-0.006075457096249237,-0.018458830596385332,1.0246469110163674,-0.0588883543184248,-0.05937697098843279,-0.00892279524752619,0.09231484708969206,-0.09231484708969206,1.0246469110163674,0.31754391731685494
16.502387364174684,111.1949266891174,-20,121.49799999959828,-7.350999999599275,90,90,0,-0.00529552263415628,-0.11539491370750116,-0.004756360661894998,-0.024410993886323056,0.9551404457894278,-0.03921954158827799,-0.0729827226652226,-0.009678205044841369,0.08957388875685049,-0.08957388875685049,0.9551404457894278,0.29248228955892064
22.003183166964888,-111.1949266,-20,121.54799999959828,-9.350999999599274,90,90,0,-0.01198102400606968,0.17022407334648343,-0.0221240368436455,-0.05638291814033015,1.465036895207392,-0.006112330392300939,0.2670805751636248,-0.03398430474903061,-0.1870088376959038,0.18700883769590376,1.465036895207392,0.7730235957788605
22.003183166964888,-105.63518026777207,-20,121.54799999959828,-9.300999999599275,90,90,0,-0.012599867833784167,0.18129692238661832,-0.02629822345518862,-0.054305320212161494,1.586512804730804,-0.023901268260933632,0.27561918892878967,-0.036139247511688524,-0.19807033903991592,0.1980703390399159,1.586512804730804,0.8326754609322375
22.003183166964888,-100.07543393554414,-20,121.54799999959828,-9.250999999599275,90,90,0,-0.013184158387863826,0.1933232113190113,-0.03121055509244286,-0.05042909125964362,1.72240450243906,-0.05042440714525368,0.2783826138799076,-0.03801613500679825,-0.20829434437572802,0.208294344375728,1.72240450243906,0.897256145351352
22.003183166964888,-94.51568760331621,-20,121.54799999959828,-9.200999999599274,90,90,0,-0.013709638816294487,0.20643224647890673,-0.036971155565998615,-0.04387007148174825,1.8768244647884278,-0.08889928875575046,0.27277248785873326,-0.039463183071210536,-0.21713354137088506,0.21713354137088503,1.8768244647884278,0.9678633272862562
22.003183166964888,-88.95594127108828,-20,121.54799999959828,-9.150999999599275,90,90,0,-0.014146081134111893,0.22079253487272726,-0.04368827518714635,-0.033204765342305514,2.055902977288278,-0.143229638840193,0.2555736622940414,-0.040305344281251404,-0.2239188356635658,0.22391883566356577,2.055902977288278,1.046280026578877
22.003183166964888,-83.39619493886035,-20,121.54799999959828,-9.100999999599274,90,90,0,-0.01445673191639893,0.23662832982667314,-0.05145352942890857,-0.01611693411006941,2.268663450327579,-0.21764846863773285,0.22296998394709508,-0.040353267892509675,-0.2278607622225075,0.2278607622225075,2.268663450327579,1.1353261423535392
22.003183166964888,-77.83644860663242,-20,121.54799999959828,-9.050999999599275,90,90,0,-0.014598126980012172,0.25424083190185,-0.06031733437661513,0.01116653972704204,2.5280309645105663,-0.31566423675944066,0.1706153972553044,-0.039418903246924625,-0.2280680030653762,0.2280680030653762,2.5280309645105663,1.2392803888696027
22.003183166964888,-72.27670227440449,-20,121.54799999959828,-9.000999999599275,90,90,0,-0.014520555874506166,0.2740319260125292,-0.07025089511839577,0.05474189079493971,2.851677183167588,-0.4376224243170354,0.09367793105963802,-0.037337648806250096,-0.2235932359191046,0.2235932359191046,2.851677183167588,1.3642641091861398
22.003183166964888,-66.71695594217655,-20,121.54799999959828,-8.950999999599276,90,90,0,-0.014169560353712307,0.29652302442628314,-0.08109114010568308,0.12428211415914014,3.2619120907938712,-0.5756968436801816,-0.01338988378965663,-0.0339940765959002,-0.2135192794527715,0.2135192794527715,3.2619120907938712,1.51828411577032
22.003183166964888,-61.157209609948616,-20,121.54799999959828,-8.900999999599275,90,90,0,-0.013488948797251835,0.3223501763527741,-0.09246480806388113,0.23467431897183172,3.78279319032803,-0.70439198743509,-0.15775017967616844,-0.029343714866738372,-0.19709908710708632,0.19709908710708635,3.78279319032803,1.7102163632382985
22.003183166964888,-55.59746327772068,-20,121.54799999959828,-8.850999999599274,90,90,0,-0.01242584868312327,0.3521934796815999,-0.10368157234651698,0.4077099158073419,4.430492406488379,-0.7637484569131834,-0.3495748208792919,-0.023418056982023722,-0.17395747688118576,0.17395747688118582,4.430492406488379,1.9461544394765375
22.003183166964888,-50.03771694549274,-20,121.54799999959828,-8.800999999599275,90,90,0,-0.010938201464992317,0.38655481305679446,-0.11354956318164477,0.672494807691686,5.189009925846057,-0.6324364149223682,-0.599600864769876,-0.01629687200342066,-0.14434441333782191,0.14434441333782197,5.189009925846057,2.219948383676245
22.003183166964888,-44.4779706132648,-20,121.54799999959828,-8.750999999599275,90,90,0,-0.009004682587834517,0.4252315459678748,-0.11992592753098741,1.060322374772019,5.959691444489613,-0.0959877235000513,-0.8920488468547373,-0.008036572717402608,-0.10939422932437613,0.10939422932437626,5.959691444489613,2.4932708071202216
22.003183166964888,-38.91822428103686,-20,121.54799999959828,-8.700999999599276,90,90,0,-0.0066361754560761155,0.4663543406759524,-0.11842304897934719,1.5820946771326332,6.495748110559738,1.1310450672457342,-1.0707861416944995,0.0014379323849311775,-0.07129739312526003,0.07129739312526019,6.495748110559738,2.6695966373491555
22.003183166964888,-33.358477948808925,-20,121.54799999959828,-8.650999999599275,90,90,0,-0.003886691922200508,0.5056493506275417,-0.09923920721088908,2.1651690591997603,6.49573730306193,3.062216687532904,-0.5870991662878823,0.012437217296853433,-0.03325729122537029,0.03325729122537046,6.49573730306193,2.6315522124501425
22.003183166964888,-27.798731616580987,-20,121.54799999959828,-8.600999999599274,90,90,0,-0.0008604429132189756,0.5395960800309961,-0.043795116811797596,2.5633212847039752,6.301841282236539,4.383629592503327,1.334070200781122,0.025532740512043753,0.000871107090998584,-0.0008711070909985086,6.301841282236539,2.519865405803617
22.003183166964888,-22.23898528435305,-20,121.54799999959828,-8.550999999599275,90,90,0,0.0022885656022221257,0.575183579554934,0.06488994422500849,2.466669490026193,7.2018668689017105,2.5928573764138214,3.7065457188362934,0.041425840992207474,0.02725186612820179,-0.027251866128201862,7.2018668689017105,2.8534948814324825
22.003183166964888,-16.67923895212511,-20,121.54799999959828,-8.500999999599275,90,90,0,0.005366777692413602,0.6264178656866652,0.21346579791602116,1.9562063306453108,8.714691156915917,-1.4698236412388594,3.7100765217568985,0.0606376023690991,0.04288008611554672,-0.042880086115546834,8.714691156915917,3.44299637665082
22.003183166964888,-11.119492619897173,-20,121.54799999959828,-8.450999999599276,90,90,0,0.008160836124048582,0.6916168951383974,0.36564564303827946,1.4665164504201427,9.016323596820277,-4.2008465039661385,1.5801874007418533,0.08310081545568976,0.0462734867076719,-0.04627348670767191,9.016323596820277,3.560255952020439
22.003183166964888,-5.559746287669236,-20,121.54799999959828,-8.400999999599275,90,90,0,0.010463608136501074,0.7583890540830124,0.5010715887072295,1.2362533936150937,8.386233254644159,-4.88376250468963,-0.613582229225304,0.10782726336323804,0.03783776125577309,-0.03783776125577298,8.386233254644159,3.316655540601891
22.003183166964888,0.00000004455870161734765,-20,121.54799999959828,-8.350999999599274,90,90,0,0.01210164916384876,0.8211841972071857,0.619590463307065,1.2663622298077144,7.964085868635641,-4.6193777943053345,-2.063582542379613,0.13283298296629337,0.01985483128509849,-0.01985483128509829,7.964085868635641,3.165779516169158
22.003183166964888,5.559746376786639,-20,121.54799999959828,-8.300999999599275,90,90,0,0.0129592861896215,0.8830240368976388,0.729009902318744,1.5438864040266709,8.515966426581192,-4.202159954249733,-2.6570816743636203,0.1554128118819669,-0.003847001328036735,0.003847001328036992,8.515966426581192,3.4102335719605144
22.003183166964888,11.119492709014576,-20,121.54799999959828,-8.250999999599275,90,90,0,0.012995297849769188,-0.6471912126752015,-0.1576803039983808,2.196825016204866,10.483978473317132,-3.5542086764880256,-1.839410005684504,0.1727109701108329,-0.028484886246324604,0.02848488624632485,10.483978473317132,4.222076275573178
22.003183166964888,16.679239041242514,-20,121.54799999959828,-8.200999999599274,90,90,0,0.012248955432287822,-0.5669868895696114,-0.024229453364677467,3.5791718333647027,12.612503039456803,-0.01288722737882627,1.526422816125163,0.18240762442036976,-0.049147245039668865,0.049147245039668996,12.612503039456803,5.094148460822391
22.003183166964888,22.238985373470452,-20,121.54799999959828,-8.150999999599275,90,90,0,0.010833323056788774,-0.5010705170226059,0.1198869527645835,5.465409798823777,10.315235316614562,10.081592343449786,2.4971373751493995,0.18328623063202426,-0.06175619791725281,0.06175619791725299,10.315235316614562,4.187850324563078
22.003183166964888,27.79873170569839,-20,121.54799999959828,-8.100999999599274,90,90,0,0.00891612183893975,-0.467211968244945,0.17196961076678152,5.531733176148039,9.542418225865955,11.44853855192297,-3.870245844459613,0.17548780421475896,-0.06391735747078021,0.06391735747078078,9.542418225865955,3.880884647817163
22.003183166964888,33.358478037926325,-20,121.54799999959828,-8.050999999599275,90,90,0,0.0066920347995508,-0.4182124019104675,0.12521901503296473,3.848532215105586,10.548059994841227,4.076466245478303,-4.685630795236491,0.16038378889563956,-0.05533904694572279,0.05533904694572331,10.548059994841227,4.274563044882214
22.003183166964888,38.91822437015426,-20,121.54799999959828,-8.000999999599275,90,90,0,0.00435328633689086,-0.35774061493356935,0.06544112632393845,2.304734787327688,9.069310794588064,-0.25184197321470725,-2.507357475765362,0.1401509196695092,-0.037649021476038096,0.03764902147603839,9.069310794588064,3.665373339311264
22.003183166964888,44.4779707023822,-20,121.54799999959828,-7.950999999599275,90,90,0,0.0020656172889033098,-0.30414813136232965,0.02350967133702958,1.3225337479055677,6.885694766297317,-1.6546638324809597,-0.8121698528055249,0.11723032203632885,-0.013721246024121751,0.013721246024121883,6.885694766297317,2.767999152543049
22.003183166964888,50.03771703461014,-20,121.54799999959828,-7.900999999599275,90,90,0,-0.00004590920314134772,-0.2624101816832589,-0.00047736248828866845,0.7567875507962692,5.035820361566299,-1.7685483977505962,0.05457914422091049,0.0938547395123577,0.013169930348082745,-0.013169930348082701,5.035820361566299,2.001158214278437
22.003183166964888,55.59746336683808,-20,121.54799999959828,-7.850999999599274,90,90,0,-0.0019007473656575957,-0.23119996211047827,-0.012316568660502347,0.4393357976454452,3.7103883079351987,-1.4648457110246524,0.37867036158658024,0.07175303945011131,0.04005600542681347,-0.040056005426813465,3.7103883079351987,1.444099317747266
22.003183166964888,61.157209699066016,-20,121.54799999959828,-7.8009999995992745,90,90,0,-0.003458817368490713,-0.20777662221983817,-0.017039022673569104,0.26001144490391565,2.8243450885133545,-1.1000735978974785,0.42776245829649556,0.05204842034459777,0.06468351674901344,-0.06468351674901346,2.8243450885133545,1.0650545186563285
22.003183166964888,66.71695603129395,-20,121.54799999959828,-7.750999999599275,90,90,0,-0.004712124103131765,-0.18970187634794966,-0.01793542189820882,0.15596947946587233,2.2454368271122815,-0.7897310046812654,0.36364882176025304,0.035303241478406466,0.08563187720434355,-0.08563187720434356,2.2454368271122815,0.812542853640569
22.003183166964888,72.27670236352188,-20,121.54799999959828,-7.700999999599275,90,90,0,-0.005675174230088897,-0.1752106355771993,-0.016932574618348628,0.09318944342593376,1.8644500316841712,-0.5547086927551731,0.2675069019070146,0.021642457318065838,0.102232785496831,-0.10223278549683101,1.8644500316841712,0.6435472271768375
22.003183166964888,77.83644869574981,-20,121.54799999959828,-7.650999999599275,90,90,0,-0.006376223630409877,-0.16313209387477604,-0.015095204620218072,0.05355826672008665,1.6061968561539248,-0.3854857320348927,0.17449950770258718,0.010897450008839203,0.11439551970184283,-0.11439551970184285,1.6061968561539248,0.5280832227597272
22.003183166964888,83.39619502797774,-20,121.54799999959828,-7.600999999599275,90,90,0,-0.0068503105308034,-0.1527200448815116,-0.012987982600800085,0.027396883639458986,1.4229603950010994,-0.2664124357041792,0.0969847043624913,0.0027340718118385346,0.12241489778311734,-0.12241489778311734,1.4229603950010994,0.44676926021732244
22.003183166964888,88.95594136020567,-20,121.54799999959828,-7.550999999599275,90,90,0,-0.007134270597156045,-0.14350591393948894,-0.010897118337547695,0.009441923082614372,1.2856661922079304,-0.1834491444591199,0.037161152400735885,-0.0032504912660158156,0.12680419988083932,-0.12680419988083932,1.2856661922079304,0.3874622770023328
22.003183166964888,94.5156876924336,-20,121.54799999959828,-7.500999999599275,90,90,0,-0.007263514548193989,-0.13519507395032748,-0.008957334842642495,-0.0032515594352039087,1.1769601064595243,-0.12583290659048463,-0.006738990475069418,-0.007463471996007495,0.12816887662425397,-0.12816887662425397,1.1769601064595243,0.34261516595955577
22.003183166964888,100.07543402466153,-20,121.54799999959828,-7.450999999599275,90,90,0,-0.007270186788769062,-0.12759963735440435,-0.007222560127846556,-0.012395494939135276,1.0865813458137343,-0.08582022859348129,-0.03764461250160261,-0.01027939241983854,0.1271212288524224,-0.1271212288524224,1.0865813458137343,0.30751130947307137
22.003183166964888,105.63518035688946,-20,121.54799999959828,-7.400999999599275,90,90,0,-0.007182310955906268,-0.12059663107542318,-0.005704768359687751,-0.019032316924256117,1.0084775061236182,-0.057995679976086185,-0.05848264971822344,-0.012022526072346409,0.12422909923454299,-0.12422909923454299,1.0084775061236182,0.2791619032149043
22.003183166964888,111.1949266891174,-20,121.54799999959828,-7.350999999599275,90,90,0,-0.007023585757433004,-0.11410249841986889,-0.004395151742216663,-0.023830503353985226,0.9390660106379914,-0.0386172740251586,-0.07176725126902594,-0.012962017078763124,0.11998968965722676,-0.11998968965722676,0.9390660106379914,0.2556367145979699
27.50397896975509,-111.1949266,-20,121.59799999959827,-9.350999999599274,90,90,0,-0.01483281441015366,0.16692355405102893,-0.021380905504574388,-0.05124668680834582,1.4319672388702829,-0.006016489166697119,0.261115654383326,-0.041866075092766006,-0.23342445434248446,0.23342445434248443,1.4319672388702829,0.8062113498905976
27.50397896975509,-105.63518026777207,-20,121.59799999959827,-9.300999999599275,90,90,0,-0.015618176226592062,0.17773868490357786,-0.025480819706650615,-0.050263880457800496,1.551665000446141,-0.023539234106843346,0.2692482823129627,-0.044485264221936764,-0.24813693569169956,0.24813693569169953,1.551665000446141,0.8688029358701559
27.50397896975509,-100.07543393554414,-20,121.59799999959827,-9.250999999599275,90,90,0,-0.01636859864185916,0.18949851869163253,-0.030309761216320785,-0.048021968212415694,1.686131152363593,-0.049682640289116335,0.27164276735117954,-0.04673164725471966,-0.26213671108866843,0.26213671108866843,1.686131152363593,0.9365891720341056
27.50397896975509,-94.51568760331621,-20,121.59799999959827,-9.200999999599274,90,90,0,-0.017055927263032608,0.2023366130117321,-0.03597799287918668,-0.04378047783937605,1.8396534270513514,-0.08763508952267375,0.2657109612692895,-0.048401910972345814,-0.27481154808885994,0.27481154808885994,1.8396534270513514,1.0106729189094006
27.50397896975509,-88.95594127108828,-20,121.59799999959827,-9.150999999599275,90,90,0,-0.017644700818571724,0.21642737927612105,-0.04259475516276234,-0.036277405066055535,2.018577183047328,-0.14127145301593297,0.2482390523882735,-0.049259606522666484,-0.2853941361658889,0.2853941361658889,2.018577183047328,1.0928250093848202
27.50397896975509,-83.39619493886035,-20,121.59799999959827,-9.100999999599274,90,90,0,-0.01809124195868994,0.23200294263367233,-0.05025392412265073,-0.023365742927831668,2.2321806727213103,-0.21480196034179044,0.2153959277722361,-0.049047973835877105,-0.29295049680381097,0.29295049680381097,2.2321806727213103,1.185822765892335
27.50397896975509,-77.83644860663242,-20,121.59799999959827,-9.050999999599275,90,90,0,-0.018343049761009242,0.2493746180972804,-0.05900994849921448,-0.0014283393955647622,2.493677038681205,-0.31172754931813346,0.1627954431478306,-0.04751412847024661,-0.29638197719870746,0.29638197719870746,2.493677038681205,1.2938527926711894
27.50397896975509,-72.27670227440449,-20,121.59799999959827,-9.000999999599275,90,90,0,-0.01833879583169891,0.2689568012198721,-0.06884036616761557,0.03552622962485305,2.8210411658740866,-0.432414220166643,0.0855323704880381,-0.04444622695152145,-0.29445267959412885,0.29445267959412885,2.8210411658740866,1.4228691459437637
27.50397896975509,-66.71695594217655,-20,121.59799999959827,-8.950999999599276,90,90,0,-0.0180093806994841,0.2912857062182351,-0.07959116932721377,0.09717836075856738,3.2368649820590374,-0.5690994400118381,-0.022049866045050142,-0.03972124082175772,-0.28586087444960295,0.28586087444960295,3.2368649820590374,1.580606867273218
27.50397896975509,-61.157209609948616,-20,121.59799999959827,-8.900999999599275,90,90,0,-0.017280705575403343,0.31701391183458294,-0.09090100818832092,0.19862177668601114,3.7654048016604027,-0.6964081289916816,-0.16724840104877967,-0.03335321813507963,-0.2693804971827805,0.2693804971827805,3.7654048016604027,1.7755424178469417
27.50397896975509,-55.59746327772068,-20,121.59799999959827,-8.850999999599274,90,90,0,-0.01607901812613534,0.346838509440838,-0.10209380197623641,0.3621576183352715,4.422859135078225,-0.7545632813235171,-0.36036473472458863,-0.025520386207881413,-0.24410210107144567,0.24410210107144573,4.422859135078225,2.013245755102736
27.50397896975509,-50.03771694549274,-20,121.59799999959827,-8.800999999599275,90,90,0,-0.014339773745342427,0.38127668630396677,-0.11199275061645075,0.6177921904556241,5.192979916158812,-0.6224666734666745,-0.6122023241950132,-0.0165376451771186,-0.20978946027168846,0.20978946027168852,5.192979916158812,2.2869814267352133
27.50397896975509,-44.4779706132648,-20,121.59799999959827,-8.750999999599275,90,90,0,-0.012020647504234969,0.4201364733080546,-0.1184681169675822,0.9981146631152562,5.976514289292117,-0.0858915956930319,-0.906907703237187,-0.006738906062615572,-0.1673200081197265,0.1673200081197266,5.976514289292117,2.557925723836574
27.50397896975509,-38.91822428103686,-20,121.59799999959827,-8.700999999599276,90,90,0,-0.009118251554649043,0.46155135274316367,-0.1171395004677237,1.5155539105412914,6.52574183094705,1.1404263227368938,-1.0880679054823568,0.0037418812189908635,-0.11908428405894356,0.11908428405894372,6.52574183094705,2.729381016437764
27.50397896975509,-33.358477948808925,-20,121.59799999959827,-8.650999999599275,90,90,0,-0.00568602316054527,0.5012402045119835,-0.09820216681756289,2.0988429644016033,6.538119795093528,3.07000344440748,-0.6064822548132508,0.015237558451094566,-0.06911319445656398,0.06911319445656415,6.538119795093528,2.6843611124939755
27.50397896975509,-27.798731616580987,-20,121.59799999959827,-8.600999999599274,90,90,0,-0.0018481305622348315,0.5356652018356296,-0.04306045966118477,2.502458587985827,6.3548496337583344,4.389127901671694,1.3134838996155143,0.028718769480722064,-0.02268175861315723,0.022681758613157302,6.3548496337583344,2.564621612116491
27.50397896975509,-22.23898528435305,-20,121.59799999959827,-8.550999999599275,90,90,0,0.0021972859671702816,0.5717908976634085,0.06529605102985259,2.4161143117949133,7.263150559001617,2.5958200494050736,3.686087756198844,0.045676128124215176,0.014682303603098567,-0.014682303603098645,7.263150559001617,2.8905779199975483
27.50397896975509,-16.67923895212511,-20,121.59799999959827,-8.500999999599275,90,90,0,0.006190635276568032,0.6235964050134829,0.21355584900426072,1.9192232731723684,8.781794910688603,-1.4689758272042304,3.6911164743192875,0.06760255120749525,0.03851017298489906,-0.03851017298489917,8.781794910688603,3.4742077912905422
27.50397896975509,-11.119492619897173,-20,121.59799999959827,-8.450999999599276,90,90,0,0.009839231660815378,0.6893749255820534,0.3654716379724827,1.4439858417718587,9.087036052620265,-4.2009385085370194,1.5636170534520617,0.09519082521237753,0.04650227516905727,-0.04650227516905728,9.087036052620265,3.588312145879049
27.50397896975509,-5.559746287669236,-20,121.59799999959827,-8.400999999599275,90,90,0,0.012855827316334972,0.7567150329904814,0.5007166551568885,1.226475810965957,8.458723741125972,-4.882991270209443,-0.6277525610678242,0.127593294786527,0.039036788612597524,-0.039036788612597406,8.458723741125972,3.344452707837792
27.50397896975509,0.00000004455870161734765,-20,121.59799999959827,-8.350999999599274,90,90,0,0.01499893681354128,0.8200528151101607,0.6191534963631464,1.2654237411509712,8.036923185285486,-4.6156658005121445,-2.076314732850251,0.16213795528844535,0.019062185710985245,-0.01906218571098504,8.036923185285486,3.1957070884032097
27.50397896975509,5.559746376786639,-20,121.59799999959827,-8.300999999599275,90,90,0,0.01610765576319914,0.8824026265705509,0.7285877779567325,1.5464152134187545,8.588118357323957,-4.193659385828543,-2.6700278854152897,0.19470886742495191,-0.008396667893118904,0.008396667893119162,8.588118357323957,3.443644010822702
27.50397896975509,11.119492709014576,-20,121.59799999959827,-8.250999999599275,90,90,0,0.01612585163229968,-0.6473364295408708,-0.15800806464831246,2.1970262588622633,10.5547531965382,-3.5398023707796624,-1.85436036097488,0.22070512813654072,-0.036993433868337235,0.03699343386833748,10.5547531965382,4.258894712483618
27.50397896975509,16.679239041242514,-20,121.59799999959827,-8.200999999599274,90,90,0,0.015111397706103091,-0.5666861472477389,-0.024410160530771885,3.5720436894807213,12.681323932025046,0.007487127131340736,1.508150835757967,0.2362482184578312,-0.060146857770816985,0.060146857770817116,12.681323932025046,5.132676430580837
27.50397896975509,22.238985373470452,-20,121.59799999959827,-8.150999999599275,90,90,0,0.013226573130461133,-0.5003494686435902,0.11987663468238191,5.447888201042291,10.381270338174104,10.106913502336688,2.4751336360974148,0.23920018957013792,-0.07244051527100322,0.0724405152710034,10.381270338174104,4.224948650540645
27.50397896975509,27.79873170569839,-20,121.59799999959827,-8.100999999599274,90,90,0,0.010708982988978877,-0.46609507546407075,0.17212706437016678,5.503344043847518,9.604289430539996,11.476976426975186,-3.8953808224994524,0.22962505527671442,-0.07093985290462423,0.0709398529046248,9.604289430539996,3.9126556251206233
27.50397896975509,33.358478037926325,-20,121.59799999959827,-8.050999999599275,90,90,0,0.007828976815816319,-0.41672898166291356,0.1255227329686533,3.811234320951631,10.603882802354754,4.105850135860896,-4.712518144340415,0.2095651171906632,-0.055801064455222774,0.0558010644552233,10.603882802354754,4.297354185397125
27.50397896975509,38.91822437015426,-20,121.59799999959827,-8.000999999599275,90,90,0,0.004845496648841235,-0.3559300664913849,0.06585897802715349,2.2620382013056424,9.117087016719653,-0.22353714135366268,-2.534269936559092,0.18230212817449407,-0.029838398730738513,0.02983839873073881,9.117087016719653,3.6766732054186004
27.50397896975509,44.4779707023822,-20,121.59799999959827,-7.950999999599275,90,90,0,0.001972532207828087,-0.3020615782381299,0.02400642629625449,1.2783492801656773,6.923829873417294,-1.62896902552491,-0.8374696696646245,0.1514542830651496,0.002671804929734153,-0.0026718049297340236,6.923829873417294,2.766860144437184
27.50397896975509,50.03771703461014,-20,121.59799999959827,-7.900999999599275,90,90,0,-0.0006374936028386846,-0.26010808642948235,0.00006557716759023058,0.7144963285868827,5.063491115239273,-1.746359886481472,0.03213505001490699,0.12023453335433336,0.037307193459896235,-0.03730719345989619,5.063491115239273,1.9880892526358132
27.50397896975509,55.59746336683808,-20,121.59799999959827,-7.850999999599274,90,90,0,-0.002894498378909399,-0.2287472236148286,-0.01175434961403038,0.4013140627867666,3.727637666602538,-1.446468283935406,0.35980512332613573,0.09103242069532994,0.07042278523586241,-0.07042278523586241,3.727637666602538,1.420632281405153
27.50397896975509,61.157209699066016,-20,121.59799999959827,-7.8009999995992745,90,90,0,-0.004761215877467584,-0.20523718581310185,-0.016477410058787362,0.22756938257597228,2.831949705668027,-1.0853699999180069,0.41270451296180805,0.0653128800279982,0.09953837445790309,-0.0995383744579031,2.831949705668027,1.0332415078093078
27.50397896975509,66.71695603129395,-20,121.59799999959827,-7.750999999599275,90,90,0,-0.006239441318729333,-0.18713431474514597,-0.017387589326280817,0.12953418891632199,2.244664308011502,-0.778297678193715,0.35224443358995566,0.04373076931691701,0.12331728158362425,-0.12331728158362426,2.244664308011502,0.7745484416209765
27.50397896975509,72.27670236352188,-20,121.59799999959827,-7.700999999599275,90,90,0,-0.0073563803362834135,-0.1726653036511797,-0.0164061315541304,0.07257051419223699,1.8568081068334343,-0.546025730896798,0.25935923950524736,0.026343437960353853,0.1413363598925752,-0.14133635989257523,1.8568081068334343,0.6013868828407986
27.50397896975509,77.83644869574981,-20,121.59799999959827,-7.650999999599275,90,90,0,-0.008153320982578288,-0.1606498280253171,-0.014593625899242457,0.0381973067648405,1.5932306939912608,-0.37902089762920144,0.16909390799949559,0.012832652218111923,0.1538013883355245,-0.1538013883355245,1.5932306939912608,0.48349088926097994
27.50397896975509,83.39619502797774,-20,121.59799999959827,-7.600999999599275,90,90,0,-0.008677288239890807,-0.15033207100297552,-0.012511958968698556,0.016560606002125784,1.4061150170766867,-0.261680787118192,0.09378195482324592,0.0026879525969681563,0.1612913918157118,-0.1612913918157118,1.4061150170766867,0.40115461501496286
27.50397896975509,88.95594136020567,-20,121.59799999959827,-7.550999999599275,90,90,0,-0.008975477403102616,-0.14123455624382122,-0.010445654958460782,0.0023535298731768364,1.2662086281395402,-0.1800392898023576,0.03565652825876789,-0.004663657685642097,0.16456284200775756,-0.16456284200775756,1.2662086281395402,0.3419206092480585
27.50397896975509,94.5156876924336,-20,121.59799999959827,-7.500999999599275,90,90,0,-0.009091912709700556,-0.13305490543760096,-0.008528555634698731,-0.00733260673474602,1.1559472303903726,-0.12341215689185299,-0.006985000991103707,-0.009777660299110744,0.16441574294840314,-0.16441574294840314,1.1559472303903726,0.2979631492077459
27.50397896975509,100.07543402466153,-20,121.59799999959827,-7.450999999599275,90,90,0,-0.00906572104698361,-0.125598802748565,-0.006814247094473591,-0.014131388705863198,1.064858403512371,-0.08412845097608361,-0.03699551597327845,-0.013149903854248617,0.16161130642591917,-0.16161130642591917,1.064858403512371,0.26433205497902923
27.50397896975509,105.63518035688946,-20,121.59799999959827,-7.400999999599275,90,90,0,-0.008930488769155809,-0.11873816340407772,-0.0053146927178681636,-0.01898987094493612,0.9866947891573297,-0.056834388630681985,-0.05722740642748864,-0.015199947835195352,0.15682781083745814,-0.15682781083745814,0.9866947891573297,0.23785010482547372
27.50397896975509,111.1949266891174,-20,121.59799999959827,-7.350999999599275,90,90,0,-0.008714290303283079,-0.11238552440108432,-0.004021256021026376,-0.022479444317023388,0.9177044804939063,-0.03783775403004039,-0.0701281746594025,-0.016269662892444355,0.15064234652273922,-0.15064234652273922,0.9177044804939063,0.21643944567482332
33.00477477254529,-111.1949266,-20,121.64799999959827,-9.350999999599274,90,90,0,-0.017578763436580255,0.1629559464890446,-0.020542407860560608,-0.044012957450784186,1.3907550291258193,-0.0058234304485472975,0.2539432417838732,-0.04932501546755416,-0.27912051217144224,0.27912051217144224,1.3907550291258193,0.8354225238217701
33.00477477254529,-105.63518026777207,-20,121.64799999959827,-9.300999999599275,90,90,0,-0.018534711436106174,0.1734449660321546,-0.024546116914857863,-0.04402689592611111,1.507818487440456,-0.022982378588422767,0.2616026010525782,-0.052354054634356065,-0.29793559654228163,0.29793559654228163,1.507818487440456,0.9010629915184641
33.00477477254529,-100.07543393554414,-20,121.64799999959827,-9.250999999599275,90,90,0,-0.01946002064276378,0.18486280493550167,-0.02926538318084071,-0.0433670871126636,1.6399357573620694,-0.048603177463540544,0.263580002065923,-0.05489643473036374,-0.316369062165567,0.316369062165567,1.6399357573620694,0.9723433651103948
33.00477477254529,-94.51568760331621,-20,121.64799999959827,-9.200999999599274,90,90,0,-0.020324127118484636,0.19734680158524942,-0.03481003315906983,-0.04147163752781596,1.7915818575249707,-0.08582981454269996,0.2573038857242811,-0.056685812966519575,-0.33380341659238116,0.33380341659238116,1.7915818575249707,1.0504361596023695
33.00477477254529,-88.95594127108828,-20,121.64799999959827,-9.150999999599275,90,90,0,-0.021088090590014763,0.2110769848401713,-0.04128984892171972,-0.03729386525777527,1.9693433461294407,-0.13849100026189198,0.2395654133739799,-0.05740779656982648,-0.34944187868730137,0.34944187868730137,1.9693433461294407,1.1371792171390775
33.00477477254529,-83.39619493886035,-20,121.64799999959827,-9.100999999599274,90,90,0,-0.021703279327110248,0.22629341931769548,-0.048800813774021234,-0.028936413247846043,2.182802450745814,-0.2107571020919689,0.20651501116247958,-0.056716312326541125,-0.3622792579390199,0.3622792579390199,2.182802450745814,1.2354002382373457
33.00477477254529,-77.83644860663242,-20,121.64799999959827,-9.050999999599275,90,90,0,-0.02211019656102342,0.2433182240090972,-0.05740181076730655,-0.013052988236494575,2.4455449726341185,-0.3061094585976673,0.15370877577022796,-0.054268022216468884,-0.3710766843023516,0.3710766843023516,2.4455449726341185,1.349294673355999
33.00477477254529,-72.27670227440449,-20,121.64799999959827,-9.000999999599275,90,90,0,-0.02223770668453655,0.2625800052844439,-0.06707803672517654,0.01608932367750275,2.775984063300953,-0.4249357496450775,0.0761265605652797,-0.0497802430066664,-0.3743498090638929,0.3743498090638929,2.775984063300953,1.4847434343842743
33.00477477254529,-66.71695594217655,-20,121.64799999959827,-8.950999999599276,90,90,0,-0.02200310685042796,0.2846329983768989,-0.0776872717635887,0.06799317343436702,3.1971919536452664,-0.5595635857609982,-0.03207420580829205,-0.043113606885959284,-0.37039085061369253,0.37039085061369253,3.1971919536452664,1.6492676320717992
33.00477477254529,-61.157209609948616,-20,121.64799999959827,-8.900999999599275,90,90,0,-0.021313797594829292,0.31015160206978476,-0.08888471403016174,0.15777504523549613,3.733885185103859,-0.6848047408978064,-0.17844583103400322,-0.03436973189299431,-0.35736322519264724,0.35736322519264724,3.733885185103859,1.850917299234191
33.00477477254529,-55.59746327772068,-20,121.64799999959827,-8.850999999599274,90,90,0,-0.020071762341393323,0.3398576496673298,-0.10001546321102694,0.3081377857370579,4.402581764446225,-0.7411836413009878,-0.3735780952002166,-0.02397350145777228,-0.3335312185157618,0.3335312185157618,4.402581764446225,2.0945639242942518
33.00477477254529,-50.03771694549274,-20,121.64799999959827,-8.800999999599275,90,90,0,-0.018182590264284385,0.37429368516317285,-0.10992695705913036,0.5500781474815833,5.187028839311389,-0.608007875996813,-0.6285055517039992,-0.012680025620696153,-0.29769980965845905,0.29769980965845916,5.187028839311389,2.372511345383015
33.00477477254529,-44.4779706132648,-20,121.64799999959827,-8.750999999599275,90,90,0,-0.015571000813470626,0.41328960212273136,-0.11651299681603122,0.917907042467033,5.987442968323744,-0.07150397126081999,-0.927398267291314,-0.0014206369205266146,-0.24989954039155093,0.24989954039155104,5.987442968323744,2.6448767277210488
33.00477477254529,-38.91822428103686,-20,121.64799999959827,-8.700999999599276,90,90,0,-0.012203914741182001,0.4549917722164413,-0.11540975010014254,1.426398301375262,6.554950420569147,1.1532038993404956,-1.1134860470198904,0.00908497204962584,-0.19220031871667595,0.1922003187166761,6.554950420569147,2.814180486944335
33.00477477254529,-33.358477948808925,-20,121.64799999959827,-8.650999999599275,90,90,0,-0.00811899128791875,0.4951179682380286,-0.09681411808567031,2.006708737603249,6.585401410862403,3.079461618093682,-0.6367395906029165,0.01891947423214143,-0.12927384717536514,0.12927384717536528,6.585401410862403,2.763434411520327
33.00477477254529,-27.798731616580987,-20,121.64799999959827,-8.600999999599274,90,90,0,-0.003451138661253003,0.5301135743685099,-0.042110134897635376,2.414866494181603,6.418414077070589,4.393760777930197,1.2796381955967275,0.02951719752782537,-0.06812757285500888,0.06812757285500895,6.418414077070589,2.635493203683245
33.00477477254529,-22.23898528435305,-20,121.64799999959827,-8.550999999599275,90,90,0,0.0015553847219351297,0.5669142525298785,0.06575687057025414,2.3403410543181855,7.340189763943824,2.5948029460303212,3.6509717570622033,0.043723023666622514,-0.01665884412119147,0.01665884412119139,7.340189763943824,2.9527347496987213
33.00477477254529,-16.67923895212511,-20,121.64799999959827,-8.500999999599275,90,90,0,0.006560625972192341,0.6194655079278275,0.21353722682962756,1.8602620047514438,8.869235900252002,-1.475318318948863,3.657462585397496,0.06498290851959743,0.018556074819201736,-0.018556074819201848,8.869235900252002,3.5291382852815993
33.00477477254529,-11.119492619897173,-20,121.64799999959827,-8.450999999599276,90,90,0,0.011170070449993658,0.6860289458058542,0.3650489544862986,1.4032028457312118,9.18198237122594,-4.210845519940989,1.5335830787857425,0.09578041987469074,0.03412439958235513,-0.03412439958235514,9.18198237122594,3.6386685489080213
33.00477477254529,-5.559746287669236,-20,121.64799999959827,-8.400999999599275,90,90,0,0.014992559416680151,0.7541662721574105,0.5000172983078401,1.2014328495664852,8.558456522896433,-4.893345637219416,-0.6534273969836852,0.13603582162533684,0.030468652997976967,-0.030468652997976853,8.558456522896433,3.3929139561605965
33.00477477254529,0.00000004455870161734765,-20,121.64799999959827,-8.350999999599274,90,90,0,0.017699217123382932,0.81829117918399,0.6183310204035448,1.2506206627752177,8.138798523351412,-4.622540058644061,-2.0985907508893225,0.1823420379719826,0.011362574255323202,-0.011362574255322997,8.138798523351412,3.2441568350852417
33.00477477254529,5.559746376786639,-20,121.64799999959827,-8.300999999599275,90,90,0,0.019072257976022577,0.8814002787602482,0.7277922193005484,1.5344881092506846,8.689683808372878,-4.193240103472797,-2.6911677676838535,0.2284861111125921,-0.016881105782449352,0.01688110578244961,8.689683808372878,3.492754629131601
33.00477477254529,11.119492709014576,-20,121.64799999959827,-8.250999999599275,90,90,0,0.019038754926629403,-0.6476187831173624,-0.15865495896211512,2.180238186347105,10.653967445002731,-3.529412684379041,-1.87704152480019,0.2670837607930133,-0.046247277790804106,0.046247277790804356,10.653967445002731,4.307834255791898
33.00477477254529,16.679239041242514,-20,121.64799999959827,-8.200999999599274,90,90,0,0.01768469523771285,-0.566292633864838,-0.02482931681152656,3.5440857201826295,12.776490480728784,0.02863253976342499,1.4818472034476495,0.2917067554950929,-0.06827936182355444,0.06827936182355457,12.776490480728784,5.178875554115068
33.00477477254529,22.238985373470452,-20,121.64799999959827,-8.150999999599275,90,90,0,0.015241780800246019,-0.4993261271750814,0.1197186859567197,5.405646559213326,10.47057719630572,10.137511513047285,2.444450949399216,0.29869466201901146,-0.07608894053797945,0.07608894053797963,10.47057719630572,4.264319819060268
33.00477477254529,27.79873170569839,-20,121.64799999959827,-8.100999999599274,90,90,0,0.012042968370660434,-0.46449306860693407,0.17222424606462128,5.447790745456729,9.685384579114297,11.51407134321406,-3.929702915229139,0.2879555505655417,-0.06646665400651408,0.06646665400651465,9.685384579114297,3.940620485652234
33.00477477254529,33.358478037926325,-20,121.64799999959827,-8.050999999599275,90,90,0,0.00845601864124465,-0.41461117049798324,0.12584051115903938,3.7467879018278896,10.674014325324405,4.145712095645572,-4.748623105803784,0.26252619846757363,-0.04074958750169522,0.04074958750169574,10.674014325324405,4.310355317631458
33.00477477254529,38.91822437015426,-20,121.64799999959827,-8.000999999599275,90,90,0,0.004817256725497904,-0.3533750005000279,0.0663468961047396,2.1947054784305093,9.173804101287061,-0.18445600335197873,-2.5698522128625276,0.2272690561215648,-0.0037741528156488196,0.0037741528156491114,9.173804101287061,3.6732957933304737
33.00477477254529,44.4779707023822,-20,121.64799999959827,-7.950999999599275,90,90,0,0.001387121849338202,-0.2991612624564435,0.02460954843574925,1.2137324424644984,6.965718942422244,-1.5933454539494942,-0.8704101201274242,0.18739721306585494,0.03831539546485238,-0.03831539546485225,6.965718942422244,2.7479721815040454
33.00477477254529,50.03771703461014,-20,121.64799999959827,-7.900999999599275,90,90,0,-0.0016647775577423862,-0.2569607136381893,0.000733216865084374,0.6565770848988273,5.090481793620974,-1.715734588365129,0.0033646195067918187,0.14737234435598068,0.08002747643058097,-0.08002747643058093,5.090481793620974,1.956165241017809
33.00477477254529,55.59746336683808,-20,121.64799999959827,-7.850999999599274,90,90,0,-0.004251634504414431,-0.22544862220378567,-0.011063404167951846,0.35218985108322326,3.7408336962536892,-1.4213474402710224,0.3360066706415729,0.11036538806317878,0.11749778353796217,-0.11749778353796216,3.7408336962536892,1.3788356949635134
33.00477477254529,61.157209699066016,-20,121.64799999959827,-7.8009999995992745,90,90,0,-0.006350265321452747,-0.20187401878385886,-0.015793040080427312,0.1877935056393939,2.8332170953405433,-1.0655207499985684,0.3940234519300837,0.07819766703767203,0.14857953055537573,-0.14857953055537576,2.8332170953405433,0.9847073075808416
33.00477477254529,66.71695603129395,-20,121.64799999959827,-7.750999999599275,90,90,0,-0.007980213880983272,-0.18378012656806164,-0.016728983438727696,0.098645284805236,2.2362087560918527,-0.7630724399130047,0.3383462408185687,0.05157241248924376,0.17249078567840442,-0.17249078567840445,2.2362087560918527,0.7219927167583367
33.00477477254529,72.27670236352188,-20,121.64799999959827,-7.700999999599275,90,90,0,-0.009185997470343904,-0.16937912302190541,-0.015783778026924766,0.04956416853568166,1.8408556859078415,-0.5346201203089194,0.24962760407995,0.030414079046998447,0.18936688298697296,-0.189366882986973,1.8408556859078415,0.5469753913761637
33.00477477254529,77.83644869574981,-20,121.64799999959827,-7.650999999599275,90,90,0,-0.010023943095624988,-0.15747654058317617,-0.014011696853534372,0.021859163412093832,1.57183018009681,-0.37063862415757737,0.16279807507966376,0.01419191566089348,0.19987775117919684,-0.19987775117919684,1.57183018009681,0.42885432085952724
33.00477477254529,83.39619502797774,-20,121.64799999959827,-7.600999999599275,90,90,0,-0.010553338630559045,-0.14730381024730357,-0.01197049107518866,0.005668906323104683,1.3810383836159437,-0.25561847167122054,0.0901934765845419,0.002169578316493907,0.20494951692632526,-0.20494951692632526,1.3810383836159437,0.34746583652005225
33.00477477254529,88.95594136020567,-20,121.64799999959827,-7.550999999599275,90,90,0,-0.010831013265808542,-0.13837256162876727,-0.009942269463389997,-0.00421351421738915,1.2389183671836081,-0.17571682552601778,0.03411720489806667,-0.006429999357069611,0.20558080970532422,-0.20558080970532422,1.2389183671836081,0.28998653716811906
33.00477477254529,94.5156876924336,-20,121.64799999959827,-7.500999999599275,90,90,0,-0.010908393065038768,-0.13037149300975198,-0.008059681347704906,-0.010550172142379037,1.1276042360074305,-0.120372105935879,-0.0070325614803933715,-0.012330841930457357,0.20273176783683056,-0.20273176783683056,1.1276042360074305,0.2483099265661417
33.00477477254529,100.07543402466153,-20,121.64799999959827,-7.450999999599275,90,90,0,-0.010830217960154181,-0.1230992406039969,-0.00637591772352919,-0.01481676170714697,1.0363516360816838,-0.08202101341850468,-0.03600173707115985,-0.016160411387331142,0.1972643860623739,-0.1972643860623739,1.0363516360816838,0.21727626837029962
33.00477477254529,105.63518035688946,-20,121.64799999959827,-7.400999999599275,90,90,0,-0.010634299632998001,-0.11642234377732286,-0.0049030228074828375,-0.017810003929004392,0.9586803759971472,-0.05539779462170452,-0.05554327669128867,-0.01843729925347087,0.18991691391180412,-0.18991691391180412,0.9586803759971472,0.19355523648705478
33.00477477254529,111.1949266891174,-20,121.64799999959827,-7.350999999599275,90,90,0,-0.010351880190815732,-0.11024938821225833,-0.0036326942533090323,-0.01996732550289558,0.8906466786350781,-0.03687913735859634,-0.06801903184219386,-0.019576024523124888,0.1812994055670497,-0.1812994055670497,0.8906466786350781,0.17495926588698152
38.50557057533549,-111.1949266,-20,121.69799999959828,-9.350999999599274,90,90,0,-0.020188974321881117,0.15833995547389867,-0.019607412641811206,-0.034267703461092515,1.3411509906247028,-0.005497885919801995,0.24564441148896307,-0.056270870008062586,-0.3234997608375672,0.3234997608375672,1.3411509906247028,0.8599601570874484
38.50557057533549,-105.63518026777207,-20,121.69799999959828,-9.300999999599275,90,90,0,-0.021316810023832455,0.1684307905454444,-0.023491609282023984,-0.035001124974352385,1.4544976198959414,-0.022176753435374192,0.25278118450583664,-0.059643577631097296,-0.3468177045670653,0.3468177045670653,1.4544976198959414,0.9286167525254418
38.50557057533549,-100.07543393554414,-20,121.69799999959828,-9.250999999599275,90,90,0,-0.022423031209396413,0.17942503308107072,-0.028072795347908186,-0.035639168552555264,1.58302625272488,-0.047102553875487146,0.2543208016136211,-0.06239291299004757,-0.3703064356611968,0.3703064356611968,1.58302625272488,1.003516936751149
38.50557057533549,-94.51568760331621,-20,121.69799999959828,-9.200999999599274,90,90,0,-0.023476395970615765,0.1914624550508235,-0.03345947634355406,-0.035824623484091364,1.731383327371417,-0.08335411965529986,0.24771977467058537,-0.06417459050527927,-0.3934203572220177,0.3934203572220177,1.731383327371417,1.0859736881705846
38.50557057533549,-88.95594127108828,-20,121.69799999959828,-9.150999999599275,90,90,0,-0.02443665413380787,0.20472729536610834,-0.039761133129538107,-0.03477491528738538,1.9063898671789934,-0.13468927958667204,0.22978448808189803,-0.06457335354026078,-0.41543085228774934,0.41543085228774934,1.9063898671789934,1.177986799159347
38.50557057533549,-83.39619493886035,-20,121.69799999959828,-9.100999999599274,90,90,0,-0.0252528618324563,0.21946624240234303,-0.04707523414841763,-0.030927294534956188,2.1179462593058997,-0.20521246846006352,0.19665071578760163,-0.06312067980986419,-0.43538022920841807,0.43538022920841807,2.1179462593058997,1.282558732930778
38.50557057533549,-77.83644860663242,-20,121.69799999959828,-9.050999999599275,90,90,0,-0.025861604836381044,0.23601129380844693,-0.055465003929690115,-0.02134557491642507,2.38006614326756,-0.2983643286254181,0.14380457237722094,-0.05933866943014132,-0.4520236784208702,0.4520236784208702,2.38006614326756,1.404050135727894
38.50557057533549,-72.27670227440449,-20,121.69799999959828,-9.000999999599275,90,90,0,-0.02618525561201783,0.25480525928599423,-0.0649242244925734,-0.0007691734451593241,2.711727802077658,-0.41455016497244745,0.06606709876111072,-0.05282232643631741,-0.4637596312121453,0.4637596312121453,2.711727802077658,1.5484507520432085
38.50557057533549,-66.71695594217655,-20,121.69799999959828,-8.950999999599276,90,90,0,-0.02613054585383856,0.2764221426172675,-0.07532512115514456,0.03982509166588162,3.1367220058481715,-0.5462200830061116,-0.04268807266245024,-0.043370427873953815,-0.46856009575093616,0.46856009575093616,3.1367220058481715,1.7232488980902048
38.50557057533549,-61.157209609948616,-20,121.69799999959828,-8.900999999599275,90,90,0,-0.025588090143951706,0.30156282348519725,-0.08634474983342477,0.1152021261853485,3.6806112392890786,-0.6684671953379691,-0.19044560197044683,-0.031163804679853583,-0.4639411869336668,0.4639411869336668,3.6806112392890786,1.9361856826492985
38.50557057533549,-55.59746327772068,-20,121.69799999959828,-8.850999999599274,90,90,0,-0.024434218395038426,0.33098273046841814,-0.09735833254835136,0.24810168118854026,4.360765953470589,-0.7222995767950623,-0.38835637116261273,-0.01696057245146873,-0.4470698276134458,0.4470698276134458,4.360765953470589,2.1913762090016817
38.50557057533549,-50.03771694549274,-20,121.69799999959828,-8.800999999599275,90,90,0,-0.022537707594695713,0.3652636085347149,-0.10725073001289676,0.4703484315628284,5.1615181467164435,-0.5877116939293463,-0.6480335897087686,-0.00222148880417686,-0.4151787190459744,0.41517871904597453,5.1615181467164435,2.479785977732552
38.50557057533549,-44.4779706132648,-20,121.69799999959828,-8.750999999599275,90,90,0,-0.019775510956055717,0.40427531649287846,-0.11395611671283923,0.8183169236476598,5.982976954265493,-0.05174074789786503,-0.9539920799203943,0.011002075858992122,-0.3664952569481765,0.3664952569481766,5.982976954265493,2.759686038654374
38.50557057533549,-38.91822428103686,-20,121.69799999959828,-8.700999999599276,90,90,0,-0.016062039829808403,0.44619622692387245,-0.11314474608167768,1.3102421151691488,6.575072317861006,1.1697339968415439,-1.149188369313142,0.02064236960314438,-0.30172257478696707,0.3017225747869672,6.575072317861006,2.93175150193137
38.50557057533549,-33.358477948808925,-20,121.69799999959828,-8.650999999599275,90,90,0,-0.011393055199129337,0.48675777748314836,-0.09502722939033392,1.8815041374425565,6.631393718416393,3.0896130320313966,-0.6823484150931801,0.025775319861018484,-0.22557033528213327,0.22557033528213344,6.631393718416393,2.878127822648691
38.50557057533549,-27.798731616580987,-20,121.69799999959828,-8.600999999599274,90,90,0,-0.005895064292296914,0.5223945258148339,-0.04096579084759555,2.2914259297963486,6.488993852325409,4.39451680774345,1.2255062616265646,0.028057643895718642,-0.14710798674861886,0.1471079867486189,6.488993852325409,2.742705527678783
38.50557057533549,-22.23898528435305,-20,121.69799999959828,-8.550999999599275,90,90,0,0.00014241280567586778,0.5600107205257041,0.06615940521073471,2.2298057779231812,7.432343675210705,2.584064949883564,3.59208044786528,0.03246731704388398,-0.07773397692208743,0.07773397692208735,7.432343675210705,3.0506714470063696
38.50557057533549,-16.67923895212511,-20,121.69799999959828,-8.500999999599275,90,90,0,0.006277853528259533,0.6135123882822381,0.21319890091530797,1.7703503318821712,8.97951783534294,-1.4978328488758785,3.5989306610625156,0.04619076393547223,-0.027201779098190885,0.02720177909819077,8.97951783534294,3.6190089132353664
38.50557057533549,-11.119492619897173,-20,121.69799999959828,-8.450999999599276,90,90,0,0.011979621329212903,0.6811244901133299,0.36408057213967315,1.3358249501139257,9.307043357591576,-4.2428351421967605,1.479990432080443,0.07555706691530405,-0.00022270067806215579,0.00022270067806214698,9.307043357591576,3.723040043714693
38.50557057533549,-5.559746287669236,-20,121.69799999959828,-8.400999999599275,90,90,0,0.016716969904705586,0.7503757501496511,0.4986174220477306,1.1527181546483574,8.694515804639815,-4.929701574966938,-0.6997450038034775,0.1225780474615592,0.004147252943664422,-0.00414725294366431,8.694515804639815,3.4736590689122617
38.50557057533549,0.00000004455870161734765,-20,121.69799999959828,-8.350999999599274,90,90,0,0.02004722607071409,0.8156450064814558,0.616741063121659,1.212531216949829,8.281085339961779,-4.65604627728096,-2.1381773803271513,0.1831447141214935,-0.009082042307548584,0.009082042307548789,8.281085339961779,3.3215161782922604
38.50557057533549,5.559746376786639,-20,121.69799999959828,-8.300999999599275,90,90,0,0.02168163966731433,0.8798907969870113,0.7262462967656189,1.496761002057505,8.83282101443104,-4.216199464211802,-2.7268652043476576,0.2478049083797899,-0.03236422637291845,0.032364226372918706,8.83282101443104,3.565492632145335
38.50557057533549,11.119492709014576,-20,121.69799999959828,-8.250999999599275,90,90,0,0.021530218176354143,-0.648034154659932,-0.15996940773574103,2.1324636614682886,10.792991522024202,-3.535714122753781,-1.9125901462599422,0.30464968739448445,-0.056202804526998,0.05620280452699825,10.792991522024202,4.37339941333668
38.50557057533549,16.679239041242514,-20,121.69799999959828,-8.200999999599274,90,90,0,0.01972384004713182,-0.5656817696435178,-0.025791877500990712,3.4784307405593315,12.907346648880797,0.04177178625034677,1.4434097851638041,0.3431035093505875,-0.07017049284887705,0.07017049284887718,12.907346648880797,5.233109152401196
38.50557057533549,22.238985373470452,-20,121.69799999959828,-8.150999999599275,90,90,0,0.016597748980352184,-0.4977748485641766,0.11915961765262961,5.319822759812414,10.589564674165047,10.168829393007863,2.4019255243976643,0.35713646835156115,-0.06582140472180409,0.06582140472180426,10.589564674165047,4.301647274387823
38.50557057533549,27.79873170569839,-20,121.69799999959828,-8.100999999599274,90,90,0,0.012621733332160295,-0.46210673831979787,0.1720619140104379,5.346350099363341,9.788477645192296,11.558870898664493,-3.9754692907385882,0.34655048713773895,-0.040378427183265356,0.040378427183265925,9.788477645192296,3.955769485260185
38.50557057533549,33.358478037926325,-20,121.69799999959828,-8.050999999599275,90,90,0,0.00829176613773297,-0.4115200438436757,0.1260254929833951,3.6391915716929915,10.757294588400553,4.197507090093187,-4.795374717512119,0.3159526351041077,0.002039441333138833,-0.0020394413331383163,10.757294588400553,4.300878394027084
38.50557057533549,38.91822437015426,-20,121.69799999959828,-8.000999999599275,90,90,0,0.004028896511161728,-0.3497320500064329,0.06680411841268158,2.0912216923131317,9.234802645738231,-0.13201816402514327,-2.614872918510404,0.2723855356845543,0.05308403468929234,-0.053084034689292056,9.234802645738231,3.6408370236060006
38.50557057533549,44.4779707023822,-20,121.69799999959828,-7.950999999599275,90,90,0,0.00012584910396201687,-0.2951289911232288,0.02525490646648962,1.1219573689793518,7.004335857411894,-1.5450711740304128,-0.9112996289063129,0.22304144082483782,0.1043810762532459,-0.10438107625324577,7.004335857411894,2.697353266711512
38.50557057533549,50.03771703461014,-20,121.69799999959828,-7.900999999599275,90,90,0,-0.003254232747551211,-0.2526939803557565,0.0014877050339232312,0.5802391906712364,5.108777699643109,-1.67435792274023,-0.03174763104910635,0.17382197467093224,0.1501563947181692,-0.15015639471816916,5.108777699643109,1.8933546851390743
38.50557057533549,55.59746336683808,-20,121.69799999959828,-7.850999999599274,90,90,0,-0.006049628500130605,-0.22108184253880706,-0.010264429915632617,0.29181234563790215,3.7421232478305155,-1.3877578707319909,0.3074356397004908,0.12875964457153388,0.1875711837443911,-0.1875711837443911,3.7421232478305155,1.309278115387815
38.50557057533549,61.157209699066016,-20,121.69799999959828,-7.8009999995992745,90,90,0,-0.00826601729611029,-0.19751566768396928,-0.014996298575614603,0.1419880357355909,2.8211660315431035,-1.03935345948996,0.37197626746033574,0.09004816731973639,0.21588797396400877,-0.2158879739640088,2.8211660315431035,0.9125784386532326
38.50557057533549,66.71695603129395,-20,121.69799999959828,-7.750999999599275,90,90,0,-0.009948345905793604,-0.1795128948390073,-0.015964206852943696,0.06521307243747186,2.2142625198127,-0.7433125353983674,0.3222506338873978,0.058415269285836666,0.23554863029664697,-0.235548630296647,2.2142625198127,0.6501563776284331
38.50557057533549,72.27670236352188,-20,121.69799999959828,-7.700999999599275,90,90,0,-0.011160989426109935,-0.16526294846918496,-0.015067054147381909,0.026173904547209872,1.8119843113005765,-0.5200472384268225,0.23860735601185995,0.03360978048506641,0.24755037618624015,-0.24755037618624018,1.8119843113005765,0.4772433483339904
38.50557057533549,77.83644869574981,-20,121.69799999959828,-7.650999999599275,90,90,0,-0.011974885984932487,-0.15355251778040588,-0.01334941130315942,0.0063769006874761155,1.538465859393744,-0.3600857343716745,0.1558802890662833,0.014844624829728674,0.2530952783929402,-0.2530952783929402,1.538465859393744,0.36229106536455735
38.50557057533549,83.39619502797774,-20,121.69799999959828,-7.600999999599275,90,90,0,-0.012459728484461058,-0.14359799088826639,-0.011362824445163455,-0.0037225531356048155,1.34510414812848,-0.24808829598721116,0.08644674590873046,0.0011230180858336754,0.25340405200405264,-0.25340405200405264,1.34510414812848,0.2846376072473394
38.50557057533549,88.95594136020567,-20,121.69799999959828,-7.550999999599275,90,90,0,-0.012679622642945254,-0.1348992887988899,-0.0093858628496436,-0.009000933942647888,1.201891280820292,-0.17041152059543158,0.03272551773772737,-0.008558502117793092,0.2496178795132465,-0.2496178795132465,1.201891280820292,0.2311386328148703
38.50557057533549,94.5156876924336,-20,121.69799999959828,-7.500999999599275,90,90,0,-0.012691033542463426,-0.127136199124402,-0.0075494693091612275,-0.011920889487433523,1.0905869318416412,-0.11667947557577614,-0.006742651823192241,-0.015104072273471991,0.24274923316616312,-0.24274923316616312,1.0905869318416412,0.1934855395704934
38.50557057533549,100.07543402466153,-20,121.69799999959828,-7.450999999599275,90,90,0,-0.012542175566856995,-0.12010074095919801,-0.005906287102137142,-0.013703817892860778,1.0001411840644585,-0.07948404558965776,-0.03456237474971087,-0.019276655758874443,0.23366233661830424,-0.23366233661830424,1.0001411840644585,0.1663941370074792
38.50557057533549,105.63518035688946,-20,121.69799999959828,-7.400999999599275,90,90,0,-0.012273255202121025,-0.11365468549518351,-0.0044684856187579,-0.014937757544181453,0.9238301068174024,-0.05368158298161462,-0.05336094385391334,-0.0216930864934302,0.22307211878765323,-0.22307211878765323,0.9238301068174024,0.14645992393930776
38.50557057533549,111.1949266891174,-20,121.69799999959828,-7.350999999599275,90,90,0,-0.011917169100340852,-0.10770331784338133,-0.0032282368755674473,-0.01589227512312788,0.8575194699789366,-0.035741354897339636,-0.06539549680802852,-0.02283734853482955,0.21155417653580513,-0.21155417653580513,0.8575194699789366,0.13145361145576953
44.00636637812569,-111.1949266,-20,121.74799999959828,-9.350999999599274,90,90,0,-0.022630651127131057,0.15310370220468505,-0.018576867273983444,-0.021664962248898224,1.2830589031458457,-0.0050079994843603365,0.23631956236893356,-0.06261808893303186,-0.36577708742963355,0.36577708742963355,1.2830589031458457,0.8790006486879719
44.00636637812569,-105.63518026777207,-20,121.74799999959828,-9.300999999599275,90,90,0,-0.023927312381459828,0.162721993162543,-0.022317338546553767,-0.022660603098087345,1.3913932586147266,-0.021073293812348574,0.24290677390471765,-0.06625991481371798,-0.3938716860957408,0.3938716860957408,1.3913932586147266,0.9504289895416316
44.00636637812569,-100.07543393554414,-20,121.74799999959828,-9.250999999599275,90,90,0,-0.025215595401514343,0.17320644759241383,-0.026730444302157874,-0.02406867162384002,1.5147802415203864,-0.04510365060581739,0.24402246075125048,-0.06911769442177734,-0.4229017658976552,0.4229017658976552,1.5147802415203864,1.0288138625058099
44.00636637812569,-94.51568760331621,-20,121.74799999959828,-9.200999999599274,90,90,0,-0.02646541703560594,0.18469691293727802,-0.031922136804128975,-0.02574499313180531,1.6579823285303055,-0.08008585078566023,0.2371703560231448,-0.07075209997638093,-0.45248331366555666,0.45248331366555666,1.6579823285303055,1.115676245077679
44.00636637812569,-88.95594127108828,-20,121.74799999959828,-9.150999999599275,90,90,0,-0.0276376610471495,0.19737904565987519,-0.03800027461609362,-0.02720078289613966,1.8279955632349896,-0.12967351449419515,0.21919362951709476,-0.07061882492102584,-0.4820792314557694,0.4820792314557694,1.8279955632349896,1.2132774567497653
44.00636637812569,-83.39619493886035,-20,121.74799999959828,-9.100999999599274,90,90,0,-0.028682283154834384,0.21150298037074855,-0.04506256099517214,-0.02727685638974756,2.034985616072921,-0.19786812725126712,0.18623269646980387,-0.06808250692554471,-0.51094590472742,0.51094590472742,2.034985616072921,1.3249401511565884
44.00636637812569,-77.83644860663242,-20,121.74799999959828,-9.050999999599275,90,90,0,-0.02953608210965497,0.22740724684804964,-0.05317570043370168,-0.02358388734805511,2.2933713284628747,-0.28803695718411504,0.13371020806740402,-0.06246455316080684,-0.5380494608164014,0.5380494608164014,2.2933713284628747,1.4553979922015512
44.00636637812569,-72.27670227440449,-20,121.74799999959828,-9.000999999599275,90,90,0,-0.03012003999144701,0.24554587934933342,-0.062342156740114174,-0.011579394801326318,2.622749265549672,-0.4005916702622257,0.056261839851769586,-0.05314650495847448,-0.5619341035274831,0.5619341035274831,2.622749265549672,1.6110338097473518
44.00636637812569,-66.71695594217655,-20,121.74799999959828,-8.950999999599276,90,90,0,-0.03033614678308634,0.26651112090345674,-0.07245059147919619,0.0168758226094394,3.0478336986650088,-0.5281450066923409,-0.05261715372677019,-0.03975488146776781,-0.5805269633971503,0.5805269633971503,3.0478336986650088,1.799660442863154
44.00636637812569,-61.157209609948616,-20,121.74799999959828,-8.900999999599275,90,90,0,-0.03006383621354107,0.2910321179167053,-0.08320521465356567,0.07559615687146422,3.5954939229320666,-0.6462065573920994,-0.20155932984651614,-0.022449348656400046,-0.5908905311738765,0.5908905311738765,3.5954939229320666,2.029088100346703
44.00636637812569,-55.59746327772068,-20,121.74799999959828,-8.850999999599274,90,90,0,-0.02915693850727022,0.3199056863661936,-0.09402185812649705,0.18660417124772344,4.284763957858681,-0.6965463559463423,-0.40267785658065464,-0.0023091632622054465,-0.5890183819645701,0.5890183819645701,4.284763957858681,2.3029239651080426
44.00636637812569,-50.03771694549274,-20,121.74799999959828,-8.800999999599275,90,90,0,-0.02744403311419613,0.35376946342251914,-0.1038404967417838,0.3818706589028961,5.1017009229787895,-0.5602936879405203,-0.6687930263393486,0.018264869365326904,-0.5699498016221318,0.5699498016221318,5.1017009229787895,2.610630170813648
44.00636637812569,-44.4779706132648,-20,121.74799999959828,-8.750999999599275,90,90,0,-0.02473881021407956,0.3925600790724453,-0.11066155218105578,0.6997565026894345,5.947474021837604,-0.025877987710342543,-0.9855466499056408,0.03538387713597953,-0.5287225737349088,0.5287225737349089,5.947474021837604,2.907712182469951
44.00636637812569,-38.91822428103686,-20,121.74799999959828,-8.700999999599276,90,90,0,-0.02087148146445368,0.4345214016674797,-0.11022089548672093,1.1632313327267214,6.571365811223723,1.1894722076278463,-1.1962242394752547,0.0442489210190829,-0.4627134025605309,0.462713402560531,6.571365811223723,3.0912597270500206
44.00636637812569,-33.358477948808925,-20,121.74799999959828,-8.650999999599275,90,90,0,-0.01575185277010069,0.4754291887647188,-0.09277075114384514,1.714857723670063,6.664025885419866,3.097759470431892,-0.748088081224662,0.041111408652072405,-0.37509282955886775,0.3750928295588679,6.664025885419866,3.0407031837268144
44.00636637812569,-27.798731616580987,-20,121.74799999959828,-8.600999999599274,90,90,0,-0.009458920147202204,0.5117240894107533,-0.039659201850553216,2.120812319714797,6.5583077951271,4.38550451383769,1.1416258375713997,0.02662146319680899,-0.2771178537964796,0.27711785379647963,6.5583077951271,2.90044097184732
44.00636637812569,-22.23898528435305,-20,121.74799999959828,-8.550999999599275,90,90,0,-0.0023182004534153533,0.5502804482917033,0.06632743911885314,2.0728807999122227,7.535728180398369,2.5532889205356324,3.4956491767203044,0.008709563917379272,-0.18567323991759171,0.18567323991759163,7.535728180398369,3.199964512076939
44.00636637812569,-16.67923895212511,-20,121.74799999959828,-8.500999999599275,90,90,0,0.005094745052055594,0.604962062032419,0.21220545290095555,1.6394376161051953,9.113981634480346,-1.5525684404581583,3.4990863288042657,0.0016104509816985348,-0.11563394509127617,0.11563394509127606,9.113981634480346,3.761226598883415
44.00636637812569,-11.119492619897173,-20,121.74799999959828,-8.450999999599276,90,90,0,0.012052566605623594,0.6739600714873126,0.36209245731724804,1.2333191358738036,9.469850312103459,-4.319502398201775,1.3856991785810995,0.019714055972971104,-0.0729305027618695,0.07293050276186949,9.469850312103459,3.860870627603253
44.00636637812569,-5.559746287669236,-20,121.74799999959828,-8.400999999599275,90,90,0,0.017829458795752706,0.74477174109973,0.4959513781983756,1.0718309518342248,8.88100505689128,-5.02069983187354,-0.7830848941028429,0.06985912932547328,-0.05444517275146566,0.05444517275146577,8.88100505689128,3.606847195507978
44.00636637812569,0.00000004455870161734765,-20,121.74799999959828,-8.350999999599274,90,90,0,0.02183355341782492,0.8117247832144677,0.6137812006318762,1.1409016281428908,8.48268430424024,-4.7486132106649395,-2.2098739530626457,0.14731344694688384,-0.05290835882386217,0.05290835882386238,8.48268430424024,3.4459820805199586
44.00636637812569,5.559746376786639,-20,121.74799999959828,-8.300999999599275,90,90,0,0.02368945162631289,0.8776998744830274,0.7233571740937143,1.4195885135319848,9.038034771330954,-4.29509504970654,-2.7899204499612025,0.23724867839554722,-0.06015516773394428,0.060155167733944546,9.038034771330954,3.6753690762663265
44.00636637812569,11.119492709014576,-20,121.74799999959828,-8.250999999599275,90,90,0,0.023292519656603256,-0.6485363227373139,-0.16250389754405348,2.035110576599326,10.990577029435276,-3.587374251097939,-1.9715476943751526,0.32013066016710157,-0.06635831128843786,0.06635831128843811,10.990577029435276,4.462589123062548
44.00636637812569,16.679239041242514,-20,121.74799999959828,-8.200999999599274,90,90,0,0.02084714665525661,-0.5646062890764793,-0.02779235082000875,3.3506745554801456,13.088449157474008,0.025234715373581403,1.3848225257258897,0.37864637848525196,-0.05933654116481349,0.059336541164813614,13.088449157474008,5.294716204154417
44.00636637812569,22.238985373470452,-20,121.74799999959828,-8.150999999599275,90,90,0,0.016852703682206482,-0.4952850561184684,0.11777460061457662,5.161634379371755,10.746986340175619,10.18744920259217,2.342343401398482,0.40350776286051876,-0.02889103683415765,0.028891036834157825,10.746986340175619,4.3276855729044055
44.00636637812569,27.79873170569839,-20,121.74799999959828,-8.100999999599274,90,90,0,0.011988934549318458,-0.4584156104825084,0.17129478915662644,5.170302907185913,9.915302617225171,11.605435483557926,-4.035107376245531,0.39523150454440964,0.025726116849782436,-0.025726116849781874,9.915302617225171,3.9403949300402865
44.00636637812569,33.358478037926325,-20,121.74799999959828,-8.050999999599275,90,90,0,0.006924755533133681,-0.40689097453362466,0.1258169910095997,3.4651200853105903,10.848165964352798,4.260609581251107,-4.853016001180621,0.36121036114384314,0.09397347372241488,-0.09397347372241438,10.848165964352798,4.245292912018705
44.00636637812569,38.91822437015426,-20,121.74799999959828,-8.000999999599275,90,90,0,0.002158279461650453,-0.34445775556958697,0.0670497440661052,1.9366542474325503,9.288752179880186,-0.06404068972569837,-2.6683727684381253,0.31112535296829674,0.16127499049230082,-0.16127499049230054,9.288752179880186,3.5542258814597743
44.00636637812569,44.4779707023822,-20,121.74799999959828,-7.950999999599275,90,90,0,-0.0020301517130347224,-0.2894905267691965,0.025826974877940112,0.9961109404782057,7.025439978430844,-1.4811330424558484,-0.9588262156641096,0.2539491818703869,0.2175084873076169,-0.2175084873076168,7.025439978430844,2.592667504064721
44.00636637812569,50.03771703461014,-20,121.74799999959828,-7.900999999599275,90,90,0,-0.005532969959556433,-0.24692552435618587,0.0022604036362251223,0.4842314188531286,5.104042076991498,-1.6195078416821913,-0.07198728541978244,0.19679667934927617,0.2593488666428054,-0.2593488666428053,5.104042076991498,1.7822679641537942
44.00636637812569,55.59746336683808,-20,121.74799999959828,-7.850999999599274,90,90,0,-0.008346868200576812,-0.21535736352165524,-0.009395994887815451,0.22202495272077688,3.7188807265522335,-1.343671028474119,0.27507993198387154,0.14455991268804577,0.2877940510865169,-0.2877940510865169,3.7188807265522335,1.1997582395343767
44.00636637812569,61.157209699066016,-20,121.74799999959828,-7.8009999995992745,90,90,0,-0.010521497752283393,-0.19195384806656546,-0.01410806769107667,0.09321701911329319,2.7855961520826193,-1.0055257631032222,0.3473385357642784,0.09992501928255167,0.30525783123513855,-0.30525783123513855,2.7855961520826193,0.8089806295979092
44.00636637812569,66.71695603129395,-20,121.74799999959828,-7.750999999599275,90,90,0,-0.012130034308017207,-0.17418950389708027,-0.015104356938149793,0.032447431765984636,2.1710395303319716,-0.7182010367392646,0.30456491358711557,0.06375572552921421,0.3140861471001828,-0.3140861471001828,2.1710395303319716,0.554329665032606
44.00636637812569,72.27670236352188,-20,121.74799999959828,-7.700999999599275,90,90,0,-0.01325354165321943,-0.16022313635921473,-0.01426183380271473,0.005259244729860363,1.7644756045512007,-0.5018414628310546,0.22677325496339562,0.035686815802519145,0.3161816684005954,-0.3161816684005954,1.7644756045512007,0.3896085734198849
44.00636637812569,77.83644869574981,-20,121.74799999959828,-7.650999999599275,90,90,0,-0.01397240214659834,-0.14882031456157474,-0.012609878121151885,-0.005902484241829993,1.4890543464337207,-0.3471118849751606,0.14870733210716477,0.014698887829852727,0.31305446654812785,-0.31305446654812785,1.4890543464337207,0.28256727202536047
44.00636637812569,83.39619502797774,-20,121.74799999959828,-7.600999999599275,90,90,0,-0.01436149234544623,-0.13918295351342722,-0.010690572810057086,-0.009778475789000186,1.29546385857154,-0.23896372359905682,0.08281896109951231,-0.00045793573123903213,0.3059347536962143,-0.3059347536962143,1.29546385857154,0.2122507897324017
44.00636637812569,88.95594136020567,-20,121.74799999959828,-7.550999999599275,90,90,0,-0.01448765503115565,-0.13080103406118856,-0.00877719951219813,-0.010618885457050892,1.1531862766980683,-0.16406435923549956,0.03168480983983193,-0.011009952656177054,0.29584726313220044,-0.29584726313220044,1.1531862766980683,0.16542724754702687
44.00636637812569,94.5156876924336,-20,121.74799999959828,-7.500999999599275,90,90,0,-0.014408702114216076,-0.123347534729911,-0.006998168923084747,-0.01041728916807594,1.043609176962521,-0.11231017313226607,-0.0059715389227293,-0.01803681550320341,0.2836487374018079,-0.2836487374018079,1.043609176962521,0.13379493338320053
44.00636637812569,100.07543402466153,-20,121.74799999959828,-7.450999999599275,90,90,0,-0.014173417125701748,-0.11660988723455384,-0.005405273155700885,-0.010048742924545044,0.9554076414123741,-0.07651037473629027,-0.03258052977696836,-0.022430758834535273,0.2700476520307363,-0.2700476520307363,0.9554076414123741,0.11211540453421337
44.00636637812569,105.63518035688946,-20,121.74799999959828,-7.400999999599275,90,90,0,-0.013822155002837039,-0.11044689090782622,-0.004010778298723483,-0.009846080512869414,0.8816535091410612,-0.05168598750570029,-0.05061928569682661,-0.02489980219152312,0.2556188804206502,-0.2556188804206502,0.8816535091410612,0.09704252323577434
44.00636637812569,111.1949266891174,-20,121.74799999959828,-7.350999999599275,90,90,0,-0.013387747503383784,-0.10476205064581745,-0.0028074343965328596,-0.009890175231025266,0.8180614925926648,-0.03442726701634859,-0.062223021720091164,-0.025990414197193605,0.24081838641063952,-0.24081838641063952,0.8180614925926648,0.08640621062642645
49.50716218091589,-111.1949266,-20,121.79799999959828,-9.350999999599274,90,90,0,-0.024869109073277787,0.1472865619721468,-0.017454340728744744,-0.0059902994655365235,1.216618437048254,-0.004330138822688818,0.22608636588330608,-0.06829051369406049,-0.40500400114777224,0.40500400114777224,1.216618437048254,0.8916513759670739
49.50716218091589,-105.63518026777207,-20,121.79799999959828,-9.300999999599275,90,90,0,-0.026325687763834663,0.1563579174636655,-0.02102669578995059,-0.006632540810258305,1.3184788004477468,-0.019635590798403907,0.23212169867502602,-0.07212426716534448,-0.4379447734583396,0.4379447734583396,1.3184788004477468,0.9653362936374383
49.50716218091589,-100.07543393554414,-20,121.79799999959828,-9.250999999599275,90,90,0,-0.02779021180770523,0.16624446899598277,-0.025241025164215447,-0.008056505465349022,1.4349059447286838,-0.04254814128182956,0.2328655215925605,-0.07499273141675947,-0.47275743795112984,0.47275743795112984,1.4349059447286838,1.0467198158426034
49.50716218091589,-94.51568760331621,-20,121.79799999959828,-9.200999999599274,90,90,0,-0.029235479423697586,0.17708274694335535,-0.03019915280434804,-0.01031282605810202,1.5706744889727382,-0.075929722209542,0.22589772201774186,-0.07634506640122493,-0.5093103005453087,0.5093103005453087,1.5706744889727382,1.137580096134404
49.50716218091589,-88.95594127108828,-20,121.79799999959828,-9.150999999599275,90,90,0,-0.03062594719246889,0.1890555092387569,-0.03600548131058562,-0.013200808903058997,1.7328245634645496,-0.12328773738629391,0.20813580026172532,-0.07547836948745346,-0.547393010024479,0.547393010024479,1.7328245634645496,1.240522835410299
49.50716218091589,-83.39619493886035,-20,121.79799999959828,-9.100999999599274,90,90,0,-0.03191592065114848,0.20241093371619162,-0.042755955987735905,-0.01598958809838312,1.9316311767905852,-0.1884721807440144,0.17576922627933994,-0.0715393717167145,-0.5866766282492535,0.5866766282492535,1.9316311767905852,1.3593290989654876
49.50716218091589,-77.83644860663242,-20,121.79799999959828,-9.050999999599275,90,90,0,-0.033047263533403815,0.21748754189521485,-0.05051886873531858,-0.016925438232344298,2.181753675386656,-0.27473174846866993,0.12420113953919926,-0.06356388422621619,-0.6266309512949465,0.6266309512949465,2.181753675386656,1.4993324214496089
49.50716218091589,-72.27670227440449,-20,121.79799999959828,-9.000999999599275,90,90,0,-0.03394627149894737,0.23474318365705044,-0.059304118329184585,-0.012395481056325583,2.5032808375230595,-0.38246616573968867,0.04790649912597969,-0.050585286200932576,-0.6663576221919494,0.6663576221919494,2.5032808375230595,1.6676699572011733
49.50716218091589,-66.71695594217655,-20,121.79799999959828,-8.950999999599276,90,90,0,-0.03451908862099369,0.25478104162425674,-0.0690172318377526,0.004427788574707381,2.9218684519625815,-0.5045049274235667,-0.06003339016352746,-0.031858013997895465,-0.7042761408018449,0.7042761408018449,2.9218684519625815,1.8730235215868776
49.50716218091589,-61.157209609948616,-20,121.79799999959828,-8.900999999599275,90,90,0,-0.034644802759223575,0.27835364334328466,-0.07939348547622477,0.04564068515597666,3.466048229588722,-0.616973701232051,-0.209074907032394,-0.007256871273429677,-0.7375950972294302,0.7375950972294302,3.466048229588722,2.1240143890649192
49.50716218091589,-55.59746327772068,-20,121.79799999959828,-8.850999999599274,90,90,0,-0.034165614937154115,0.3063010526424555,-0.08989966266940352,0.1313444572772836,4.1574898337148545,-0.6628400595488326,-0.41274990812336315,0.02208359509291343,-0.7615716790812566,0.7615716790812566,4.1574898337148545,2.4245676125671984
49.50716218091589,-50.03771694549274,-20,121.79799999959828,-8.800999999599275,90,90,0,-0.032875505300180144,0.33933184235037545,-0.09955192466821539,0.29212889434441347,4.985801798363426,-0.5250989777111758,-0.6860208259114632,0.05287425085974009,-0.76883267699252,0.76883267699252,4.985801798363426,2.7631533963378905
49.50716218091589,-44.4779706132648,-20,121.79799999959828,-8.750999999599275,90,90,0,-0.030514970548963335,0.3774839744945725,-0.10645361465427616,0.5671751355577356,5.855719667246481,0.005474680917822842,-1.0172122593070125,0.07872553006437345,-0.7496441777314564,0.7496441777314565,5.855719667246481,3.091932044630049
49.50716218091589,-38.91822428103686,-20,121.79799999959828,-8.700999999599276,90,90,0,-0.026791578868880464,0.41912081154497943,-0.10646012291533336,0.9849270655336174,6.517972806466973,1.2094190277486585,-1.251822648193223,0.0899724617925499,-0.6947884707163647,0.694788470716365,6.517972806466973,3.301977593303154
49.50716218091589,-33.358477948808925,-20,121.79799999959828,-8.650999999599275,90,90,0,-0.021458366638849466,0.46012153247648196,-0.08992586627551347,1.4994427151994987,6.66016931162796,3.0973753503155224,-0.8365782480875977,0.07612116643961904,-0.6022477690904122,0.6022477690904123,6.66016931162796,3.2663154937415966
49.50716218091589,-27.798731616580987,-20,121.79799999959828,-8.600999999599274,90,90,0,-0.014468413826743132,0.49697207607731714,-0.03822001832373095,1.8907816177510681,6.608294356605493,4.355603444130974,1.0170898766358771,0.032789875887465514,-0.48463011376488585,0.4846301137648859,6.608294356605493,3.1279478564070833
49.50716218091589,-22.23898528435305,-20,121.79799999959828,-8.550999999599275,90,90,0,-0.006151110611235092,0.5365265149978478,0.06599887527716519,1.857200628541097,7.638693199037014,2.4851007599161883,3.3422021187466195,-0.029234997712768974,-0.3678712183761192,0.3678712183761191,7.638693199037014,3.4233484979909248
49.50716218091589,-16.67923895212511,-20,121.79799999959828,-8.500999999599275,90,90,0,0.002733599973580511,0.5926119456304783,0.2100300601880027,1.4586895318141473,9.26977226302672,-1.66613140902949,3.33245962994679,-0.08237192120927576,-0.2758072493278866,0.2758072493278865,9.26977226302672,3.983716154538575
49.50716218091589,-11.119492619897173,-20,121.79799999959828,-8.450999999599276,90,90,0,0.011159985381981957,0.6634138050506992,0.3583338590693276,1.0901342025496346,9.67993556569535,-4.480045647226193,1.222435156000075,-0.09497353906273383,-0.21425276417059286,0.21425276417059283,9.67993556569535,4.086226990448734
49.50716218091589,-5.559746287669236,-20,121.79799999959828,-8.400999999599275,90,90,0,0.018117908179391573,0.7364277874642051,0.4911357577050427,0.9537159566914163,9.141387227031917,-5.219276687138934,-0.9324562024281363,-0.04956616311542787,-0.17291819468139008,0.1729181946813902,9.141387227031917,3.829473085494157
49.50716218091589,0.00000004455870161734765,-20,121.79799999959828,-8.350999999599274,90,90,0,0.022820901109368574,0.8059133625045043,0.6085326816922689,1.0283207472350189,8.777680782573968,-4.963862604164223,-2.342125915821186,0.04830471175312865,-0.1397941433981458,0.139794143398146,8.777680782573968,3.6508664564277336
49.50716218091589,5.559746376786639,-20,121.79799999959828,-8.300999999599275,90,90,0,0.024791358378825734,0.8745914116415361,0.7182391870942157,1.2906727305351247,9.342668748054974,-4.497232023985889,-2.906798848014012,0.17378583697239727,-0.10868126245239655,0.10868126245239682,9.342668748054974,3.8457487616743866
49.50716218091589,11.119492709014576,-20,121.79799999959828,-8.250999999599275,90,90,0,0.023912488974691684,-0.64897239641082,-0.16708208846899336,1.8677346706505915,11.279521591892752,-3.7466766407112093,-2.0766657612177397,0.2934082365148335,-0.07377323818739757,0.07377323818739781,11.279521591892752,4.585581874944499
49.50716218091589,16.679239041242514,-20,121.79799999959828,-8.200999999599274,90,90,0,0.020505208725756563,-0.5625703440796328,-0.031588241484063695,3.1290380869999,13.343039836878233,-0.07087104315053565,1.289000809770541,0.37837572105708045,-0.022378301693214992,0.022378301693215103,13.343039836878233,5.359594236444509
49.50716218091589,22.238985373470452,-20,121.79799999959828,-8.150999999599275,90,90,0,0.015345213351398906,-0.49109679674283774,0.11488043393231706,4.889451646954157,10.954031842325277,10.159545048057371,2.2561180695564613,0.4160872888799535,0.05883530467192708,-0.05883530467192692,10.954031842325277,4.322777432258184
49.50716218091589,27.79873170569839,-20,121.79799999959828,-8.100999999599274,90,90,0,0.009465597502625961,-0.452501939561256,0.16934166041462062,4.8774003521648055,10.063108330892957,11.63537203817608,-4.1103699183945945,0.4119901527661953,0.16563881238567257,-0.16563881238567202,10.063108330892957,3.859604519971511
49.50716218091589,33.358478037926325,-20,121.79799999959828,-8.050999999599275,90,90,0,0.0037775321524294303,-0.3997781651246471,0.12476640339430384,3.1929613023685413,10.930169995029312,4.328235137050806,-4.917757128181736,0.37956377596986535,0.27246044208852693,-0.27246044208852643,10.930169995029312,4.099607555923199
49.50716218091589,38.91822437015426,-20,121.79799999959828,-8.000999999599275,90,90,0,-0.0011984740102630176,-0.33669873500431186,0.06677427028281957,1.71470261784104,9.310153068030107,0.019374046312919446,-2.724593047619646,0.3302223205282954,0.35357746863365835,-0.3535774686336581,9.310153068030107,3.370483758578385
49.50716218091589,44.4779707023822,-20,121.79799999959828,-7.950999999599275,90,90,0,-0.005309635459371437,-0.28155664279688536,0.026133057439078594,0.8323491389801729,7.001403779370435,-1.3990188536664838,-1.0078157274812283,0.2720222571122555,0.40098900072305377,-0.40098900072305366,7.001403779370435,2.3995725110251205
49.50716218091589,50.03771703461014,-20,121.79799999959828,-7.900999999599275,90,90,0,-0.008595965201360883,-0.23914512748316907,0.0029404336188435243,0.37163302709368967,5.05176507066174,-1.5484131780688943,-0.11362081060924403,0.2118342551095768,0.4213069223434099,-0.4213069223434099,5.05176507066174,1.5993991059212862
49.50716218091589,55.59746336683808,-20,121.79799999959828,-7.850999999599274,90,90,0,-0.011153858981019199,-0.207921856667035,-0.00851886522401421,0.1484062828842883,3.6518939990230543,-1.2869612603755205,0.24138112716085589,0.1554679009064444,0.4247154354859186,-0.4247154354859186,3.6518939990230543,1.0360421641233033
49.50716218091589,61.157209699066016,-20,121.79799999959828,-7.8009999995992745,90,90,0,-0.013081837544286962,-0.18495676245752474,-0.013161111985541957,0.04713496013669202,2.7125655964992537,-0.9626665658436981,0.3216669132663628,0.10671150402898216,0.4188190095248523,-0.4188190095248523,2.7125655964992537,0.6662072290748493
49.50716218091589,66.71695603129395,-20,121.79799999959828,-7.750999999599275,90,90,0,-0.014470464782708942,-0.16766564595968658,-0.014167384810000905,0.005117650679616337,2.0968953686592817,-0.6869457683728472,0.28629629695180264,0.06709931252909784,0.4078738281634541,-0.4078738281634541,2.0968953686592817,0.4308843193002586
49.50716218091589,72.27670236352188,-20,121.79799999959828,-7.700999999599275,90,90,0,-0.015403448757971006,-0.15417563841286863,-0.013378384797485487,-0.00949230977561843,1.6918602430167724,-0.47958226009941896,0.21479396330988437,0.03647319829623017,0.39395707977327776,-0.39395707977327776,1.6918602430167724,0.28278701743343126
49.50716218091589,77.83644869574981,-20,121.79799999959828,-7.650999999599275,90,90,0,-0.01595835317306782,-0.14323623730480933,-0.011799315074438821,-0.012259963767926978,1.4193534489863,-0.33151126418707405,0.14173074819710113,0.013745873139212062,0.3780894172237062,-0.3780894172237062,1.4193534489863,0.18965196237081378
49.50716218091589,83.39619502797774,-20,121.79799999959828,-7.600999999599275,90,90,0,-0.01620586431035534,-0.1340414694440861,-0.009957705237695957,-0.010550482424436826,1.2293955646907317,-0.2281539140590074,0.07961527333865316,-0.002504459982662932,0.36087022933876806,-0.36087022933876806,1.2293955646907317,0.13088799653752464
49.50716218091589,88.95594136020567,-20,121.79799999959828,-7.550999999599275,90,90,0,-0.016208772492162765,-0.12607756771487166,-0.008118897670544467,-0.007698613397887806,1.0911046509086486,-0.1566419877808082,0.03119786021548159,-0.01368387690279037,0.3427494978268235,-0.3427494978268235,1.0911046509086486,0.09369236253663593
49.50716218091589,94.5156876924336,-20,121.79799999959828,-7.500999999599275,90,90,0,-0.016021415226825736,-0.11901589267655799,-0.006407515122067886,-0.0050940047432294225,0.9856556956210412,-0.10725735490202726,-0.004589247616393267,-0.021021220496251963,0.3241160605294097,-0.3241160605294097,0.9856556956210412,0.07014621771900675
49.50716218091589,100.07543402466153,-20,121.79799999959828,-7.450999999599275,90,90,0,-0.015689734574721198,-0.11264342559875393,-0.004873992346743794,-0.0032106090796726536,0.9015895354052061,-0.07310389273155624,-0.029978050776014873,-0.025519616599534792,0.30531409095852263,-0.30531409095852263,0.9015895354052061,0.055321723203559825
49.50716218091589,105.63518035688946,-20,121.79799999959828,-7.400999999599275,90,90,0,-0.015251813035402823,-0.10681921445751907,-0.0035305660748391476,-0.002111001666184279,0.8318882746445676,-0.04941808281435142,-0.047276676314688626,-0.027964448572808456,0.2866396562013976,-0.2866396562013976,0.8318882746445676,0.0461156536564295
49.50716218091589,111.1949266891174,-20,121.79799999959828,-7.350999999599275,90,90,0,-0.014738689015430961,-0.10144746542145658,-0.00237061783271153,-0.0016907422838651105,0.7722054005204461,-0.032943821681144056,-0.058485267981108875,-0.028954022053886246,0.2683364462086592,-0.2683364462086592,0.7722054005204461,0.04054571399951923
55.00795798370609,-111.1949266,-20,121.84799999959827,-9.350999999599274,90,90,0,-0.026869343557679684,0.14094052524221523,-0.016246454956659107,0.01277923310239508,1.1422803315445789,-0.0034536261774594916,0.21507566678603118,-0.07322553125926998,-0.4401206970713143,0.4401206970713143,1.1422803315445789,0.8970328296891459
55.00795798370609,-105.63518026777207,-20,121.84799999959827,-9.300999999599275,90,90,0,-0.02846994172906045,0.14939358268228675,-0.01962709858885403,0.013216676619701787,1.236121927376805,-0.017847814249492167,0.22058033885934433,-0.07717868119230917,-0.47770336249239403,0.47770336249239403,1.236121927376805,0.972152133443116
55.00795798370609,-100.07543393554414,-20,121.84799999959827,-9.250999999599275,90,90,0,-0.030096175211918416,0.15859605108498376,-0.023612536164702713,0.01270306522663852,1.3436077743951265,-0.03940969862290737,0.22104014737765085,-0.0799739971902767,-0.5181901478235375,0.5181901478235375,1.3436077743951265,1.055633257581588
55.00795798370609,-94.51568760331621,-20,121.84799999959827,-9.200999999599274,90,90,0,-0.03172505138428544,0.16867687027887623,-0.02829861521531557,0.011042902834886396,1.4693708390463192,-0.07083912603324229,0.2141503442591204,-0.08093769132073572,-0.5617755489449177,0.5617755489449177,1.4693708390463192,1.1495238845634455
55.00795798370609,-88.95594127108828,-20,121.84799999959827,-9.150999999599275,90,90,0,-0.033326622879903914,0.17981016968629604,-0.033783992220956016,0.008202716927692456,1.6202837366404799,-0.11544829513753141,0.19695881159374562,-0.07918453992025103,-0.6086967161387048,0.6086967161387048,1.6202837366404799,1.2568102107948969
55.00795798370609,-83.39619493886035,-20,121.84799999959827,-9.100999999599274,90,90,0,-0.03486264642670539,0.19223450513861917,-0.04016012141466774,0.0045323410746997425,1.8064454056790817,-0.17687745378461886,0.1657811372100008,-0.0735966678986975,-0.6592371462558654,0.6592371462558654,1.8064454056790817,1.3818153085274982
55.00795798370609,-77.83644860663242,-20,121.84799999959827,-9.050999999599275,90,90,0,-0.03628482498590499,0.20627826042321296,-0.04749382300634408,0.001164460264687639,2.0423875699663623,-0.2582010754099788,0.11610117702758967,-0.06283590589241046,-0.7136924945685249,0.7136924945685249,2.0423875699663623,1.53064752255507
55.00795798370609,-72.27670227440449,-20,121.84799999959827,-9.000999999599275,90,90,0,-0.03753209615324214,0.22239010474707488,-0.0557994065933603,0.0007065857156843269,2.3482593606234,-0.3597855706803979,0.04235168716602739,-0.045425835161678564,-0.7722374157017655,0.7722374157017655,2.3482593606234,1.7115411599511257
55.00795798370609,-66.71695594217655,-20,121.84799999959827,-8.950999999599276,90,90,0,-0.03852580910354883,0.24116848146077718,-0.06499711630914157,0.00839176187065388,2.750254893411323,-0.47475787938734426,-0.06268773112710196,-0.019964305493714116,-0.8345763491409876,0.8345763491409876,2.750254893411323,1.9346783065055169
55.00795798370609,-61.157209609948616,-20,121.84799999959827,-8.900999999599275,90,90,0,-0.03916062914601258,0.26337269860256796,-0.07485379579886059,0.03389634948275968,3.278442002586716,-0.5801647247194206,-0.2092668319468805,0.014431722904954593,-0.8991874064473285,0.8991874064473285,3.278442002586716,2.210564207482015
55.00795798370609,-55.59746327772068,-20,121.84799999959827,-8.850999999599274,90,90,0,-0.03928788089654743,0.2898736222700853,-0.08489391476300395,0.09396135630078316,3.9577856190673617,-0.6208773276300311,-0.4125846710656368,0.057277307494143975,-0.9619324231943789,0.9619324231943789,3.9577856190673617,2.545046670821324
55.00795798370609,-50.03771694549274,-20,121.84799999959827,-8.800999999599275,90,90,0,-0.03868827077531209,0.3214529647322811,-0.09422971006896763,0.21534204881816635,4.783663115953771,-0.48301992897217044,-0.6907134565431371,0.10519841140298253,-1.0140094031412934,1.0140094031412934,4.783663115953771,2.927474649522802
55.00795798370609,-44.4779706132648,-20,121.84799999959827,-8.750999999599275,90,90,0,-0.03703710414268235,0.3582826763776831,-0.10111239213297851,0.4349315313148224,5.668708464858781,0.038579031551029805,-1.0370881676400978,0.14948891959241364,-1.0401574200649693,1.0401574200649693,5.668708464858781,3.307640806008482
55.00795798370609,-38.91822428103686,-20,121.84799999959827,-8.700999999599276,90,90,0,-0.033886523959341455,0.39892103181201444,-0.10160146685288396,0.7851039178459629,6.37046505501908,1.2208595219902434,-1.303812623193315,0.17329717295792113,-1.0202813786313407,1.0202813786313407,6.37046505501908,3.568467400638973
55.00795798370609,-33.358477948808925,-20,121.84799999959827,-8.650999999599275,90,90,0,-0.028731483663301777,0.43945548433864534,-0.08627783856858456,1.235913177919676,6.57589376100707,3.073410581647859,-0.9417446497897937,0.15202856495974656,-0.9399001406246035,0.9399001406246037,6.57589376100707,3.5702576450274317
55.00795798370609,-27.798731616580987,-20,121.84799999959827,-8.600999999599274,90,90,0,-0.0212496551058525,0.47650003593462303,-0.03664319317026793,1.5938020738703884,6.6002027096108815,4.283942179651037,0.8442018474463349,0.06505703989508317,-0.8091751952616191,0.8091751952616192,6.6002027096108815,3.4492562791059718
55.00795798370609,-22.23898528435305,-20,121.84799999959827,-8.550999999599275,90,90,0,-0.011684417574456804,0.5169127643576785,0.06478939115639454,1.5746842421449747,7.710364390670079,2.3527383700222932,3.107601941468097,-0.07882726192306576,-0.6694489147085027,0.6694489147085025,7.710364390670079,3.7535946709765344
55.00795798370609,-16.67923895212511,-20,121.84799999959827,-8.500999999599275,90,90,0,-0.0010547478098727747,0.5745094280060843,0.20582302250819495,1.2260812881736125,9.430556787509781,-1.8771387335318017,3.0626458297382646,-0.22658643593844255,-0.5616082189928349,0.5616082189928348,9.430556787509781,4.333830933996747
55.00795798370609,-11.119492619897173,-20,121.84799999959827,-8.450999999599276,90,90,0,0.009130259865707147,0.6475759648021852,0.35158203695048823,0.9096520478704734,9.9471638147363,-4.786401268596298,0.9462260940257067,-0.3076502224043069,-0.4856376644835538,0.4856376644835538,9.9471638147363,4.464503190378074
55.00795798370609,-5.559746287669236,-20,121.84799999959827,-8.400999999599275,90,90,0,0.017432145943116262,0.7237322180210498,0.4827778498531514,0.8027551519728441,9.518455713754964,-5.619034158353471,-1.1980420229391382,-0.28050610430553996,-0.40908401643354514,0.40908401643354525,9.518455713754964,4.216466301935531
55.00795798370609,0.00000004455870161734765,-20,121.84799999959827,-8.350999999599274,90,90,0,0.022819822560483316,0.7971685248660068,0.599633395920596,0.8769866096038119,9.235092327061833,-5.424329575335395,-2.5901107873991287,-0.1525860268601986,-0.3086868040652783,0.30868680406527854,9.235092327061833,4.0027237348900115
55.00795798370609,5.559746376786639,-20,121.84799999959827,-8.300999999599275,90,90,0,0.02470176113298915,0.8702624196196946,0.7096720992200972,1.1075982382744816,9.823216144991916,-4.959571473218517,-3.1335331423768573,0.030106197108129017,-0.1890586894617096,0.18905868946170984,9.823216144991916,4.118345147458476
55.00795798370609,11.119492709014576,-20,121.84799999959827,-8.250999999599275,90,90,0,0.022934895602911745,-0.6489051040277515,-0.1747890521444746,1.6174911791165134,11.722841492409534,-4.144832251594256,-2.278686425597251,0.20462988793598522,-0.06409410344986818,0.06409410344986842,11.722841492409534,4.753230700413682
55.00795798370609,16.679239041242514,-20,121.84799999959827,-8.200999999599274,90,90,0,0.017998019916977775,-0.5585322745785729,-0.03820951856071109,2.780413515805187,13.708965318252474,-0.35495857044335066,1.1172088959896425,0.31853371802134905,0.07303937152213685,-0.07303937152213676,13.708965318252474,5.410546755778853
55.00795798370609,22.238985373470452,-20,121.84799999959827,-8.150999999599275,90,90,0,0.011151968359909309,-0.4837529881441673,0.10945779573038866,4.448335334200882,11.221400016669039,10.007786918653325,2.1234996500384176,0.35874769946353735,0.2459290425536087,-0.24592904255360856,11.221400016669039,4.2426309641140065
55.00795798370609,27.79873170569839,-20,121.84799999959827,-8.100999999599274,90,90,0,0.004097361381572406,-0.44271310327999136,0.16526148644894129,4.410232235497587,10.214172282273315,11.602257759018277,-4.19967339323591,0.35381004988218506,0.44281163342736013,-0.4428116334273596,10.214172282273315,3.6428572794819662
55.00795798370609,33.358478037926325,-20,121.84799999959827,-8.050999999599275,90,90,0,-0.0018940441322242152,-0.3885915271047232,0.12212723279535709,2.786822970843635,10.960087451918316,4.378640829768934,-4.974378089271987,0.334414764622077,0.602095901232025,-0.6020959012320245,10.960087451918316,3.7819390795353023
55.00795798370609,38.91822437015426,-20,121.84799999959827,-8.000999999599275,90,90,0,-0.006470397711583392,-0.32514086394871594,0.06547476936814284,1.4159635429993473,9.244090689990552,0.11173391375120252,-2.766180375351072,0.30614363621897744,0.6790229079278173,-0.6790229079278169,9.244090689990552,3.0186133680684035
55.00795798370609,44.4779707023822,-20,121.84799999959827,-7.950999999599275,90,90,0,-0.00987412654770678,-0.27037113863708323,0.025876414263039882,0.6374590606634715,6.881240102228962,-1.2984431288654228,-1.0451847270393948,0.2648349002919439,0.6830149365605794,-0.6830149365605793,6.881240102228962,2.0694811043310057
55.00795798370609,50.03771703461014,-20,121.84799999959827,-7.900999999599275,90,90,0,-0.012439636239524265,-0.22872129344416908,0.003367460197154226,0.2544235015954569,4.912786280452692,-1.4590348947960163,-0.14857564422196048,0.21314343866151683,0.647968110438307,-0.647968110438307,4.912786280452692,1.3171464017427699
55.00795798370609,55.59746336683808,-20,121.84799999959827,-7.850999999599274,90,90,0,-0.014388053581668586,-0.1983878987728958,-0.007716162358853806,0.0822309225247074,3.5143479182874753,-1.2158327944656921,0.2108791606500783,0.15899786360484153,0.6008207697438038,-0.6008207697438038,3.5143479182874753,0.8049183975711863
55.00795798370609,61.157209699066016,-20,121.84799999959827,-7.8009999995992745,90,90,0,-0.015838074241076777,-0.1763018638919318,-0.012198720462390289,0.01244981006746304,2.584914642671763,-0.9096384597342143,0.29745767831953696,0.10943670394376184,0.554659066148257,-0.554659066148257,2.584914642671763,0.47930679092044814
55.00795798370609,66.71695603129395,-20,121.84799999959827,-7.750999999599275,90,90,0,-0.016860640882372352,-0.15982357916113177,-0.013176913675527702,-0.01063128051888407,1.9812807670306907,-0.648941904270123,0.26884450370771884,0.06815006259034286,0.5134572221318754,-0.5134572221318754,1.9812807670306907,0.27905508468040097
55.00795798370609,72.27670236352188,-20,121.84799999959827,-7.700999999599275,90,90,0,-0.017512693570797155,-0.14706701847112286,-0.012430618451574338,-0.013938755622729879,1.5878254956183102,-0.4529911762875675,0.2034817751030685,0.03596911897926015,0.4772388571255115,-0.4772388571255115,1.5878254956183102,0.15789134112181258
55.00795798370609,77.83644869574981,-20,121.84799999959827,-7.650999999599275,90,90,0,-0.017848944277418094,-0.13678537053628703,-0.010926619509118052,-0.009973112284811167,1.3256813954432742,-0.313177966739128,0.13543467453751626,0.012108721497212207,0.4449252939401219,-0.4449252939401219,1.3256813954432742,0.08534726423718775
55.00795798370609,83.39619502797774,-20,121.84799999959827,-7.600999999599275,90,90,0,-0.01792301496864543,-0.1281811529868748,-0.00917030451186468,-0.004278463299965188,1.1448294594695156,-0.21563417764599863,0.07712579680591612,-0.004851747686597319,0.4154578131002065,-0.4154578131002065,1.1448294594695156,0.04247397068759978
55.00795798370609,88.95594136020567,-20,121.84799999959827,-7.550999999599275,90,90,0,-0.01778550087652525,-0.12074921847410361,-0.007415287792371661,0.0008805818598314752,1.0145590035526992,-0.1481529667268615,0.03143431261787178,-0.016412015665679108,0.38808835840426764,-0.38808835840426764,1.0145590035526992,0.017735243016812063
55.00795798370609,94.5156876924336,-20,121.84799999959827,-7.500999999599275,90,90,0,-0.01748209219283023,-0.11416831035198213,-0.005780639271008359,0.00474815674198794,0.9162356640628598,-0.10153988077200016,-0.002503270258551552,-0.02390257465120385,0.3623658514388966,-0.3623658514388966,0.9162356640628598,0.0041284141862473756
55.00795798370609,100.07543402466153,-20,121.84799999959827,-7.450999999599275,90,90,0,-0.01705255787148921,-0.1082314344237798,-0.004314699508574771,0.007232517472758604,0.8385558166880046,-0.06928384788880798,-0.026712408494563564,-0.028408350221818687,0.33804800232318893,-0.33804800232318893,0.8385558166880046,-0.002625675647987047
55.00795798370609,105.63518035688946,-20,121.84799999959827,-7.400999999599275,90,90,0,-0.01653052564606422,-0.10280254754802931,-0.003029439786548793,0.008507082099144993,0.7746169783488532,-0.046893903019683894,-0.043322820452724814,-0.03077293686179204,0.3150182224126019,-0.3150182224126019,0.7746169783488532,-0.005171431073060617
55.00795798370609,111.1949266891174,-20,121.84799999959827,-7.350999999599275,90,90,0,-0.015943787081175775,-0.09778993156302584,-0.0019188684622309382,0.008825848064333392,0.7201566132722591,-0.03130306196522149,-0.05419231335717205,-0.031633349747262826,0.29322628815213864,-0.29322628815213864,0.7201566132722591,-0.005163642843235006
60.50875378649629,-111.1949266,-20,121.89799999959827,-9.350999999599274,90,90,0,-0.028598077307505784,0.13413078506404252,-0.014963124470985856,0.0344285539417008,1.0608608041357634,-0.0023845793702203977,0.20342598246361435,-0.07737672607866006,-0.4700352441530934,0.4700352441530934,1.0608608041357634,0.8943795658073987
60.50875378649629,-105.63518026777207,-20,121.89799999959827,-9.300999999599275,90,90,0,-0.030319237872178023,0.1419008822848134,-0.01813041904738888,0.03670957193440769,1.1451728778810413,-0.015721408224980544,0.2084393882194079,-0.08138873108726613,-0.5117343516296644,0.5117343516296644,1.1451728778810413,0.9698035027820809
60.50875378649629,-100.07543393554414,-20,121.89799999959827,-9.250999999599275,90,90,0,-0.03208290578738551,0.15033986297552115,-0.021859020382714756,0.038111134451133295,1.2417288709898668,-0.03570564679194001,0.20872855019675712,-0.08405433623250355,-0.5573576968683076,0.5573576968683076,1.2417288709898668,1.0540492452642543
60.50875378649629,-94.51568760331621,-20,121.89799999959827,-9.200999999599274,90,90,0,-0.03387094307402366,0.15956429792355886,-0.026236826320887363,0.038371960731121806,1.3548276144894622,-0.06483625501365653,0.20215122335663088,-0.08457562987597918,-0.6074617560015245,0.6074617560015245,1.3548276144894622,1.1493928017973094
60.50875378649629,-88.95594127108828,-20,121.89799999959827,-9.150999999599275,90,90,0,-0.03566013626998568,0.16973300915780248,-0.031354179882215116,0.037328138569183995,1.4908926361852926,-0.10617810473953282,0.18595794764343543,-0.08187669081770846,-0.6628019664393013,0.6628019664393013,1.4908926361852926,1.2591590209134185
60.50875378649629,-83.39619493886035,-20,121.89799999959827,-9.100999999599274,90,90,0,-0.037421680094946744,0.18106552330469144,-0.03729476183679825,0.035080743878491555,1.659435320941708,-0.16309853804992758,0.15670001000092362,-0.07454972802580363,-0.724410553445229,0.724410553445229,1.659435320941708,1.3881846818219121
60.50875378649629,-77.83644860663242,-20,121.89799999959827,-9.050999999599275,90,90,0,-0.0391205826645207,0.1938668102952394,-0.04411983488536009,0.03229948910363229,1.874266774561272,-0.23843737368040804,0.11010646059916122,-0.06082017220643327,-0.7936668739679973,0.7936668739679973,1.874266774561272,1.5433735837925062
60.50875378649629,-72.27670227440449,-20,121.89799999959827,-9.000999999599275,90,90,0,-0.04071446677594616,0.20855777423834548,-0.051843244694696033,0.030746621091280388,2.1547724022991006,-0.33251064506968936,0.04081168731421753,-0.0385612425919519,-0.8722977274470937,0.8722977274470937,2.1547724022991006,1.734206688366734
60.50875378649629,-66.71695594217655,-20,121.89799999959827,-8.950999999599276,90,90,0,-0.04215034411017503,0.22570676494017067,-0.06039456612967298,0.0341435676911038,2.5266270242641053,-0.4388653828750197,-0.05835466868339982,-0.005413972432165789,-0.962159287561046,0.962159287561046,2.5266270242641053,1.972810097266688
60.50875378649629,-61.157209609948616,-20,121.89799999959827,-8.900999999599275,90,90,0,-0.04335612145984781,0.24604723573213078,-0.06956726671311209,0.04954337997692328,3.020307365614885,-0.5359294356544766,-0.19796793508834143,0.04087618652348239,-1.0644943465175567,1.0644943465175567,3.020307365614885,2.2726172927635107
60.50875378649629,-55.59746327772068,-20,121.89799999959827,-8.850999999599274,90,90,0,-0.04422044379480472,0.27044387909971856,-0.07894180188975597,0.08937000076385858,3.6634616870383114,-0.571620887936095,-0.3944266700898694,0.10165365080978159,-1.1781229440847163,1.1781229440847163,3.6634616870383114,2.643507618900041
60.50875378649629,-50.03771694549274,-20,121.89799999959827,-8.800999999599275,90,90,0,-0.04455047671353418,0.29972165405792933,-0.08773586708588754,0.17399923014553204,4.458523557030992,-0.4374649748846634,-0.6690072263091089,0.17546259630321714,-1.2958599168782037,1.2958599168782037,4.458523557030992,3.0792693396906
60.50875378649629,-44.4779706132648,-20,121.89799999959827,-8.750999999599275,90,90,0,-0.04399720283190696,0.33419005895075066,-0.09438909859118583,0.3330672010488217,5.33140183577436,0.06417633149739323,-1.0225897258248449,0.2537330469900238,-1.399103023738841,1.399103023738841,5.33140183577436,3.5316637580485857
60.50875378649629,-38.91822428103686,-20,121.89799999959827,-8.700999999599276,90,90,0,-0.04195998295589974,0.3726776281496708,-0.09527827220706586,0.5967247634591627,6.0567788806555765,1.2036959626303063,-1.321550087164822,0.31234710634575763,-1.454195958173248,1.454195958173248,6.0567788806555765,3.876907510435479
60.50875378649629,-33.358477948808925,-20,121.89799999959827,-8.650999999599275,90,90,0,-0.0375662784183063,0.4116377959949093,-0.08144425843548575,0.9510730222781022,6.330058782178554,2.992363715069595,-1.0346097695412082,0.3020745530380568,-1.4231866480741864,1.4231866480741864,6.330058782178554,3.955210160945608
60.50875378649629,-27.798731616580987,-20,121.89799999959827,-8.600999999599274,90,90,0,-0.029967157888448323,0.4479658862963317,-0.034827213026623005,1.245734395227999,6.45139849556412,4.130758224557426,0.632318704614599,0.15921357394511332,-1.3036886612556582,1.3036886612556582,6.45139849556412,3.8842480594813065
60.50875378649629,-22.23898528435305,-20,121.89799999959827,-8.550999999599275,90,90,0,-0.0191035948155667,0.488559789815601,0.06210991855013881,1.237821885122805,7.6698707926220635,2.1222792480115364,2.7722245100363887,-0.13193970248169437,-1.1639729966476624,1.1639729966476622,7.6698707926220635,4.231921313696488
60.50875378649629,-16.67923895212511,-20,121.89799999959827,-8.500999999599275,90,90,0,-0.006347371804823573,0.5472834681748611,0.198096072967339,0.9594829471682064,9.534680787491773,-2.222142042700555,2.64871278689462,-0.4719917063683486,-1.0806319025198876,1.0806319025198874,9.534680787491773,4.894504217516597
60.50875378649629,-11.119492619897173,-20,121.89799999959827,-8.450999999599276,90,90,0,0.005985058240420504,0.6228687500214172,0.3396583161616599,0.7133169920765392,10.267526256871225,-5.315756378234712,0.49919866600118534,-0.6986921693342445,-1.028120056370888,1.028120056370888,10.267526256871225,5.135130559119378
60.50875378649629,-5.559746287669236,-20,121.89799999959827,-8.400999999599275,90,90,0,0.015811320528300837,0.7035226519263019,0.4685092124225222,0.6393543775535506,10.095167236130518,-6.375966813738634,-1.6625819554782024,-0.711561772081518,-0.9046940844614978,0.9046940844614979,10.095167236130518,4.9427609789137055
60.50875378649629,0.00000004455870161734765,-20,121.89799999959827,-8.350999999599274,90,90,0,0.02182660918927347,0.7834913811056746,0.585036650348109,0.7063301126244946,10.01526777490131,-6.3694976829578245,-3.0643155074103916,-0.5182318909503073,-0.652013398759876,0.6520133987598762,10.01526777490131,4.6581205087204
60.50875378649629,5.559746376786639,-20,121.89799999959827,-8.300999999599275,90,90,0,0.023326889616976154,0.8643711770436708,0.6961997980413785,0.8906751019880105,10.664317864032899,-5.967054102334637,-3.5943585571895147,-0.21130459864866777,-0.3104500258949366,0.31045002589493687,10.664317864032899,4.576177171508097
60.50875378649629,11.119492709014576,-20,121.89799999959827,-8.250999999599275,90,90,0,0.020065498096388065,-0.6470601776813139,-0.18661579871721534,1.2992690353566458,12.460368880846495,-5.05389603566356,-2.6936972114703903,0.07020730896337105,0.02674461699756944,-0.026744616997569193,12.460368880846495,4.957402935341029
60.50875378649629,16.679239041242514,-20,121.89799999959827,-8.200999999599274,90,90,0,0.012633462472039142,-0.5500958008701579,-0.048620707797610185,2.290146110774291,14.24576017584882,-1.0461613163256884,0.7796662742731166,0.20459845511441946,0.32288400423455715,-0.32288400423455704,14.24576017584882,5.375420066104971
60.50875378649629,22.238985373470452,-20,121.89799999959827,-8.150999999599275,90,90,0,0.0031357462723891893,-0.47029356000105166,0.10022864253792763,3.778586972989457,11.539739038856514,9.57268464074188,1.901691280399928,0.18563485103931102,0.6412171191622811,-0.641217119162281,11.539739038856514,3.9746784963803243
60.50875378649629,27.79873170569839,-20,121.89799999959827,-8.100999999599274,90,90,0,-0.005309568819444638,-0.4259996424967739,0.1576184097620315,3.705517107316421,10.301675025211392,11.402292689192404,-4.28789239705241,0.14169460942078932,0.9796122661866582,-0.9796122661866578,10.301675025211392,3.141057743897899
60.50875378649629,33.358478037926325,-20,121.89799999959827,-8.050999999599275,90,90,0,-0.010858348204429602,-0.3706870821430573,0.11671457971340549,2.22842591025169,10.82851554604568,4.3579323013755245,-4.9765777904899045,0.16111461844110822,1.1886392044369067,-1.1886392044369063,10.82851554604568,3.142767013981366
60.50875378649629,38.91822437015426,-20,121.89799999959827,-8.000999999599275,90,90,0,-0.013907630562402101,-0.3078651599203511,0.062395451277001635,1.060762490570587,8.977825826526097,0.1927379237769578,-2.750571710611337,0.2043092084768335,1.1987864406202244,-1.1987864406202242,8.977825826526097,2.3923438899902143
60.50875378649629,44.4779707023822,-20,121.89799999959827,-7.950999999599275,90,90,0,-0.015644556047576724,-0.254732038663115,0.024650765157229027,0.4424137097539066,6.578437781778166,-1.1841675868974204,-1.0442423039087303,0.2181340087015612,1.08528443231029,-1.08528443231029,6.578437781778166,1.5460906804009764
60.50875378649629,50.03771703461014,-20,121.89799999959827,-7.900999999599275,90,90,0,-0.016852707119554083,-0.2149806812480029,0.003342447987753072,0.1585308745959712,4.631560465736323,-1.3512914003389793,-0.16292064975984236,0.19576408640262935,0.939602233740956,-0.939602233740956,4.631560465736323,0.9130219525535732
60.50875378649629,55.59746336683808,-20,121.89799999959827,-7.850999999599274,90,90,0,-0.0178179365460365,-0.18641341111151616,-0.007083020677990853,0.04113617413786755,3.274072732824844,-1.1294800571286137,0.19030368694129407,0.15369587222320208,0.8084076667174084,-0.8084076667174084,3.274072732824844,0.5012214264125293
60.50875378649629,61.157209699066016,-20,121.89799999959827,-7.8009999995992745,90,90,0,-0.01858370704053064,-0.1658366433442745,-0.011268162601899084,0.0000824900348236901,2.385105931698584,-0.8459237111355042,0.27792795263243364,0.10785658427247657,0.7036875645600696,-0.7036875645600696,2.385105931698584,0.25035480811936395
60.50875378649629,66.71695603129395,-20,121.89799999959827,-7.750999999599275,90,90,0,-0.019130646251100808,-0.15061367830421385,-0.012158688156294839,-0.008341399636708595,1.8150360744701008,-0.6039926217538975,0.25379045420088037,0.06706299374227381,0.6227768866161072,-0.6227768866161072,1.8150360744701008,0.10323754317193323
60.50875378649629,72.27670236352188,-20,121.89799999959827,-7.700999999599275,90,90,0,-0.019446217659235515,-0.13890135071330484,-0.011434277314432473,-0.004358563014488018,1.4478119350942429,-0.42205206974658815,0.1936425661857869,0.03444718639371031,0.5595616546033455,-0.5595616546033455,1.4478119350942429,0.019563119434351628
60.50875378649629,77.83644869574981,-20,121.89799999959827,-7.650999999599275,90,90,0,-0.019538310483953686,-0.1294985272076122,-0.010002448697098154,0.003057430397656151,1.2059575112234684,-0.2921687182086946,0.13023771347469673,0.010075559599864937,0.5085861675214021,-0.5085861675214021,1.2059575112234684,-0.026203163032014698
60.50875378649629,83.39619502797774,-20,121.89799999959827,-7.600999999599275,90,90,0,-0.019430277413151953,-0.1216449982755024,-0.008336082327694005,0.010187573958613458,1.041006130009084,-0.2014776030973713,0.07556286558641674,-0.0072344691977102174,0.4659316550255206,-0.4659316550255206,1.041006130009084,-0.04952920302188696
60.50875378649629,88.95594136020567,-20,121.89799999959827,-7.550999999599275,90,90,0,-0.019153188607143434,-0.11486336985507417,-0.00667213781828796,0.015715315166277936,0.9234843763589136,-0.13866329487248277,0.03249070804010114,-0.01896488128935616,0.4290284730228676,-0.4290284730228676,0.9234843763589136,-0.05963472247930218
60.50875378649629,94.5156876924336,-20,121.89799999959827,-7.500999999599275,90,90,0,-0.01873993751400055,-0.10885244263430821,-0.0051218990128567565,0.019383862932716052,0.8356384890171168,-0.09520975386890783,0.0003159494365099518,-0.026489256424261483,0.3962619369001099,-0.3962619369001099,0.8356384890171168,-0.06200654129326316
60.50875378649629,100.07543402466153,-20,121.89799999959827,-7.450999999599275,90,90,0,-0.01822171496868319,-0.10341972355423998,-0.003730673619535052,0.021368811245643347,0.7667649735426094,-0.06508831974092699,-0.022792956131608925,-0.030940365601206877,0.366634057128704,-0.366634057128704,0.7667649735426094,-0.059928067711660205
60.50875378649629,105.63518035688946,-20,121.89799999959827,-7.400999999599275,90,90,0,-0.017626267622457864,-0.09843983474572962,-0.0025098347629077256,0.021989534316521377,0.7103661387012958,-0.04414001113583854,-0.03878911390595154,-0.03319898644659813,0.3395265062620969,-0.3395265062620969,0.7103661387012958,-0.05538005078157854
60.50875378649629,111.1949266891174,-20,121.89799999959827,-7.350999999599275,90,90,0,-0.01697727764490825,-0.09382910978301945,-0.001453958542244893,0.02158130640202576,0.6624549475009972,-0.029522799748817236,-0.04938722204468684,-0.03392733862841325,0.3145481973647602,-0.3145481973647602,0.6624549475009972,-0.049566218364361314
66.0095495892865,-111.1949266,-20,121.94799999959828,-9.350999999599274,90,90,0,-0.03002611144455719,0.12693529417121008,-0.01361753100841162,0.05848204083377169,0.9735616309734185,-0.001147980065684488,0.1912777758873872,-0.08071443727280245,-0.49372398412998564,0.49372398412998564,0.9735616309734186,0.883148636519353
66.0095495892865,-105.63518026777207,-20,121.94799999959828,-9.300999999599275,90,90,0,-0.03183702429954495,0.13396840698665258,-0.01655304121208273,0.06331650424310488,1.0470074355678338,-0.013298967359900323,0.19584820712844286,-0.08474207850873824,-0.5386815934609944,0.5386815934609944,1.0470074355678338,0.957484567688128
66.0095495892865,-100.07543393554414,-20,121.94799999959828,-9.250999999599275,90,90,0,-0.033704112541323675,0.14157664678187626,-0.020000793049862464,0.06759087478557031,1.1308354919983226,-0.031504216398795894,0.19608779417972258,-0.08725828585229005,-0.5884442172302544,0.5884442172302544,1.1308354919983226,1.0407784140295835
66.0095495892865,-94.51568760331621,-20,121.94799999959828,-9.200999999599274,90,90,0,-0.03561384675036659,0.14985952147160853,-0.024038855846320817,0.07107353830178055,1.22880537019398,-0.058025524662575406,0.1900660559339097,-0.0873545305528486,-0.6439099501669038,0.6439099501669038,1.22880537019398,1.1354320982444959
66.0095495892865,-88.95594127108828,-20,121.94799999959828,-9.150999999599275,90,90,0,-0.03754961068460787,0.15895376587931115,-0.028746721101232553,0.07360745369875736,1.3465775332649617,-0.09563096048716503,0.1753157071414945,-0.08378018783214074,-0.7063391405368028,0.7063391405368028,1.3465775332649617,1.2449701538427875
66.0095495892865,-83.39619493886035,-20,121.94799999959828,-9.100999999599274,90,90,0,-0.03949218687590081,0.16904993340976399,-0.034196879557869875,0.07524458058401358,1.4925897990802282,-0.1473543675995127,0.14875281347292488,-0.07485197847203802,-0.7775229279973548,0.7775229279973548,1.4925897990802282,1.3745588476294461
66.0095495892865,-77.83644860663242,-20,121.94799999959828,-9.050999999599275,90,90,0,-0.04142070997446347,0.18041481209603272,-0.04044045414697339,0.07648306041114906,1.6791772968099012,-0.2157439834977784,0.10656399215507856,-0.0583596587656913,-0.859996464818909,0.859996464818909,1.6791772968099012,1.5316673835428696
66.0095495892865,-72.27670227440449,-20,121.94799999959828,-9.000999999599275,90,90,0,-0.04331380084988061,0.1934194577352591,-0.04748469342186079,0.07866056236578792,1.9237966252236625,-0.3010595473007928,0.04394189667760342,-0.03148129955943971,-0.957257679668706,0.957257679668706,1.9237966252236627,1.726776329758171
66.0095495892865,-66.71695594217655,-20,121.94799999959828,-8.950999999599276,90,90,0,-0.04514963712702991,0.2085692065605413,-0.055260294262918896,0.08456865630100814,2.249855078656348,-0.3974364596408508,-0.04562235952972539,0.009268180942925069,-1.0738606941433309,1.0738606941433309,2.249855078656348,1.9738027256058701
66.0095495892865,-61.157209609948616,-20,121.94799999959828,-8.900999999599275,90,90,0,-0.046901422412387775,0.22652358736426081,-0.06357644261324263,0.09934992936837236,2.6857832933270496,-0.48531287278073854,-0.17197812071769275,0.06799826220962805,-1.2150453010137303,1.2150453010137303,2.6857832933270496,2.2893586183445502
66.0095495892865,-55.59746327772068,-20,121.94799999959828,-8.850999999599274,90,90,0,-0.0485197935671834,0.24807462880979914,-0.07205594553217082,0.13169297762685211,3.2589755625659174,-0.5173483881350127,-0.3510081209321856,0.1491109882769961,-1.3851382262820033,1.3851382262820033,3.2589755625659174,2.6887284513083705
66.0095495892865,-50.03771694549274,-20,121.94799999959828,-8.800999999599275,90,90,0,-0.04988443343413196,0.27400961348520203,-0.08000976138573967,0.19514279273065593,3.976864525236385,-0.394314381022409,-0.6049338176129613,0.2558896125180271,-1.5832323108414816,1.5832323108414816,3.976864525236385,3.173978120936036
66.0095495892865,-44.4779706132648,-20,121.94799999959828,-8.750999999599275,90,90,0,-0.05069422715277158,0.30470624212740127,-0.08607705543595234,0.30847023043116834,4.78129757552765,0.06672670432533845,-0.9412840645632731,0.38532597017933223,-1.7940561671197888,1.7940561671197888,4.78129757552765,3.7065751973308485
66.0095495892865,-38.91822428103686,-20,121.94799999959828,-8.700999999599276,90,90,0,-0.05026705684019407,0.3392717086218369,-0.08706116907696809,0.4902475775899992,5.477234579210473,1.121172848097683,-1.2487112988839566,0.5123186583695852,-1.974800791514616,1.974800791514616,5.477234579210473,4.165694623198805
66.0095495892865,-33.358477948808925,-20,121.94799999959828,-8.650999999599275,90,90,0,-0.04732105424552721,0.3746838740261771,-0.07483446534885874,0.7314298734153346,5.788377116275368,2.78712294221587,-1.0421160655071418,0.556057351947748,-2.055971125717364,2.055971125717364,5.788377116275368,4.371321972227511
66.0095495892865,-27.798731616580987,-20,121.94799999959828,-8.600999999599274,90,90,0,-0.04017022282843129,0.40832360756066594,-0.03250404081971725,0.9320347350118565,5.996595031247333,3.822451965984862,0.4380844208574404,0.36094861182781085,-2.00678404724929,2.00678404724929,5.996595031247333,4.405422059748223
66.0095495892865,-22.23898528435305,-20,121.94799999959828,-8.550999999599275,90,90,0,-0.028044215456836427,0.44707504345370414,0.05697646718865179,0.9220188223444272,7.310114990736737,1.7788009226393318,2.354601969568792,-0.1837985245971552,-1.946573219787192,1.9465732197871919,7.310114990736737,4.870619216081886
66.0095495892865,-16.67923895212511,-20,121.94799999959828,-8.500999999599275,90,90,0,-0.012735733203029467,0.5048474083679215,0.1839571459105112,0.7227655285211058,9.363054208184316,-2.646489120088784,2.092065303421266,-0.9146363202033643,-2.0397107070877016,2.0397107070877016,9.363054208184316,5.784932390361428
66.0095495892865,-11.119492619897173,-20,121.94799999959828,-8.450999999599276,90,90,0,0.002147794415506124,0.5817796082894656,0.31807049865018,0.5498625959463109,10.527283992662023,-6.061566567108674,-0.14182761269208327,-1.4687364903765197,-2.191469867978733,2.191469867978733,10.527283992662023,6.402383465043542
66.0095495892865,-5.559746287669236,-20,121.94799999959828,-8.400999999599275,90,90,0,0.013630469897293884,0.6683624241543762,0.4434329386639823,0.5005470339770739,11.006158433739497,-7.704126718149409,-2.439083129002985,-1.589628798093153,-2.082970231985145,2.082970231985145,11.006158433739497,6.485433605480944
66.0095495892865,0.00000004455870161734765,-20,121.94799999959828,-8.350999999599274,90,90,0,0.02018132091025357,0.7600008493676724,0.5610660650865671,0.5530020743807037,11.549353187727531,-8.315915556553287,-4.010218424606259,-1.2214536114289862,-1.476230640455286,1.4762306404552863,11.549353187727531,6.095971915546299
66.0095495892865,5.559746376786639,-20,121.94799999959828,-8.300999999599275,90,90,0,0.021015168827861863,0.8566324330649229,0.6765380587122741,0.6898664953658822,12.424498336229902,-8.203346800897844,-4.608172447835735,-0.5303523821403123,-0.4688320182355482,0.46883201823554854,12.424498336229902,5.43863135272751
66.0095495892865,11.119492709014576,-20,121.94799999959828,-8.250999999599275,90,90,0,0.015579831032617633,-0.6392797231942866,-0.2018248385189894,0.9825773866020171,13.870396389983023,-7.060147075367473,-3.6007598773316163,0.08407095148184994,0.49145647750310645,-0.49145647750310617,13.870396389983023,5.056702078490104
66.0095495892865,16.679239041242514,-20,121.94799999959828,-8.200999999599274,90,90,0,0.004212180262213205,-0.5308918986954039,-0.06199981754327366,1.7114771719448467,15.008660222945087,-2.524437157266646,0.0824337407439548,0.21426892115316226,1.0764056007461014,-1.0764056007461014,15.008660222945087,4.927058488431934
66.0095495892865,22.238985373470452,-20,121.94799999959828,-8.150999999599275,90,90,0,-0.009688095925624002,-0.4442229712176289,0.0863603280984872,2.863525203968549,11.769148622065888,8.577471515576622,1.512372161066337,-0.12561671245063946,1.5179697015815805,-1.5179697015815803,11.769148622065888,3.189689747244775
66.0095495892865,27.79873170569839,-20,121.94799999959828,-8.100999999599274,90,90,0,-0.01976452238889384,-0.3966921241905542,0.14439217779243918,2.7586251129210226,10.094682863305538,10.819233788979716,-4.298365258891646,-0.3656936553814408,2.003622633301074,-2.0036226333010734,10.094682863305538,2.0342505120211416
66.0095495892865,33.358478037926325,-20,121.94799999959828,-8.050999999599275,90,90,0,-0.023310195730030014,-0.3419379253756659,0.1067956087328808,1.5937147308748452,10.269413821173812,4.148875136321354,-4.795665891257326,-0.23355622055271308,2.168239037894869,-2.1682390378948684,10.269413821173812,1.9395264905746563
66.0095495892865,38.91822437015426,-20,121.94799999959828,-8.000999999599275,90,90,0,-0.023068854845623793,-0.2824457269401295,0.05656357708400983,0.7444903883799202,8.3036570593689,0.21884598467153574,-2.58965525855312,-0.00612860883152875,1.9462212801800773,-1.9462212801800771,8.3036570593689,1.3752415435674832
66.0095495892865,44.4779707023822,-20,121.94799999959828,-7.950999999599275,90,90,0,-0.022006878663035412,-0.23344844789859226,0.02201249974454128,0.31580932725721805,5.970139400347639,-1.068544146222638,-0.9618889110112833,0.12666305021783927,1.5901858584519393,-1.5901858584519393,5.970139400347639,0.7978699016871165
66.0095495892865,50.03771703461014,-20,121.94799999959828,-7.900999999599275,90,90,0,-0.02128957665266204,-0.1974315530729236,0.002679316489177297,0.12321180075091233,4.146275754974942,-1.2281928991119948,-0.13841748529210826,0.16059442732282586,1.2672713068301729,-1.2672713068301729,4.146275754974942,0.3912389951598041
66.0095495892865,55.59746336683808,-20,121.94799999959828,-7.850999999599274,90,90,0,-0.021023902344066314,-0.17185049012164572,-0.006698812878900784,0.04534091500654286,2.9029887528385134,-1.0287999624968218,0.18702379146310605,0.1410577436251841,1.022269611801522,-1.022269611801522,2.9029887528385134,0.1389258893338834
66.0095495892865,61.157209699066016,-20,121.94799999959828,-7.8009999995992745,90,90,0,-0.021011983895159375,-0.1535672280381446,-0.010407482094426823,0.01987378603661969,2.101555640275018,-0.7720546797405157,0.2660891515582966,0.10310607777955381,0.8472484809966917,-0.8472484809966917,2.101555640275018,-0.0066262248866844065
66.0095495892865,66.71695603129395,-20,121.94799999959828,-7.750999999599275,90,90,0,-0.021058988422298863,-0.14010453943682827,-0.01113459136002723,0.016550459430234518,1.594151160183374,-0.5525434371331828,0.24240902290242144,0.06463759623053354,0.7227562581615248,-0.7227562581615248,1.594151160183374,-0.08509579408817514
66.0095495892865,72.27670236352188,-20,121.94799999959828,-7.700999999599275,90,90,0,-0.021043483213303515,-0.12976788997009403,-0.010404224790176109,0.021203682218391903,1.2711365560302867,-0.3871286243654393,0.1858257148796352,0.03248963652838318,0.6318812540729173,-0.6318812540729173,1.2711365560302867,-0.12342663166080259
66.0095495892865,77.83644869574981,-20,121.94799999959828,-7.650999999599275,90,90,0,-0.02090891660474567,-0.12146733448525054,-0.009037941211774592,0.027519516697271984,1.0608778614277343,-0.26875847328944047,0.12636265418523546,0.00808725078204885,0.5627924052916545,-0.5627924052916545,1.0608778614277343,-0.1384412607205608
66.0095495892865,83.39619502797774,-20,121.94799999959828,-7.600999999599275,90,90,0,-0.020640561770306737,-0.11451950229651256,-0.007463727781190199,0.0329327657665842,0.9191237717473498,-0.18588023156228486,0.07499140445945651,-0.009311512441880323,0.5078844650864658,-0.5078844650864658,0.9191237717473497,-0.14023495638752587
66.0095495892865,88.95594136020567,-20,121.94799999959828,-7.550999999599275,90,90,0,-0.020246512449334897,-0.10849874200532475,-0.005896285546433955,0.036617233237212325,0.8191941953088969,-0.12830736618717595,0.03435243301712836,-0.02107657268268391,0.4624364170686839,-0.4624364170686839,0.8191941953088968,-0.13475873894512513
66.0095495892865,94.5156876924336,-20,121.94799999959828,-7.500999999599275,90,90,0,-0.019745367163632593,-0.10313872331678056,-0.004436647990740228,0.0385137905280423,0.7451292247994785,-0.08835667826422836,0.0038139548130172777,-0.02857391783392729,0.4235474185414598,-0.4235474185414598,0.7451292247994785,-0.12549572862166836
66.0095495892865,100.07543402466153,-20,121.94799999959828,-7.450999999599275,90,90,0,-0.019159127939402748,-0.09827082588108682,-0.003126060779997386,0.03886715374351599,0.6873715801477335,-0.06057599384294942,-0.01829259322916226,-0.03295428544744968,0.38942657673513914,-0.38942657673513914,0.6873715801477335,-0.11447794467604572
66.0095495892865,105.63518035688946,-20,121.94799999959828,-7.400999999599275,90,90,0,-0.018509456409493003,-0.09378642358591771,-0.0019749176037021088,0.038010713510657296,0.6401633035487556,-0.04119411234898518,-0.03375500868114847,-0.03511722402316429,0.35895071563816744,-0.35895071563816744,0.6401633035487556,-0.10288539421866516
66.0095495892865,111.1949266891174,-20,121.94799999959828,-7.350999999599275,90,90,0,-0.0178159063956031,-0.08961395535657218,-0.0009782672187756969,0.036271685560976645,0.6000040697011817,-0.027626773585968805,-0.04414939049561282,-0.035738647212439655,0.33139729387775263,-0.33139729387775263,0.6000040697011817,-0.09139566599727994
71.5103453920767,-111.1949266,-20,121.99799999959828,-9.350999999599274,90,90,0,-0.031130718291260587,0.11944313680524143,-0.012225785816725121,0.08421371406584996,0.8819452697864146,0.00021275546373931173,0.17876887146523712,-0.08322429309548961,-0.5103411675338246,0.5103411675338246,0.8819452697864147,0.8631192754483905
71.5103453920767,-105.63518026777207,-20,121.99799999959828,-9.300999999599275,90,90,0,-0.032994309262544486,0.12569961250482692,-0.014915460055282603,0.09216059662496029,0.9435056523989731,-0.010653911332604524,0.18294200482868497,-0.08724315191701093,-0.5574013330064984,0.5574013330064984,0.9435056523989732,0.9348035939660877
71.5103453920767,-100.07543393554414,-20,121.99799999959828,-9.250999999599275,90,90,0,-0.034922315328020995,0.1324272485790281,-0.018063993372106624,0.10007890075111704,1.0132091513062358,-0.026924787929693814,0.18323844590628888,-0.08962923500950844,-0.6098829830714151,0.6098829830714151,1.0132091513062358,1.0151666435939095
71.5103453920767,-94.51568760331621,-20,121.99799999959828,-9.200999999599274,90,90,0,-0.03690463687032118,0.1397045969738102,-0.021738100588598708,0.10785694525593155,1.0940958417054267,-0.050595422396017505,0.17798230372179355,-0.08939316959463632,-0.6689424404825408,0.6689424404825408,1.0940958417054267,1.1065807771647116
71.5103453920767,-88.95594127108828,-20,121.99799999959828,-9.150999999599275,90,90,0,-0.03892970534492199,0.14764054115505154,-0.02600430320448316,0.11548149517982607,1.1907782012131232,-0.08409699943856773,0.16506015262976817,-0.08515431694856214,-0.7362300562463917,0.7362300562463917,1.1907782012131232,1.212541336731641
71.5103453920767,-83.39619493886035,-20,121.99799999959828,-9.100999999599274,90,90,0,-0.040985847280993234,0.15638794758205954,-0.030920942730069956,0.12316884739890485,1.3101611578351633,-0.13008056051614902,0.14187481966458879,-0.07501917038588138,-0.8141390389591429,0.8141390389591429,1.3101611578351633,1.3382035020932082
71.5103453920767,-77.83644860663242,-20,121.99799999959828,-9.050999999599275,90,90,0,-0.04306366344893689,0.16616198254238368,-0.0365248219416483,0.1315873922979367,1.4623515572042634,-0.190757827489037,0.10528385173982906,-0.056433357874030254,-0.9061533085749538,0.9061533085749538,1.4623515572042634,1.4910939314566591
71.5103453920767,-72.27670227440449,-20,121.99799999959828,-9.000999999599275,90,90,0,-0.04515947361779425,0.17726275594253887,-0.04281056042073589,0.14221069329861208,1.661632792376352,-0.26633786024056444,0.05142589232937523,-0.02599915888997586,-1.0172916235817604,1.0172916235817604,1.6616327923763523,1.6819447405323014
71.5103453920767,-66.71695594217655,-20,121.99799999959828,-8.950999999599276,90,90,0,-0.047279055336632805,0.19009905295127166,-0.049700960492278734,0.15783374267815042,1.9270861437558453,-0.3517301254532361,-0.02481078123258406,0.020764467910705034,-1.154571779106778,1.154571779106778,1.9270861437558455,1.9254062366091163
71.5103453920767,-61.157209609948616,-20,121.99799999959828,-8.900999999599275,90,90,0,-0.04943861154180822,0.20520299315322976,-0.05700681172899569,0.18324068286216127,2.281751722082659,-0.43008361265812384,-0.13110413321027595,0.08976264472966575,-1.327220012936712,1.327220012936712,2.281751722082659,2.2399207017697753
71.5103453920767,-55.59746327772068,-20,121.99799999959828,-8.850999999599274,90,90,0,-0.051654234711220146,0.22320989371063338,-0.06437044328205771,0.2258747765164516,2.7476341619204843,-0.4608381331218661,-0.2799715561055327,0.18875434300090363,-1.5458579084111617,1.5458579084111617,2.7476341619204843,2.644911573179355
71.5103453920767,-50.03771694549274,-20,121.99799999959828,-8.800999999599275,90,90,0,-0.053898226748666775,0.2447440238527503,-0.07116085342422401,0.29600414839000583,3.3304095479029843,-0.359275540128404,-0.489343185427927,0.3272990535272714,-1.8187677341037496,1.8187677341037496,3.3304095479029847,3.1509315532649436
71.5103453920767,-44.4779706132648,-20,121.99799999959828,-8.750999999599275,90,90,0,-0.055974628929798764,0.27008891359097564,-0.07617895908551031,0.40497990364454517,3.982682923104926,0.030870094392170765,-0.7660790710453707,0.512915137113731,-2.1412450941538985,2.1412450941538985,3.9826829231049263,3.734318263395869
71.5103453920767,-38.91822428103686,-20,121.99799999959828,-8.700999999599276,90,90,0,-0.05723217785379263,0.29848985359930913,-0.07669835186972618,0.5579906131528322,4.545905988204862,0.9300134213942052,-1.0206137977321783,0.7307427409946496,-2.4734730881728475,2.4734730881728475,4.545905988204862,4.2918354834547925
71.5103453920767,-33.358477948808925,-20,121.99799999959828,-8.650999999599275,90,90,0,-0.05608923056802778,0.327459444663094,-0.06586126530765096,0.7340790166227321,4.7955704483317625,2.3615503777382063,-0.8501981142632837,0.8772310718733276,-2.7221721320771004,2.7221721320771004,4.7955704483317625,4.640400311409806
71.5103453920767,-27.798731616580987,-20,121.99799999959828,-8.600999999599274,90,90,0,-0.0498956929261897,0.3549358324814267,-0.029292734015877342,0.8551009955422956,4.984633925432366,3.253853814625866,0.39190892783095876,0.6607147196942954,-2.8229896772236662,2.8229896772236662,4.984633925432366,4.816843247396613
71.5103453920767,-22.23898528435305,-20,121.99799999959828,-8.550999999599275,90,90,0,-0.03674906539038418,0.3872006047548384,0.04786945172116941,0.8163263716210205,6.194748811512783,1.4193162633719087,1.9827862841284873,-0.25213228903155216,-2.9950248215830606,2.9950248215830606,6.194748811512783,5.472924346188174
71.5103453920767,-16.67923895212511,-20,121.99799999959828,-8.500999999599275,90,90,0,-0.018809819680197903,0.4372700079139466,0.1580628597243926,0.6440388641206746,8.230487827504575,-2.676206007027423,1.6106074453563586,-1.6899358094952854,-3.639972174301793,3.639972174301793,8.230487827504575,6.932167305303624
71.5103453920767,-11.119492619897173,-20,121.99799999959828,-8.450999999599276,90,90,0,-0.0013582330689224237,0.5078796742454046,0.2768185482228565,0.48709706005063247,9.947728417314101,-6.338556587052858,-0.6643448458404108,-3.041874355186282,-4.6803137620404485,4.6803137620404485,9.947728417314101,8.659405128966089
71.5103453920767,-5.559746287669236,-20,121.99799999959828,-8.400999999599275,90,90,0,0.011649359120907213,0.5966002534074826,0.3940894384944666,0.4239241940720881,11.975337278389487,-9.369240813821147,-3.419506107838587,-3.791796372483825,-5.407985229753145,5.407985229753145,11.975337278389487,10.19812014110894
71.5103453920767,0.00000004455870161734765,-20,121.99799999959828,-8.350999999599274,90,90,0,0.018604920294578317,0.7087335243955901,0.516468135115737,0.4521713505732611,15.118965335644132,-12.585443443340658,-6.069177877778541,-3.2463469822632196,-4.438806997294145,4.438806997294145,15.118965335644132,10.486393131551797
71.5103453920767,5.559746376786639,-20,121.99799999959828,-8.300999999599275,90,90,0,0.018703651154654125,0.84692432240063,0.6503525367273868,0.5636623388480887,17.598692654577654,-14.245165500502464,-7.426185638348069,-0.8508610155919442,-0.6439943263857276,0.6439943263857281,17.598692654577654,7.68347138821679
71.5103453920767,11.119492709014576,-20,121.99799999959828,-8.250999999599275,90,90,0,0.010836944011877875,-0.6080297516709476,-0.21037742832652512,0.7950404469595895,17.15955872907968,-11.594465403272528,-5.724617851545835,1.3909970640956202,3.0356712757967554,-3.035671275796755,17.15955872907968,3.828152215835118
71.5103453920767,16.679239041242514,-20,121.99799999959828,-8.200999999599274,90,90,0,-0.0057764656456847085,-0.48060714384273673,-0.06859861401416162,1.283023366291012,15.521589659792983,-4.908165474905217,-1.1390310721148509,1.2780966289203526,3.7634604065189063,-3.7634604065189063,15.521589659792983,2.4451754573982876
71.5103453920767,22.238985373470452,-20,121.99799999959828,-8.150999999599275,90,90,0,-0.026452968230340546,-0.39085589613982963,0.06999906605128386,1.9929068465787267,11.058731857995632,6.7897204167336564,0.9720444503750119,-0.4483246885499672,3.4846472340734658,-3.4846472340734658,11.058731857995632,0.9388455091247869
71.5103453920767,27.79873170569839,-20,121.99799999959828,-8.100999999599274,90,90,0,-0.038054763894870086,-0.34536955991082163,0.12306378028049186,1.9308472753201826,8.883326567009448,9.398373806204777,-3.898454790293825,-1.3473942149622578,3.7522693954307007,-3.7522693954307003,8.883326567009448,-0.19893876862692084
71.5103453920767,33.358478037926325,-20,121.99799999959828,-8.050999999599275,90,90,0,-0.03714960450275698,-0.29737503561334055,0.09036151685270377,1.2242957229631846,8.747668760717465,3.53200299804591,-4.133591188416619,-0.8815853471162435,3.524756347406369,-3.5247563474063686,8.747668760717465,-0.025688843119382465
71.5103453920767,38.91822437015426,-20,121.99799999959828,-8.000999999599275,90,90,0,-0.031956934869171505,-0.24697252653478982,0.047170641288402926,0.666854762375192,6.943366588439173,0.12604130381737574,-2.1523932265732197,-0.29440715940445117,2.79812713311072,-2.79812713311072,6.943366588439173,-0.020780497735050307
71.5103453920767,44.4779707023822,-20,121.99799999959828,-7.950999999599275,90,90,0,-0.027537699494202483,-0.20607145492824558,0.017715492623680662,0.34680346145735097,4.947430507703924,-0.9686036917690667,-0.7539971647245838,0.015319242809181965,2.086593299962157,-2.086593299962157,4.947430507703924,-0.1076210968805873
71.5103453920767,50.03771703461014,-20,121.99799999959828,-7.900999999599275,90,90,0,-0.024837218173097614,-0.17616626414508113,0.001312992201364438,0.18300058089686747,3.4236443672781127,-1.095503138897064,-0.061629081624450445,0.12028529882125699,1.5571427095450974,-1.5571427095450974,3.4236443672781127,-0.18768496263385215
71.5103453920767,55.59746336683808,-20,121.99799999959828,-7.850999999599274,90,90,0,-0.02343290936447817,-0.15494362347632445,-0.006583162668882536,0.10661094081059455,2.395728088697149,-0.9167334970932711,0.20501073773709114,0.12684197639948994,1.1976200050493264,-1.1976200050493264,2.395728088697149,-0.2393287695704669
71.5103453920767,61.157209699066016,-20,121.99799999959828,-7.8009999995992745,90,90,0,-0.02275800203882311,-0.1397511087020471,-0.009628359885826943,0.07480332544757422,1.7376765970706884,-0.6899096340756082,0.2631061833672798,0.09786079442154921,0.958573596366101,-0.958573596366101,1.7376765970706882,-0.2635029575378256
71.5103453920767,66.71695603129395,-20,121.99799999959828,-7.750999999599275,90,90,0,-0.02240676175207254,-0.1285250647304293,-0.010115929242651256,0.06384603958584963,1.323995120795045,-0.4958413853186838,0.2350080186293424,0.06224201524734829,0.7971304393363928,-0.7971304393363928,1.323995120795045,-0.2675323910183748
71.5103453920767,72.27670236352188,-20,121.99799999959828,-7.700999999599275,90,90,0,-0.02214330607901671,-0.11985950992199312,-0.009351679431461757,0.061542291044405575,1.0629432085212436,-0.34903498804700933,0.1800507100147105,0.030889377666745915,0.6840316410603898,-0.6840316410603898,1.0629432085212436,-0.25885435765189235
71.5103453920767,77.83644869574981,-20,121.99799999959828,-7.650999999599275,90,90,0,-0.02184896770521602,-0.11285175015141075,-0.008043465261514893,0.06201572500705213,0.8948054123972982,-0.2434677937431499,0.1237193764873145,0.006656697971735464,0.6009918285854564,-0.6009918285854564,0.894805412397298,-0.24306966362653715
71.5103453920767,83.39619502797774,-20,121.99799999959828,-7.600999999599275,90,90,0,-0.021474457461147733,-0.10693719009085495,-0.006562261991396312,0.06265517688418298,0.7827357117883718,-0.1691700748054543,0.07527762368401729,-0.010725696928131702,0.5369693976626443,-0.5369693976626443,0.7827357117883716,-0.22387511294729562
71.5103453920767,88.95594136020567,-20,121.99799999959828,-7.550999999599275,90,90,0,-0.021007914501403824,-0.10176569205640051,-0.005095256459031472,0.06246255690107597,0.7045484110502966,-0.11729002638789494,0.036871450256156194,-0.022487783882711023,0.4853539679345981,-0.4853539679345981,0.7045484110502965,-0.2035346035144795
71.5103453920767,94.5156876924336,-20,121.99799999959828,-7.500999999599275,90,90,0,-0.020455935419625842,-0.09711973320660577,-0.0037309822898478617,0.06119816909258861,0.6470103240977286,-0.08110784394968104,0.007843299716851122,-0.029964242809340357,0.4421647549355034,-0.4421647549355034,0.6470103240977286,-0.18336062529641195
71.5103453920767,100.07543402466153,-20,121.99799999959828,-7.450999999599275,90,90,0,-0.01983301515628008,-0.09286303358148784,-0.002505692892733058,0.05895147895039051,0.6022396662553045,-0.055825428839725105,-0.013350562962068263,-0.034305934856338254,0.4049678644305051,-0.4049678644305051,0.6022396662553045,-0.16407199792838328
71.5103453920767,105.63518035688946,-20,121.99799999959828,-7.400999999599275,90,90,0,-0.01915595968660752,-0.08890904134877059,-0.0014284510124246697,0.05593169991992813,0.5655295439738228,-0.03810437423570525,-0.02834798453592802,-0.03641892772785005,0.37224184539258026,-0.37224184539258026,0.5655295439738228,-0.14603002780305113
71.5103453920767,111.1949266891174,-20,121.99799999959828,-7.350999999599275,90,90,0,-0.018441100683472544,-0.085201751841745,-0.0004946777880042164,0.05236984908121877,0.5340560986944792,-0.025644154748059988,-0.038593313818733044,-0.03698495775170579,0.34300842597922215,-0.34300842597922215,0.5340560986944792,-0.12938598650143046
77.01114119486691,-111.1949266,-20,122.04799999959828,-9.350999999599274,90,90,0,-0.0318977577131858,0.11175171859943994,-0.010806275138917965,0.11069374732606081,0.7878611146139634,0.0016390154075448186,0.16603207227785577,-0.08490452043200603,-0.5193210651907608,0.5193210651907608,0.7878611146139635,0.8344655110363463
77.01114119486691,-105.63518026777207,-20,122.04799999959828,-9.300999999599275,90,90,0,-0.03377262396479412,0.11720928150253174,-0.013241399859602987,0.12207671454547915,0.8369570328419905,-0.007885277902069686,0.16984000813591352,-0.08890570374087937,-0.5671114133523649,0.5671114133523649,0.8369570328419906,0.9018942264891612
77.01114119486691,-100.07543393554414,-20,122.04799999959828,-9.250999999599275,90,90,0,-0.035713048132257605,0.1230281501636099,-0.016079399151955776,0.13409834070790458,0.8917259898139358,-0.022129691628419247,0.17026360327867204,-0.09121246919091937,-0.6205785827747858,0.6205785827747858,0.8917259898139359,0.9772689787003602
77.01114119486691,-94.51568760331621,-20,122.04799999959828,-9.200999999599274,90,90,0,-0.037710429758583616,0.1292635096045337,-0.01937470118238016,0.14682780334674794,0.9543724999527128,-0.04280586676188204,0.16590889196113115,-0.09079790464094901,-0.6810008760387546,0.6810008760387546,0.9543724999527129,1.0627498760198397
77.01114119486691,-88.95594127108828,-20,122.04799999959828,-9.150999999599275,90,90,0,-0.03975551957710888,0.1359927605963157,-0.0231795410806388,0.16049061519164032,1.028273974104295,-0.07198363156330265,0.15506310158124267,-0.08622084100270706,-0.7502148871759016,0.7502148871759016,1.028273974104295,1.1615244768176196
77.01114119486691,-83.39619493886035,-20,122.04799999959828,-9.100999999599274,90,90,0,-0.04184023221734702,0.14332548262529854,-0.027536228943925434,0.17562081781970162,1.1184932908424838,-0.1119010943973378,0.13569780095984704,-0.07548895922142773,-0.8309048696729237,0.8309048696729237,1.1184932908424838,1.2783021860099173
77.01114119486691,-77.83644860663242,-20,122.04799999959828,-9.050999999599275,90,90,0,-0.04396076582931614,0.1514163693722823,-0.032464500817452224,0.19331462975109892,1.232386085278986,-0.1644068177858355,0.10549032455292075,-0.055883407375610594,-0.9270206891178117,0.9270206891178117,1.2323860852789863,1.4199751232294062
77.01114119486691,-72.27670227440449,-20,122.04799999959828,-9.000999999599275,90,90,0,-0.04612228342864931,0.16048025145211525,-0.03794219918834879,0.21563103832843497,1.380159768244988,-0.2296682567852381,0.0618089459291738,-0.023724237798165234,-1.044344538224964,1.044344538224964,1.3801597682449882,1.5964084455229592
77.01114119486691,-66.71695594217655,-20,122.04799999959828,-8.950999999599276,90,90,0,-0.04834471498190622,0.17080562284381562,-0.043877622619668155,0.2461820943416195,1.574986319881735,-0.3035088236703545,0.0015104149898840119,0.025975504609219647,-1.1911702313468058,1.1911702313468058,1.5749863198817353,1.8211647592995
77.01114119486691,-61.157209609948616,-20,122.04799999959828,-8.900999999599275,90,90,0,-0.05066709060127736,0.18275715682022164,-0.050071876159605844,0.2909118796779475,1.8317200009241312,-0.37232298510453243,-0.07970038166444264,0.10007888609985785,-1.3788851248351441,1.3788851248351441,1.8317200009241315,2.1115731252047967
77.01114119486691,-55.59746327772068,-20,122.04799999959828,-8.850999999599274,90,90,0,-0.05314211277919989,0.1967453802486494,-0.05616625227796562,0.3589027968887225,2.1621080830319577,-0.40398020175040267,-0.1883281293472334,0.20825945254874853,-1.6217670909525546,1.6217670909525546,2.1621080830319577,2.486610324165338
77.01114119486691,-50.03771694549274,-20,122.04799999959828,-8.800999999599275,90,90,0,-0.0557985924508658,0.21311744299209728,-0.06154985735511376,0.46256665239664124,2.562121588610988,-0.3329650728559982,-0.33233294289232435,0.36401105230709935,-1.9340701056759861,1.9340701056759861,2.5621215886109883,2.9589187411203817
77.01114119486691,-44.4779706132648,-20,122.04799999959828,-8.750999999599275,90,90,0,-0.058517215771001566,0.23188398533760485,-0.06512465442468751,0.6152210844068879,2.9845521292173713,-0.042061188085355326,-0.5072461152927603,0.5825342521882367,-2.3196619661359583,2.3196619661359583,2.984552129217372,3.513482817822907
77.01114119486691,-38.91822428103686,-20,122.04799999959828,-8.700999999599276,90,90,0,-0.06070792580942928,0.25219809917695685,-0.06460072134038047,0.8206661571798672,3.3011411313116845,0.6277841767638678,-0.6338894578679714,0.8600014758114674,-2.7463218052460228,2.7463218052460228,3.301141131311685,4.066778257770697
77.01114119486691,-33.358477948808925,-20,122.04799999959828,-8.650999999599275,90,90,0,-0.060681448558088866,0.2719201680022165,-0.05470445678823005,1.044943093790393,3.3481871937002703,1.6881306313495554,-0.41335770343384054,1.0875280896936113,-3.1145025721273707,3.1145025721273707,3.3481871937002707,4.453777449607479
77.01114119486691,-27.798731616580987,-20,122.04799999959828,-8.600999999599274,90,90,0,-0.05521333312244238,0.2893090523908022,-0.025114431909410817,1.1782166031955914,3.3157176166910847,2.393668613779224,0.5959358746627947,0.8773107758327437,-3.344664231274738,3.344664231274738,3.315717616691085,4.670951277951172
77.01114119486691,-22.23898528435305,-20,122.04799999959828,-8.550999999599275,90,90,0,-0.041551229537560935,0.3085613702299864,0.03404500844991187,1.0868437550536965,3.9493328014924565,1.2774776472704354,1.8521218188763435,-0.32105817117892504,-3.760233017372765,3.760233017372765,3.949332801492457,5.339966137969748
77.01114119486691,-16.67923895212511,-20,122.04799999959828,-8.500999999599275,90,90,0,-0.02202453494147298,0.33823971747117754,0.11609786399441313,0.8119202886815596,5.053439002509463,-1.2697987492573584,1.737025454389556,-2.4391859228059536,-5.093279507020973,5.093279507020973,5.053439002509464,7.114655108024758
77.01114119486691,-11.119492619897173,-20,122.04799999959828,-8.450999999599276,90,90,0,-0.003064227151375637,0.37916988409455216,0.2021388268476243,0.550261108317866,5.798371549423872,-3.3828810957815354,0.29344467341236685,-4.978862181342372,-7.780340708627496,7.780340708627496,5.798371549423873,10.099689328397044
77.01114119486691,-5.559746287669236,-20,122.04799999959828,-8.400999999599275,90,90,0,0.010786097965223451,0.4295813541536578,0.28429858244423034,0.41330464299919634,7.065353878268883,-5.376852478270803,-1.6736260109108896,-8.338248178584845,-12.583608376509742,12.583608376509742,7.065353878268885,15.409749927817296
77.01114119486691,0.00000004455870161734765,-20,122.04799999959828,-8.350999999599274,90,90,0,0.017948310678811308,0.509168243900312,0.3768853106281171,0.4060347292908693,14.319860864079073,-12.708706167987188,-6.089812864798341,-15.107882678820607,-23.27686898594858,23.27686898594858,14.319860864079077,29.00481333158021
77.01114119486691,5.559746376786639,-20,122.04799999959828,-8.300999999599275,90,90,0,0.017632770518791446,0.832756121739193,0.6174803774006645,0.5244743658948545,72.6558996418173,-70.4931296379262,-34.69216411616249,-1.6931064484106055,-1.8133666545523452,1.8133666545523475,72.6558996418173,30.875726511279268
77.01114119486691,11.119492709014576,-20,122.04799999959828,-8.250999999599275,90,90,0,0.008285252611101968,-0.4311280667185225,-0.13427322479539455,0.822690785190857,16.00543663572904,-12.345736942297734,-6.035743251921228,13.03060883774192,21.912984270056544,-21.912984270056544,16.005436635729037,-15.510809615764929
77.01114119486691,16.679239041242514,-20,122.04799999959828,-8.200999999599274,90,90,0,-0.01218925187022385,-0.3402093713810659,-0.031036447237587694,1.4424220723762273,9.538078965937991,-2.5342655714449656,-0.3046788325347641,5.020131026116349,10.49281912409234,-10.49281912409234,9.53807896593799,-6.6775875377171445
77.01114119486691,22.238985373470452,-20,122.04799999959828,-8.150999999599275,90,90,0,-0.03879459119202702,-0.2892389194157737,0.059637931170731795,2.266618196226702,6.568711580019291,5.171283654653053,1.0926694897347584,-0.41858693526294605,6.086732684247931,-6.086732684247931,6.56871158001929,-3.4592480522402145
77.01114119486691,27.79873170569839,-20,122.04799999959828,-8.100999999599274,90,90,0,-0.05100877932228304,-0.2654538683888977,0.09241935893274161,2.319939518385876,5.537421582979281,6.500079172846328,-2.375918770871143,-2.351472204806402,5.387503773199428,-5.387503773199428,5.53742158297928,-3.1725351400077155
77.01114119486691,33.358478037926325,-20,122.04799999959828,-8.050999999599275,90,90,0,-0.04565739557307802,-0.23638700474676894,0.0671261230356166,1.6202562635409856,5.8248825441489585,2.3182314814480924,-2.6897789232587446,-1.4112696153964701,4.534988405278182,-4.534988405278182,5.824882544148958,-2.2050353876185986
77.01114119486691,38.91822437015426,-20,122.04799999959828,-8.000999999599275,90,90,0,-0.0367686860986719,-0.20275948900562585,0.03460205996031446,0.9665385395399607,4.831688145016595,-0.11187439036809492,-1.390111768610236,-0.4902527323106332,3.328725301258874,-3.328725301258874,4.831688145016595,-1.3960500432522358
77.01114119486691,44.4779707023822,-20,122.04799999959828,-7.950999999599275,90,90,0,-0.030260146645203156,-0.1740158675106236,0.01209076030036249,0.5563113140567667,3.550822765565524,-0.8914727511146525,-0.42480587611122006,-0.05242053370918474,2.3616548756151894,-2.3616548756151894,3.5508227655655236,-0.9413257693889798
77.01114119486691,50.03771703461014,-20,122.04799999959828,-7.900999999599275,90,90,0,-0.026462173921778576,-0.15227574862006116,-0.0005778565398525948,0.3307034207593702,2.5124302826985825,-0.959008364275098,0.06004307366093176,0.0974124495908946,1.7060041226555065,-1.7060041226555065,2.5124302826985825,-0.7010320095760734
77.01114119486691,55.59746336683808,-20,122.04799999959828,-7.850999999599274,90,90,0,-0.024480590813735853,-0.1364710511946063,-0.006658139077931835,0.21410069860240483,1.7891866062302377,-0.7978904489521663,0.23992832138719458,0.11928288202148091,1.283068806638331,-1.283068806638331,1.7891866062302375,-0.5673941641462359
77.01114119486691,61.157209699066016,-20,122.04799999959828,-7.8009999995992745,90,90,0,-0.023495908938418186,-0.12493944916746516,-0.008904464258597644,0.15574296110291486,1.3187065120367054,-0.6026757901452557,0.26680234214057863,0.0953681540184967,1.0107905667938055,-1.0107905667938055,1.3187065120367052,-0.4833079619791234
77.01114119486691,66.71695603129395,-20,122.04799999959828,-7.750999999599275,90,90,0,-0.022975227208229698,-0.11627243038653123,-0.009099628603043364,0.12669625063250137,1.0215540414060142,-0.43591645741980267,0.23046776047791537,0.06132572227724234,0.8310455582782265,-0.8310455582782265,1.0215540414060142,-0.42242394171582076
77.01114119486691,72.27670236352188,-20,122.04799999959828,-7.700999999599275,90,90,0,-0.022618516706843367,-0.1094696824051859,-0.008282775375474838,0.11165731534274595,0.8348181517235346,-0.3090122497496953,0.17566714601025754,0.030395943111840427,0.7073486721559807,-0.7073486721559807,0.8348181517235345,-0.37342141146656693
77.01114119486691,77.83644869574981,-20,122.04799999959828,-7.650999999599275,90,90,0,-0.022273818620271668,-0.10387429272387333,-0.007027923038466777,0.1028962910448512,0.7158333483301814,-0.21704180209667653,0.12186757223675251,0.0062272126317810365,0.6178823216445866,-0.6178823216445866,0.7158333483301813,-0.331548982312514
77.01114119486691,83.39619502797774,-20,122.04799999959828,-7.600999999599275,90,90,0,-0.02187382883200334,-0.09907086179392705,-0.005640608394408164,0.09666515584303363,0.6376451419709586,-0.15179176287465967,0.07608536719141883,-0.01118806467543025,0.5498068719839514,-0.5498068719839514,0.6376451419709585,-0.294748815195568
77.01114119486691,88.95594136020567,-20,122.04799999959828,-7.550999999599275,90,90,0,-0.021396465586853486,-0.09480127793141102,-0.00427695462865102,0.09124376635910159,0.5838144712477565,-0.10587651257772031,0.03977318052576985,-0.022998627070501838,0.49555352250113344,-0.49555352250113344,0.5838144712477564,-0.26202773400203083
77.01114119486691,94.5156876924336,-20,122.04799999959828,-7.500999999599275,90,90,0,-0.020842250938180068,-0.0909061948454904,-0.0030115031543127557,0.08591812678345104,0.5444930340260531,-0.07362172551214122,0.012172911754694852,-0.030517311221978358,0.4506053137882288,-0.4506053137882288,0.5444930340260531,-0.23280810017780756
77.01114119486691,100.07543402466153,-20,122.04799999959828,-7.450999999599275,90,90,0,-0.020221921965907913,-0.08728722055073695,-0.0018749017138132151,0.08045692782495659,0.5138359817436859,-0.050931379595617644,-0.008163420606015213,-0.034891299755266676,0.41221377428405676,-0.41221377428405676,0.5138359817436859,-0.20667938158658236
77.01114119486691,105.63518035688946,-20,122.04799999959828,-7.400999999599275,90,90,0,-0.019549890135728082,-0.08388329322963611,-0.0008746475914095941,0.07484718820569158,0.48839472169563075,-0.03492730890943336,-0.02273573219847832,-0.03702766571995966,0.3786645447282058,-0.3786645447282058,0.4883947216956307,-0.18330665604995353
77.01114119486691,111.1949266891174,-20,122.04799999959828,-7.350999999599275,90,90,0,-0.018840936340663528,-0.08065614126809789,-0.00000646304816503962,0.06916304477379266,0.4661456288506412,-0.02360836005318216,-0.03286213654456835,-0.03760978623169115,0.3488563808443878,-0.3488563808443878,0.46614562885064115,-0.16239812930413133
82.51193699765712,-111.1949266,-20,122.09799999959827,-9.350999999599274,90,90,0,-0.03232319938806971,0.10446383632796169,-0.010180295178689236,0.13686760276133647,0.6933284472953554,0.0030627618464522896,0.15319525388068375,-0.08576329455560872,-0.5204543699836494,0.5204543699836494,0.6933284472953555,0.7977857489017915
82.51193699765712,-105.63518026777207,-20,122.09799999959827,-9.300999999599275,90,90,0,-0.03416619078258028,0.10915854093122507,-0.012420723349279683,0.15172074937537725,0.7298983261488866,-0.005108032754335362,0.1566491522139061,-0.08974602447710155,-0.5675051567020428,0.5675051567020428,0.7298983261488867,0.8594644871615975
82.51193699765712,-100.07543393554414,-20,122.09799999959827,-9.250999999599275,90,90,0,-0.03606799669759447,0.11410834072782894,-0.015014450054267325,0.1679114746742786,0.7696283635840377,-0.017308084750749887,0.15721957915303553,-0.09203995724563453,-0.62008074894794,0.62008074894794,0.7696283635840379,0.9279320943815551
82.51193699765712,-94.51568760331621,-20,122.09799999959827,-9.200999999599274,90,90,0,-0.03801921656127652,0.11934517157224533,-0.018004379452796204,0.1857037337285595,0.813863422295727,-0.03496166664557358,0.15379989126437943,-0.09163052093128382,-0.6794191668575673,0.6794191668575673,0.8138634222957271,1.004964535775858
82.51193699765712,-88.95594127108828,-20,122.09799999959827,-9.150999999599275,90,90,0,-0.04000960755244669,0.12491489052933197,-0.021429269787344774,0.20558286863827113,0.8647071476347273,-0.059772455063812124,0.14508726853175058,-0.08709781408079108,-0.7472948832127279,0.7472948832127279,0.8647071476347274,1.093177742266619
82.51193699765712,-83.39619493886035,-20,122.09799999959827,-9.100999999599274,90,90,0,-0.0420297521207095,0.13088339788433434,-0.025316221796650717,0.22843415473893602,0.9253163979714063,-0.09355973148038596,0.12963851471358562,-0.07648567227438599,-0.8262927324270719,0.8262927324270719,0.9253163979714064,1.1964192916156344
82.51193699765712,-77.83644860663242,-20,122.09799999959827,-9.050999999599275,90,90,0,-0.04407391833941107,0.13734392022869457,-0.029668670524828078,0.25583765518269563,1.0001867770216026,-0.1378037690532377,0.10598121151707654,-0.05713694840777892,-0.9201987432196986,0.9201987432196986,1.0001867770216029,1.3202734540283398
82.51193699765712,-72.27670227440449,-20,122.09799999959827,-9.000999999599275,90,90,0,-0.04614428503229728,0.1444239249171364,-0.034448253144280794,0.29053651296302857,1.0952594949136807,-0.1926327133930969,0.07277255404049561,-0.025479282823615772,-1.0345188893474895,1.0345188893474895,1.095259494913681,1.472622687312962
82.51193699765712,-66.71695594217655,-20,122.09799999959827,-8.950999999599276,90,90,0,-0.048255954686925104,0.15228755569257024,-0.039548859688286975,0.33714281104133076,1.2174566070138662,-0.2548137290684041,0.028960349087188555,0.023279182368115065,-1.177073223335784,1.177073223335784,1.2174566070138664,1.6640558661413305
82.51193699765712,-61.157209609948616,-20,122.09799999959827,-8.900999999599275,90,90,0,-0.050439961206493245,0.16112438507058346,-0.0447609301908693,0.4031153874287707,1.3728256004400945,-0.3141016044905347,-0.026099157721162614,0.09562824763612471,-1.3584278710237423,1.3584278710237423,1.3728256004400947,1.9075581111997804
82.51193699765712,-55.59746327772068,-20,122.09799999959827,-8.850999999599274,90,90,0,-0.05273576194513514,0.17110596457771365,-0.049721391510909874,0.49988915712658727,1.561721347204547,-0.34715947896727173,-0.09228567735707233,0.20048645850579788,-1.5914395307359739,1.5914395307359739,1.5617213472045472,2.2161280696177927
82.51193699765712,-50.03771694549274,-20,122.09799999959827,-8.800999999599275,90,90,0,-0.05515100812858323,0.18227660204604407,-0.053831310812361755,0.6434771450097246,1.7684073665328204,-0.3087573486777674,-0.1661931508625467,0.34977035854125504,-1.8879795612408898,1.8879795612408898,1.7684073665328206,2.595342507854018
82.51193699765712,-44.4779706132648,-20,122.09799999959827,-8.750999999599275,90,90,0,-0.057536513336211,0.19432993148446093,-0.05607772203835293,0.8520403474319466,1.9427832136446403,-0.12378452152577363,-0.2291217875894956,0.5555187972547865,-2.2483585324972553,2.2483585324972553,1.9427832136446406,3.0254718179551117
82.51193699765712,-38.91822428103686,-20,122.09799999959827,-8.700999999599276,90,90,0,-0.05927630845808027,0.2062616551469454,-0.054590967816536606,1.1327134156614387,1.9838820977528173,0.298199078497736,-0.20820720047244118,0.8090979443986049,-2.6368609356351382,2.6368609356351382,1.9838820977528175,3.430413774736265
82.51193699765712,-33.358477948808925,-20,122.09799999959827,-8.650999999599275,90,90,0,-0.0587195925061165,0.21620909526840576,-0.04574150917496522,1.4414273816920722,1.788600958265614,0.9501737381804546,0.08878143030090402,1.0029164811569844,-2.955644437328333,2.955644437328333,1.7886009582656144,3.671084820634579
82.51193699765712,-27.798731616580987,-20,122.09799999959827,-8.600999999599274,90,90,0,-0.052871493712154355,0.22264376390909157,-0.023657819164873473,1.6218124609906819,1.470596630738424,1.4570083886646759,0.8750229819762693,0.7886633194914768,-3.1304734871692217,3.1304734871692217,1.4705966307384244,3.7187121394645914
82.51193699765712,-22.23898528435305,-20,122.09799999959827,-8.550999999599275,90,90,0,-0.03933574076546108,0.22713769843067189,0.015681653277965335,1.473392874510918,1.3596909880630461,1.2336392655415451,1.81338923203868,-0.28848645764962355,-3.4375914309431046,3.4375914309431046,1.3596909880630466,3.9814678261683234
82.51193699765712,-16.67923895212511,-20,122.09799999959827,-8.500999999599275,90,90,0,-0.02038110357039477,0.23224918388145388,0.06577471143516528,1.051998096842493,1.1215819818680917,0.735006996364182,2.1350607022578956,-2.1025008349373873,-4.449639928071215,4.449639928071215,1.121581981868092,4.8982727208184516
82.51193699765712,-11.119492619897173,-20,122.09799999959827,-8.450999999599276,90,90,0,-0.001967011663649418,0.23331277911126042,0.11173223283931749,0.6471407275525979,-0.19786507823703672,1.3403443996224165,2.090928811637147,-4.046250002311828,-6.287087040169516,6.287087040169516,-0.19786507823703595,6.207941008874702
82.51193699765712,-5.559746287669236,-20,122.09799999959827,-8.400999999599275,90,90,0,0.011595625431562812,0.2166959282962997,0.1401335772384698,0.4191946697534252,-3.4922484699460767,4.214906078802049,2.7957700562927084,-5.770730398543776,-8.514605327623778,8.514605327623778,-3.492248469946076,7.117705939645348
82.51193699765712,0.00000004455870161734765,-20,122.09799999959827,-8.350999999599274,90,90,0,0.018709221193566605,0.1578638620789904,0.13621675355075108,0.3733766258272558,-10.36618422566571,11.007473961560171,5.520359608546448,-6.175170654705188,-9.039494071338732,9.039494071338732,-10.366184225665709,4.893020381072448
82.51193699765712,5.559746376786639,-20,122.09799999959827,-8.300999999599275,90,90,0,0.018575308507240165,0.030903835050308193,0.08562682979371489,0.5074144137837001,-16.86798660376495,17.76859972075067,8.532289706088413,-0.9853560288166496,-0.7527997725086334,0.7527997725086328,-16.86798660376495,-5.9943948689973485
82.51193699765712,11.119492709014576,-20,122.09799999959827,-8.250999999599275,90,90,0,0.009827344111861813,-0.09474912085195647,0.03407388859329441,0.9148071270830389,-9.723634690071961,11.311546225419699,5.5432122938498,4.0805221758650045,7.488449300756027,-7.488449300756027,-9.723634690071963,-11.377903176784812
82.51193699765712,16.679239041242514,-20,122.09799999959827,-8.200999999599274,90,90,0,-0.009032172128241589,-0.14965620187082476,0.028894666135335756,1.8439829605566942,-2.3956277375146264,5.22874280121421,3.058150458023816,2.7816441642976875,6.59166577659015,-6.59166577659015,-2.3956277375146273,-7.549916871596001
82.51193699765712,22.238985373470452,-20,122.09799999959827,-8.150999999599275,90,90,0,-0.0330521811171659,-0.16742223449193794,0.04904016250699683,3.1502681350668267,0.1467879183293353,4.081983548249629,1.7283165919818848,-0.4796437360733658,4.815209241046419,-4.815209241046419,0.14678791832933472,-4.756494073714685
82.51193699765712,27.79873170569839,-20,122.09799999959827,-8.100999999599274,90,90,0,-0.04510081657637069,-0.1746658763586812,0.05529891181369395,3.2966912946346185,1.3996683759508992,3.069359415327373,-0.393646149076965,-1.8936221549923062,4.658616483695449,-4.658616483695449,1.3996683759508985,-4.09874913331509
82.51193699765712,33.358478037926325,-20,122.09799999959827,-8.050999999599275,90,90,0,-0.041775550905055386,-0.16897248688703081,0.03863926859485156,2.295212495504335,2.479036905029755,0.9204872521561686,-0.9977354991348935,-1.18272079913294,4.109041472900015,-4.109041472900015,2.4790369050297545,-3.117426710888113
82.51193699765712,38.91822437015426,-20,122.09799999959827,-8.000999999599275,90,90,0,-0.0344806314967519,-0.15453160289860357,0.018145774523613267,1.3765427835344493,2.5260364299823452,-0.38884356161934724,-0.5412988741312507,-0.40822065637468996,3.113162138503212,-3.113162138503212,2.526036429982345,-2.102747566510274
82.51193699765712,44.4779707023822,-20,122.09799999959827,-7.950999999599275,90,90,0,-0.028865792839061044,-0.13916269032091227,0.0033604848420339395,0.8113260558460333,2.0671912938957386,-0.8204228376422149,-0.0665621465939102,-0.02360250260607072,2.2516638092267445,-2.2516638092267445,2.067191293895738,-1.4247872916684492
82.51193699765712,50.03771703461014,-20,122.09799999959827,-7.900999999599275,90,90,0,-0.025557565380346287,-0.1262456353502944,-0.0050885050888330174,0.4989946757823199,1.5602145909792493,-0.8219775589853473,0.1917891832606413,0.10802550753475156,1.6464568600778928,-1.6464568600778928,1.560214590979249,-1.0223710236861931
82.51193699765712,55.59746336683808,-20,122.09799999959827,-7.850999999599274,90,90,0,-0.02386147873360997,-0.11625669992387294,-0.009008913871308422,0.3318146979046968,1.162121123504145,-0.6777156004117433,0.2784575994523883,0.12365030557586405,1.2484764462592004,-1.2484764462592004,1.1621211235041449,-0.7836279968575424
82.51193699765712,61.157209699066016,-20,122.09799999959827,-7.8009999995992745,90,90,0,-0.023059373240794878,-0.10865280897960777,-0.010189173385799888,0.2421789218277857,0.8888416102396264,-0.5144164875525031,0.2718391621718535,0.09755199389571514,0.9892629536297124,-0.9892629536297124,0.8888416102396263,-0.6337263095338619
82.51193699765712,66.71695603129395,-20,122.09799999959827,-7.750999999599275,90,90,0,-0.022667414737337854,-0.10273881755077552,-0.009873223719571556,0.1926795144656097,0.7130123766663014,-0.3753335322687577,0.22644651522150888,0.06269518663167707,0.8168294762693119,-0.8168294762693119,0.7130123766663012,-0.5316245256027914
82.51193699765712,72.27670236352188,-20,122.09799999959827,-7.700999999599275,90,90,0,-0.022409387453374896,-0.09794831843229118,-0.008819707172640856,0.16362044198512743,0.6031148038225521,-0.2685885405899197,0.17149527328020658,0.03140468036204182,0.697531587807824,-0.697531587807824,0.603114803822552,-0.4562856662788032
82.51193699765712,77.83644869574981,-20,122.09799999959827,-7.650999999599275,90,90,0,-0.02214511772057734,-0.0938850620625446,-0.0074609409999192855,0.14487416413360737,0.5346784618132502,-0.19037319911467812,0.12010775265902203,0.0070222983339132666,0.6109135093820998,-0.6109135093820998,0.5346784618132501,-0.3970421246567997
82.51193699765712,83.39619502797774,-20,122.09799999959827,-7.600999999599275,90,90,0,-0.021813304757443364,-0.09029139609721348,-0.006031854310879603,0.131308159282239,0.49117726735398826,-0.13426483044059537,0.07693637695101015,-0.010558416175378107,0.5448145081822632,-0.5448145081822632,0.4911772673539882,-0.3483436012406679
82.51193699765712,88.95594136020567,-20,122.09799999959827,-7.550999999599275,90,90,0,-0.021395040406045007,-0.08700656815434704,-0.004653734688188305,0.12035914513612693,0.4621833071406119,-0.09437002173129395,0.0426977772792187,-0.022515412661977287,0.4920183065487697,-0.4920183065487697,0.46218330714061184,-0.30714498369252496
82.51193699765712,94.5156876924336,-20,122.09799999959827,-7.500999999599275,90,90,0,-0.020892608680613156,-0.08393297723408122,-0.0033842040849966226,0.11077532805310318,0.4413702747489687,-0.06607606245687953,0.016517158867130174,-0.03016838801857453,0.4481985502886289,-0.4481985502886289,0.44137027474896867,-0.27165044038904146
82.51193699765712,100.07543402466153,-20,122.09799999959827,-7.450999999599275,90,90,0,-0.020317793947931345,-0.08101264414552772,-0.0022459572881610157,0.10196899236950031,0.4250050365583506,-0.04599837535462571,-0.00296415227760797,-0.03466498333513349,0.4107139593376571,-0.4107139593376571,0.42500503655835054,-0.24071194471431687
82.51193699765712,105.63518035688946,-20,122.09799999959827,-7.400999999599275,90,90,0,-0.019685690832615482,-0.07821185932166125,-0.001243011361457047,0.09368363620224776,0.41094014675725266,-0.031724360370936275,-0.017110939898301463,-0.0369114806357512,0.37791283770628437,-0.37791283770628437,0.4109401467572526,-0.2135367790033833
82.51193699765712,111.1949266891174,-20,122.09799999959827,-7.350999999599275,90,90,0,-0.019011578725999123,-0.07551149981881689,-0.00036981268820540647,0.08582296944795512,0.3979779197043363,-0.021555258731838393,-0.027116451160524507,-0.03759070244157478,0.3487320719018595,-0.3487320719018595,0.39797791970433627,-0.189540904020125
88.01273280044732,-111.1949266,-20,122.14799999959827,-9.350999999599274,90,90,0,-0.032413802822434876,0.09732403522604516,-0.00979574435002628,0.16165643421110545,0.6003913785542502,0.004413944888638308,0.14038323453782328,-0.08581734640019044,-0.5139239792615025,0.5139239792615025,0.6003913785542503,0.7540805306832026
88.01273280044732,-105.63518026777207,-20,122.14799999959827,-9.300999999599275,90,90,0,-0.034182910149915535,0.10128297627656824,-0.01186184089162784,0.17971234305909295,0.6249068973763566,-0.0024404341786883788,0.14347173394294283,-0.0897795110728744,-0.5588051913750197,0.5588051913750197,0.6249068973763567,0.8087679503255625
88.01273280044732,-100.07543393554414,-20,122.14799999959827,-9.250999999599275,90,90,0,-0.03599645003017751,0.10539649811898921,-0.014234889845044563,0.19972662002490163,0.650223670171172,-0.012654563026543771,0.1441550508280106,-0.09212270848427055,-0.6086674359389538,0.6086674359389538,0.6502236701711721,0.8687569040074226
88.01273280044732,-94.51568760331621,-20,122.14799999959827,-9.200999999599274,90,90,0,-0.03784204034268725,0.10967498062960657,-0.016947083515093664,0.22212125112288345,0.676900541892423,-0.027376632013819145,0.1415959962167914,-0.0918919779849028,-0.6645558044978883,0.6645558044978883,0.6769005418924231,0.9353160212548576
88.01273280044732,-88.95594127108828,-20,122.14799999959827,-9.150999999599275,90,90,0,-0.039705331220459786,0.11413521758519374,-0.020024788463834653,0.24758190214375494,0.705887663366127,-0.047959861272213626,0.13487086795695985,-0.08776565381702903,-0.727951137949864,0.727951137949864,0.7058876633661271,1.0103062032963148
88.01273280044732,-83.39619493886035,-20,122.14799999959827,-9.100999999599274,90,90,0,-0.04157099840353232,0.11880319122145322,-0.0234813733856164,0.27724570484192657,0.7386373546533752,-0.0758240486921158,0.12306726230758354,-0.07794950414590006,-0.8009788591950964,0.8009788591950964,0.7386373546533753,1.0964338010564465
88.01273280044732,-77.83644860663242,-20,122.14799999959827,-9.050999999599275,90,90,0,-0.04342446902336587,0.12371655986220526,-0.027306039580019925,0.31300490005883697,0.7771307889453463,-0.11209811200744021,0.10546326555885446,-0.06005611615451803,-0.8866883736392872,0.8866883736392872,0.7771307889453464,1.1975406892174258
88.01273280044732,-72.27670227440449,-20,122.14799999959827,-9.000999999599275,90,90,0,-0.045254243668377214,0.1289249792529204,-0.03144723953834366,0.3579793931231363,0.8236487133775402,-0.15686384764124492,0.08181279470735764,-0.030972816012148296,-0.9893803093143249,0.9893803093143249,0.8236487133775403,1.318839794665341
88.01273280044732,-66.71695594217655,-20,122.14799999959827,-8.950999999599276,90,90,0,-0.04705376789404277,0.13448416563629045,-0.035789165951762125,0.41721038387982845,0.8799446514337911,-0.20773665251212797,0.052761933678440995,0.013279532112957721,-1.1148736103195864,1.1148736103195864,0.8799446514337912,1.4668514708931029
88.01273280044732,-61.157209609948616,-20,122.14799999959827,-8.900999999599275,90,90,0,-0.048819464241848826,0.14043579156211866,-0.04011959073685345,0.4985740899410318,0.9452127104298101,-0.25746502076321787,0.020469390022471425,0.07768384948966515,-1.2703948134677152,1.2703948134677152,0.9452127104298103,1.6484798976396393
88.01273280044732,-55.59746327772068,-20,122.14799999959827,-8.850999999599274,90,90,0,-0.05053613629587049,0.14675963168899053,-0.044085808986374264,0.6136921997621674,1.0119279401796275,-0.29035565242863587,-0.01022343400005855,0.1682343189923829,-1.4632981746254148,1.4632981746254148,1.0119279401796277,1.8680693506972659
88.01273280044732,-50.03771694549274,-20,122.14799999959827,-8.800999999599275,90,90,0,-0.0521296937494182,0.1532787060166203,-0.04712892572563193,0.7778824566577489,1.0586754803003688,-0.27810036729582227,-0.028787045728800184,0.291082645299831,-1.6968722104551068,1.6968722104551068,1.058675480300369,2.1203424025752544
88.01273280044732,-44.4779706132648,-20,122.14799999959827,-8.750999999599275,90,90,0,-0.05334770484892934,0.15950352742592228,-0.04836922664764293,1.0060481499595266,1.0412747150065367,-0.17843869704610563,-0.010788225697167914,0.4477233131131368,-1.9601628049442203,1.9601628049442203,1.041274715006537,2.376672690946835
88.01273280044732,-38.91822428103686,-20,122.14799999959827,-8.700999999599276,90,90,0,-0.053514052947454635,0.16445956519969102,-0.04639660616189506,1.2964010821928962,0.8934449125581648,0.051550189513268396,0.09943499457072026,0.6164926831675496,-2.2102045263905623,2.2102045263905623,0.893444912558165,2.5675824914138285
88.01273280044732,-33.358477948808925,-20,122.14799999959827,-8.650999999599275,90,90,0,-0.051191329801725444,0.16674436686274485,-0.03902008967556453,1.5899459973594372,0.5703505171448388,0.403617054002442,0.39901787298077973,0.7039407861852326,-2.364513228054929,2.364513228054929,0.5703505171448391,2.5926534349128643
88.01273280044732,-27.798731616580987,-20,122.14799999959827,-8.600999999599274,90,90,0,-0.044246729881614294,0.16530433323863009,-0.02363149105603346,1.7272020489100124,0.14350607436258772,0.7464084233428833,0.942884883539746,0.4946366748824334,-2.375995658559306,2.375995658559306,0.143506074362588,2.433398088304341
88.01273280044732,-22.23898528435305,-20,122.14799999959827,-8.550999999599275,90,90,0,-0.031427094160339605,0.16049310848117693,0.0003560174124780935,1.5375317567071227,-0.2683381838943224,0.9495145522595297,1.5368616238866564,-0.2083536024743127,-2.4025753765517672,2.4025753765517672,-0.2683381838943221,2.2952401029940384
88.01273280044732,-16.67923895212511,-20,122.14799999959827,-8.500999999599275,90,90,0,-0.01471502670534483,0.15264982781217679,0.02823017645462067,1.0882617064341604,-0.8552191793990853,1.2521628337739783,1.8717908486080075,-1.2223785778598157,-2.6907321419913792,2.6907321419913792,-0.855219179399085,2.3486444702317453
88.01273280044732,-11.119492619897173,-20,122.14799999959827,-8.450999999599276,90,90,0,0.001527940691796431,0.13884763488198343,0.05167179408076583,0.6466139342078033,-1.9850729335943424,2.100690891370792,2.024951721744576,-2.0566402452669648,-3.1153682840097874,3.1153682840097874,-1.985072933594342,2.3213391105720507
88.01273280044732,-5.559746287669236,-20,122.14799999959827,-8.400999999599275,90,90,0,0.013861893191521937,0.11373898580424752,0.0640608890447345,0.37723061601399094,-3.658354751412706,3.5701574922062,2.2958855320186142,-2.3265266899525883,-3.1665936387955838,3.1665936387955838,-3.6583547514127055,1.7032517382305015
88.01273280044732,0.00000004455870161734765,-20,122.14799999959827,-8.350999999599274,90,90,0,0.020696531657504916,0.07403740380421298,0.06301116482774405,0.3019283116991997,-5.333462025286018,5.158651288352165,2.6994998356274067,-1.8238505764764548,-2.308809476810477,2.308809476810477,-5.333462025286018,0.17542466669606993
88.01273280044732,5.559746376786639,-20,122.14799999959827,-8.300999999599275,90,90,0,0.02122817787580053,0.023438564076073864,0.051571508068248395,0.42615423993321105,-5.985650963573303,5.851364554463769,2.8693617041468062,-0.6773866643612662,-0.546213920848217,0.5462139208482167,-5.985650963573303,-1.8480464645811043
88.01273280044732,11.119492709014576,-20,122.14799999959827,-8.250999999599275,90,90,0,0.014671391390447236,-0.026325761235899803,0.03818915930367345,0.8275833471776108,-5.01648690569647,5.0329476307932834,2.557903774341172,0.35556939606314963,1.135136043385901,-1.1351360433859012,-5.01648690569647,-3.1417308056644893
88.01273280044732,16.679239041242514,-20,122.14799999959827,-8.200999999599274,90,90,0,0.0009731297894031987,-0.06459021908688128,0.030867174229878613,1.6425053436278714,-3.259722075349766,3.4480768645832858,2.024374971630003,0.4579977008418271,1.8903160099350476,-1.8903160099350478,-3.2597220753497664,-3.1942048400749545
88.01273280044732,22.238985373470452,-20,122.14799999959827,-8.150999999599275,90,90,0,-0.015809333418806498,-0.0905917458744811,0.02928301492013341,2.6433316518950676,-1.8561547975916632,2.1227419929479114,1.3219551358977981,-0.2867652203641524,2.2354277499037685,-2.2354277499037685,-1.8561547975916635,-2.977889668940434
88.01273280044732,27.79873170569839,-20,122.14799999959827,-8.100999999599274,90,90,0,-0.026719760061023196,-0.10714941246372275,0.024982383267897257,2.885135953229888,-0.6917252920795541,1.0234003987505957,0.44285022476460856,-0.7466419310917972,2.712149840493044,-2.712149840493044,-0.6917252920795545,-2.988839957324866
88.01273280044732,33.358478037926325,-20,122.14799999959827,-8.050999999599275,90,90,0,-0.02863115278353709,-0.1136135029643991,0.014646450345977668,2.2408600566211327,0.31806396329303555,0.03285893086093638,0.012713800716794099,-0.5013541091505443,2.757932369459375,-2.757932369459375,0.3180639632930352,-2.630706784142161
88.01273280044732,38.91822437015426,-20,122.14799999959827,-8.000999999599275,90,90,0,-0.026360177938756474,-0.1120989355132086,0.0032934183812459716,1.4740337529253793,0.7987655361888313,-0.5512880909812311,0.052873959312087715,-0.1302937072691275,2.336952997806394,-2.336952997806394,0.798765536188831,-2.0174467833308616
88.01273280044732,44.4779707023822,-20,122.14799999959827,-7.950999999599275,90,90,0,-0.023883281634609344,-0.10708155596497948,-0.005087838121607624,0.93101723142205,0.8545918074520918,-0.7312590739766043,0.20238865725399127,0.07950291505351616,1.824721299159081,-1.824721299159081,0.8545918074520916,-1.4828845761782445
88.01273280044732,50.03771703461014,-20,122.14799999959827,-7.900999999599275,90,90,0,-0.02236316783821876,-0.10155400440649198,-0.00983386401258296,0.6042624796517055,0.7399828368785377,-0.6868279940169821,0.29156507052015407,0.1455961121114054,1.4056731803702782,-1.4056731803702782,0.7399828368785375,-1.1096800456188631
88.01273280044732,55.59746336683808,-20,122.14799999959827,-7.850999999599274,90,90,0,-0.021695121566746606,-0.09667896430975553,-0.011774046916199876,0.4175404463294432,0.6032499196202653,-0.5617833262201757,0.30507909627032104,0.13786011076981108,1.1057448274606896,-1.1057448274606896,0.6032499196202652,-0.8644448596125835
88.01273280044732,61.157209699066016,-20,122.14799999959827,-7.8009999995992745,90,90,0,-0.021513877257362646,-0.09264445925017485,-0.011932975876223995,0.31095303813875236,0.4965575577413194,-0.4293693082605551,0.2721416934238332,0.10367477008685334,0.8996935968249105,-0.8996935968249105,0.49655755774131927,-0.7010705737283828
88.01273280044732,66.71695603129395,-20,122.14799999959827,-7.750999999599275,90,90,0,-0.021522517502328004,-0.0892928631981034,-0.01109852921438892,0.2481339163749261,0.42655517624144534,-0.31676509196631003,0.2203276740647177,0.06605227881216298,0.7574519343099131,-0.7574519343099131,0.42655517624144523,-0.586829863813335
88.01273280044732,72.27670236352188,-20,122.14799999959827,-7.700999999599275,90,90,0,-0.021541343479731245,-0.08640945117964621,-0.009782363728589233,0.20886951702009954,0.385195934229367,-0.22934898269434917,0.16623907056140705,0.0337741482827919,0.6562485382514467,-0.6562485382514467,0.38519593422936693,-0.5021701645596999
88.01273280044732,77.83644869574981,-20,122.14799999959827,-7.650999999599275,90,90,0,-0.021480567173875614,-0.08381867100733031,-0.008288567488250215,0.18231374306893458,0.3626018342006731,-0.16438334381350503,0.11768437133196137,0.00896290593309144,0.581088668303594,-0.581088668303594,0.36260183420067305,-0.4360479346233247
88.01273280044732,83.39619502797774,-20,122.14799999959827,-7.600999999599275,90,90,0,-0.02130597173211543,-0.08140037501274905,-0.006786764435871839,0.1627258444392804,0.35096764294658306,-0.11712292181159854,0.07732199497372517,-0.008887534081416338,0.5226341295774982,-0.5226341295774982,0.350967642946583,-0.382247072398865
88.01273280044732,88.95594136020567,-20,122.14799999959827,-7.550999999599275,90,90,0,-0.02101379714529819,-0.07908048482460445,-0.005365354063205208,0.14708169254225104,0.34503086314357895,-0.08308060757954766,0.0452673609005577,-0.02107429481374517,0.4751825873503015,-0.4751825873503015,0.3450308631435789,-0.33717024209286994
88.01273280044732,94.5156876924336,-20,122.14799999959827,-7.500999999599275,90,90,0,-0.020615198745564778,-0.07681727632182384,-0.004065604983268523,0.13379132150912515,0.34154896550016,-0.05865187322462238,0.020579069151079297,-0.028945095213167522,0.43525362096870907,-0.43525362096870907,0.34154896550015995,-0.2986340347686451
88.01273280044732,100.07543402466153,-20,122.14799999959827,-7.450999999599275,90,90,0,-0.020127421990230293,-0.0745898395209979,-0.002902265993220521,0.1220204130465357,0.3386631070500786,-0.04113247040816233,0.002006898917936683,-0.033649120654438175,0.40069874264296945,-0.40069874264296945,0.33866310705007857,-0.265233499822938
88.01273280044732,105.63518035688946,-20,122.14799999959827,-7.400999999599275,90,90,0,-0.019569103013149042,-0.07238984744033383,-0.0018756692784981377,0.11133209198783199,0.3353927366425994,-0.028557646779502864,-0.0116711149996698,-0.03608869402120534,0.37016522783554423,-0.37016522783554423,0.33539273664259933,-0.2360081331785045
88.01273280044732,111.1949266891174,-20,122.14799999959827,-7.350999999599275,90,90,0,-0.018957942182843746,-0.07021613002423999,-0.0009787166464867991,0.10149732902961685,0.33128709661346933,-0.019520990323234375,-0.02151997910260799,-0.036943204746559495,0.3427784818394308,-0.3427784818394308,0.3312870966134693,-0.21026364319404311
93.51352860323753,-111.1949266,-20,122.19799999959828,-9.350999999599274,90,90,0,-0.03218683637699378,0.09027396245321023,-0.009422187063400811,0.18406201726909996,0.5109678660924146,0.005628255058585855,0.12771998052888395,-0.08509245087055539,-0.500292914186639,0.500292914186639,0.5109678660924147,0.7046800606236049
93.51352860323753,-105.63518026777207,-20,122.19799999959828,-9.300999999599275,90,90,0,-0.033843979202456714,0.0935296130382724,-0.01131943245649919,0.20478463469835972,0.5243847909979722,0.00000920458137555548,0.13041384286794055,-0.08902198931578145,-0.5417450081073072,0.5417450081073072,0.5243847909979723,0.7514989245064961
93.51352860323753,-100.07543393554414,-20,122.19799999959828,-9.250999999599275,90,90,0,-0.03552476148267174,0.09684827720623795,-0.01347990868058635,0.22791633773841488,0.5365679971246378,-0.00834669744967693,0.13113191747238684,-0.09145377503552692,-0.5873157348370147,0.5873157348370147,0.5365679971246379,0.8019429336868699
93.51352860323753,-94.51568760331621,-20,122.19799999959828,-9.200999999599274,90,90,0,-0.037212202293154,0.10022197734233923,-0.015926217632815876,0.2539617225602191,0.5474430751608562,-0.020335776645364224,0.12926967514189142,-0.09152879878264793,-0.6377464285597819,0.6377464285597819,0.5474430751608563,0.8567236586241245
93.51352860323753,-88.95594127108828,-20,122.19799999959828,-9.150999999599275,90,90,0,-0.03888564039074119,0.10364321216644634,-0.01867393289978808,0.2836885435591079,0.5570517546487854,-0.03699430872623607,0.124220104739671,-0.08808043778798454,-0.6940643634774548,0.6940643634774548,0.5570517546487855,0.916885065336969
93.51352860323753,-83.39619493886035,-20,122.19799999959828,-9.100999999599274,90,90,0,-0.040520784022109665,0.10710534214487061,-0.02172498732324296,0.31829512193673104,0.5655437403092893,-0.0593838854506438,0.11549367600495045,-0.07956421090616779,-0.7577021068283174,0.7577021068283174,0.5655437403092894,0.9839196029520332
93.51352860323753,-77.83644860663242,-20,122.19799999959828,-9.050999999599275,90,90,0,-0.042089914330816325,0.11060190112445567,-0.02505769720146883,0.35966927872904964,0.5730575806509013,-0.08831913549758727,0.10292648809914043,-0.06399676205569826,-0.8306308347901852,0.8306308347901852,0.5730575806509014,1.0598538670505457
93.51352860323753,-72.27670227440449,-20,122.19799999959828,-9.000999999599275,90,90,0,-0.04356179422621069,0.11412308284101613,-0.02861235489051417,0.4107668286424772,0.5793530230843648,-0.12382686258460883,0.08701063459626321,-0.03892791247467506,-0.9154527523736322,0.9154527523736322,0.5793530230843649,1.1471939616073783
93.51352860323753,-66.71695594217655,-20,122.19799999959828,-8.950999999599276,90,90,0,-0.04489987734892341,0.11764612655119194,-0.032271348048845516,0.47611120703487775,0.5829626707476396,-0.1641968104302085,0.06938849892637322,-0.0014901519003923047,-1.0153055984218184,1.0153055984218184,0.5829626707476397,1.2484906667208744
93.51352860323753,-61.157209609948616,-20,122.19799999959828,-8.900999999599275,90,90,0,-0.04605531390632098,0.1211142052719344,-0.03583292956143136,0.5623128647089333,0.5795389957040012,-0.20451135431515322,0.05358518836698169,0.05137967088661245,-1.1332443693256105,1.1332443693256105,0.5795389957040014,1.365059967607211
93.51352860323753,-55.59746327772068,-20,122.19799999959828,-8.850999999599274,90,90,0,-0.04694718917927207,0.12439652426959286,-0.03897776077486237,0.6782025309505305,0.5591256988096619,-0.23474220550211763,0.04617174551172485,0.12229567895266949,-1.2704327685403276,1.2704327685403276,0.559125698809662,1.4940830480641925
93.51352860323753,-50.03771694549274,-20,122.19799999959828,-8.800999999599275,90,90,0,-0.04741597929346328,0.12722401900355457,-0.04122659524360339,0.8333884935085986,0.5027263525996917,-0.2381329954476572,0.05882069180684178,0.21161933012269465,-1.4220582650735432,1.4220582650735432,0.5027263525996919,1.62314880611342
93.51352860323753,-44.4779706132648,-20,122.19799999959828,-8.750999999599275,90,90,0,-0.047130856737150825,0.1291100331167146,-0.041887473338729664,1.0323590135093292,0.38085806700860897,-0.19209090379825883,0.11180129164547059,0.31251685252985006,-1.5700699386914658,1.5700699386914658,0.38085806700860914,1.7224131654949095
93.51352860323753,-38.91822428103686,-20,122.19799999959828,-8.700999999599276,90,90,0,-0.04544728654646596,0.12931339113112805,-0.040006784027344755,1.2591001938124,0.1619567226962201,-0.07621151906929731,0.23709189559129598,0.39913571425782096,-1.6755241439080706,1.6755241439080706,0.1619567226962203,1.7403068329865587
93.51352860323753,-33.358477948808925,-20,122.19799999959828,-8.650999999599275,90,90,0,-0.041309510657541584,0.12698689201903923,-0.034424613683100236,1.4511569395066877,-0.1590583750222089,0.10917325731062805,0.46880707480562167,0.40790417305042015,-1.6863785639042923,1.6863785639042923,-0.1590583750222087,1.6227552138954089
93.51352860323753,-27.798731616580987,-20,122.19799999959828,-8.600999999599274,90,90,0,-0.03352853896613109,0.12162633544345941,-0.024238207068754014,1.4918446279563808,-0.5316010685644563,0.3319375487095357,0.7970730615452079,0.240105830748602,-1.5891934888056198,1.5891934888056198,-0.5316010685644561,1.3765530613798374
93.51352860323753,-22.23898528435305,-20,122.19799999959828,-8.550999999599275,90,90,0,-0.02178831546334621,0.1134073599503918,-0.009931178899278914,1.2896667533575248,-0.9036873524694283,0.574987536384186,1.1155561044799365,-0.15046046893258314,-1.4713105743113881,1.4713105743113881,-0.9036873524694281,1.1098356333236168
93.51352860323753,-16.67923895212511,-20,122.19799999959828,-8.500999999599275,90,90,0,-0.0076567724864238795,0.10250950415964544,0.005737697447535051,0.9074490042061252,-1.3354637902168607,0.9042218491500976,1.2988203748198979,-0.6353916373077428,-1.4391129667482379,1.4391129667482379,-1.3354637902168605,0.9049274506614936
93.51352860323753,-11.119492619897173,-20,122.19799999959828,-8.450999999599276,90,90,0,0.0060180735559801635,0.08808770267249127,0.0188056223373102,0.5236834787085682,-1.9195327104702178,1.389465928649166,1.3519096343009642,-0.977286174760238,-1.4412069022971281,1.4412069022971281,-1.9195327104702176,0.6733938181090411
93.51352860323753,-5.559746287669236,-20,122.19799999959828,-8.400999999599275,90,90,0,0.016767573503413236,0.0688479730533727,0.026376445179900565,0.26622879640768,-2.587334394266494,1.957416525263048,1.362756579853726,-1.0224699176225664,-1.30501676733706,1.30501676733706,-2.587334394266494,0.2700830096304625
93.51352860323753,0.00000004455870161734765,-20,122.19799999959828,-8.350999999599274,90,90,0,0.0231665507656975,0.04470684774170913,0.027795897621050558,0.1726862215108893,-3.1128696410332166,2.3962734998958735,1.364650871030307,-0.7686534525049004,-0.9270670876273052,0.927067087627305,-3.1128696410332166,-0.3180807687859817
93.51352860323753,5.559746376786639,-20,122.19799999959828,-8.300999999599275,90,90,0,0.024465039049427886,0.017635514897027416,0.024492808908609276,0.25684823809286855,-3.2660723721418448,2.4823373336644643,1.3269405775218284,-0.3426127824507724,-0.37729785886972456,0.3772978588697245,-3.2660723721418448,-0.9291310899870135
93.51352860323753,11.119492709014576,-20,122.19799999959828,-8.250999999599275,90,90,0,0.020308727527417594,-0.00904836789061736,0.019098064015507843,0.555762353272991,-2.9850477325970144,2.1334322027549373,1.2283225530084543,0.039659028049767724,0.15408438387374557,-0.15408438387374562,-2.9850477325970144,-1.3481034769125513
93.51352860323753,16.679239041242514,-20,122.19799999959828,-8.200999999599274,90,90,0,0.01125006257042005,-0.03255502372965158,0.013956618169142176,1.088504842354144,-2.444254359465384,1.4827519362299784,1.07347887653863,0.17651406250585905,0.5602542171818513,-0.5602542171818513,-2.444254359465384,-1.537955960968005
93.51352860323753,22.238985373470452,-20,122.19799999959828,-8.150999999599275,90,90,0,-0.000060643904817581085,-0.05186823720997341,0.009519206841165584,1.6735487673709262,-1.8545805453000113,0.7661989453883759,0.8370324155256185,0.0675891444596865,0.951225582808901,-0.9512255828089009,-1.8545805453000115,-1.6930578009289055
93.51352860323753,27.79873170569839,-20,122.19799999959828,-8.100999999599274,90,90,0,-0.009345172554685921,-0.06654579002386604,0.004453925106235546,1.9047405870216234,-1.2229838098231334,0.13503226803245777,0.5497946849576465,-0.03370059761059094,1.3641536411240605,-1.3641536411240602,-1.2229838098231336,-1.8533471650533138
93.51352860323753,33.358478037926325,-20,122.19799999959828,-8.050999999599275,90,90,0,-0.014391897163578776,-0.07576888999788586,-0.0016831340085125546,1.6651322740561998,-0.5977390992477305,-0.3292445146849481,0.3648574250552417,0.021912036180746677,1.5744868081369674,-1.5744868081369674,-0.5977390992477307,-1.8135824478360596
93.51352860323753,38.91822437015426,-20,122.19799999959828,-8.000999999599275,90,90,0,-0.016372381366326544,-0.07995905433724812,-0.007477054802934313,1.2400075911686133,-0.15458534407179927,-0.5713669643493082,0.3234961915608335,0.1298499187784441,1.5066352748689695,-1.5066352748689695,-0.15458534407179947,-1.5684694124976892
93.51352860323753,44.4779707023822,-20,122.19799999959828,-7.950999999599275,90,90,0,-0.017176012282869774,-0.08091027857112248,-0.011558578449044954,0.8680639407038905,0.06739398433449507,-0.6205758429246561,0.33770914113603584,0.18845783817812586,1.2995223326980654,-1.2995223326980654,0.06739398433449492,-1.2725647389642674
93.51352860323753,50.03771703461014,-20,122.19799999959828,-7.900999999599275,90,90,0,-0.017791449040503338,-0.08033873799204008,-0.013621098727993941,0.6106557369725765,0.14885946004604608,-0.5582967255923975,0.33872702088796447,0.18791222733434249,1.080431897304829,-1.080431897304829,0.14885946004604594,-1.0208881132864107
93.51352860323753,55.59746336683808,-20,122.19799999959828,-7.850999999599274,90,90,0,-0.018459083967021728,-0.07923602006255315,-0.014052750889129717,0.44790066619968316,0.17070056914814666,-0.4551855019439601,0.31095631181842837,0.15430342327989252,0.900256716601281,-0.900256716601281,0.17070056914814655,-0.8319764889420225
93.51352860323753,61.157209699066016,-20,122.19799999959828,-7.8009999995992745,90,90,0,-0.019128141748020744,-0.0780105385506861,-0.013410290020292315,0.3470886009789581,0.17694249857050479,-0.3511919837902317,0.26390674404105974,0.11088314165601701,0.764862185657027,-0.764862185657027,0.1769424985705047,-0.6940851862288251
93.51352860323753,66.71695603129395,-20,122.19799999959828,-7.750999999599275,90,90,0,-0.019702528602354108,-0.07677158783708851,-0.012163984322623833,0.2832804110513394,0.18403185164990304,-0.26252555644303327,0.2103480186505208,0.07017943926792262,0.6651550103524112,-0.6651550103524112,0.18403185164990296,-0.59154226969245
93.51352860323753,72.27670236352188,-20,122.19799999959828,-7.700999999599275,90,90,0,-0.020118193893300246,-0.07551622170081407,-0.010640189275769485,0.2408334907709199,0.19520138754666777,-0.19268627953710515,0.1589627016779004,0.036898363230905284,0.5905100254761118,-0.5905100254761118,0.1952013875466677,-0.5124294704574447
93.51352860323753,77.83644869574981,-20,122.19799999959828,-7.650999999599275,90,90,0,-0.020350255656112176,-0.07421646122323355,-0.00904208432218595,0.21066965280539385,0.20911520207837306,-0.13989441535185357,0.11401402401347308,0.011699735986659897,0.5326559226631556,-0.5326559226631556,0.209115202078373,-0.4490098418318064
93.51352860323753,83.39619502797774,-20,122.19799999959828,-7.600999999599275,90,90,0,-0.02040127217020951,-0.07285035954776409,-0.007486288366759408,0.18769037057383114,0.2236465423627696,-0.10084897891117256,0.07682601908824209,-0.0064009471723275955,0.4859696687638476,-0.4859696687638476,0.22364654236276954,-0.3965110518187398
93.51352860323753,88.95594136020567,-20,122.19799999959828,-7.550999999599275,90,90,0,-0.02028891439344155,-0.0714086031550294,-0.00603401853798613,0.16906603630949005,0.23712591331169952,-0.0722922650567252,0.04715875320902508,-0.01883234514337889,0.446842000454416,-0.446842000454416,0.23712591331169947,-0.35199163512973625
93.51352860323753,94.5156876924336,-20,122.19799999959828,-7.500999999599275,90,90,0,-0.020037314941716705,-0.06989263658163852,-0.004712942616283744,0.15322770408331096,0.2485530184913569,-0.05151664292735904,0.02409650406064241,-0.026962179191907146,0.4130075621900953,-0.4130075621900953,0.24855301849135683,-0.31358635479355257
93.51352860323753,100.07543402466153,-20,122.19799999959828,-7.450999999599275,90,90,0,-0.019671926833072534,-0.06831094768096652,-0.003531254434058273,0.1393000372537135,0.25747541998605356,-0.03643261369571737,0.006532803655685555,-0.03193016842124907,0.383048050885047,-0.383048050885047,0.2574754199860535,-0.2800578828906256
93.51352860323753,105.63518035688946,-20,122.19799999959828,-7.400999999599275,90,90,0,-0.019216817379170054,-0.06667578113594291,-0.0024863424379255594,0.12678819650217213,0.2638091002302313,-0.025485525658872302,-0.006597377294259353,-0.03462586869845627,0.35606547145859035,-0.35606547145859035,0.26380910023023124,-0.2505418313664979
93.51352860323753,111.1949266891174,-20,122.19799999959828,-7.350999999599275,90,90,0,-0.018693444876978438,-0.06500079388030522,-0.0015699825015342839,0.11540587555109308,0.2676880828628109,-0.017539700439520193,-0.016224601860346993,-0.03571938949074953,0.3314784112035672,-0.3314784112035672,0.26768808286281087,-0.22440317805844284
99.01432440602774,-111.1949266,-20,122.24799999959828,-9.350999999599274,90,90,0,-0.03166887590186081,0.08339609563555511,-0.009066430645770063,0.2032583649235749,0.4267162893595507,0.006653822492819157,0.11532955121888834,-0.08362552963867215,-0.4804470586035175,0.4804470586035175,0.42671628935955075,0.6511335743473379
99.01432440602774,-105.63518026777207,-20,122.24799999959828,-9.300999999599275,90,90,0,-0.03318220857381403,0.08599543927702397,-0.010803469355750328,0.22591262918480917,0.43037111867523387,0.0021538481935146274,0.11759104073323771,-0.08749521978621316,-0.5174828565379166,0.5174828565379166,0.4303711186752339,0.6896313040080102
99.01432440602774,-100.07543393554414,-20,122.24799999959828,-9.250999999599275,90,90,0,-0.03469393080997399,0.08857867292849825,-0.012763800597468844,0.25120031429276635,0.43119692948523947,-0.004526003601027019,0.11824033981932779,-0.09002067545240491,-0.557568813054775,0.557568813054775,0.4311969294852395,0.7300475848488708
99.01432440602774,-94.51568760331621,-20,122.24799999959828,-9.200999999599274,90,90,0,-0.036181689925203944,0.09112375940850886,-0.014961959262823121,0.27961694363438927,0.4286823225560697,-0.014063652867984784,0.11685812757362306,-0.09045944511838637,-0.6010917526024634,0.6010917526024634,0.42868232255606975,0.7725646816248913
99.01432440602774,-88.95594127108828,-20,122.24799999959828,-9.150999999599275,90,90,0,-0.037617626997489495,0.09360518020217312,-0.01740484632522382,0.3118749835608126,0.42226675006634024,-0.027224343895072535,0.11307593745662244,-0.08782854123667662,-0.6485648624083086,0.6485648624083086,0.4222667500663403,0.8174715624348448
99.01432440602774,-83.39619493886035,-20,122.24799999959828,-9.100999999599274,90,90,0,-0.03896753668316817,0.0959930368365548,-0.02008590840688257,0.3490244267845371,0.41128231085930156,-0.0447678652706948,0.10669710598776379,-0.08086987275932332,-0.7006631102472294,0.7006631102472294,0.41128231085930167,0.86517603459095
99.01432440602774,-77.83644860663242,-20,122.24799999959828,-9.050999999599275,90,90,0,-0.04018973108060854,0.0982509561085036,-0.022976692212641092,0.3926244809531522,0.39480082422228313,-0.0672468579361945,0.09789505855566338,-0.0680439184859696,-0.7582305994084412,0.7582305994084412,0.39480082422228324,0.9161509290973545
99.01432440602774,-72.27670227440449,-20,122.24799999959828,-9.000999999599275,90,90,0,-0.04123303605228504,0.10033154180880954,-0.0260151296484315,0.4449618270846313,0.37130342043703707,-0.09463317631199007,0.08751423777494574,-0.04758670125595938,-0.8221948550243724,0.8221948550243724,0.3713034204370372,0.9707162231991873
99.01432440602774,-66.71695594217655,-20,122.24799999959828,-8.950999999599276,90,90,0,-0.04203257864748809,0.10216736770713158,-0.029090138881879557,0.5092625714893153,0.3380643939722211,-0.12570865078483137,0.0774964017147555,-0.017691866408964613,-0.8932515250795161,0.8932515250795161,0.3380643939722212,1.0284772826684045
99.01432440602774,-61.157209609948616,-20,122.24799999959828,-8.900999999599275,90,90,0,-0.04250062893665467,0.10365491072971866,-0.03202271774446841,0.5897184993866925,0.2901722346102485,-0.15720631855660952,0.07144824290680521,0.0230696901131163,-0.9710698620798086,0.9710698620798086,0.2901722346102486,1.087138755923908
99.01432440602774,-55.59746327772068,-20,122.24799999959828,-8.850999999599274,90,90,0,-0.04250773961705283,0.104629500608581,-0.0345448539387016,0.6908623265348782,0.21932757210988696,-0.18285376131660674,0.07535090428901477,0.07487431551768974,-1.0526496113934527,1.0526496113934527,0.2193275721098871,1.1403806402374075
99.01432440602774,-50.03771694549274,-20,122.24799999959828,-8.800999999599275,90,90,0,-0.04184799255534835,0.10483404151152603,-0.036279844377954396,0.8152868377720145,0.113209204621177,-0.19283949690044652,0.09832594633740062,0.13488682146605457,-1.1295344861792023,1.1295344861792023,0.11320920462117715,1.174818168027673
99.01432440602774,-44.4779706132648,-20,122.24799999959828,-8.750999999599275,90,90,0,-0.04018645040021697,0.10389769257975162,-0.03673334161167896,0.95803944208179,-0.04248809908465931,-0.1747995869787406,0.15291549632261833,0.1939467082201172,-1.1845047236423183,1.1845047236423183,-0.04248809908465916,1.1675094840084546
99.01432440602774,-38.91822428103686,-20,122.24799999959828,-8.700999999599276,90,90,0,-0.03701061964443114,0.101365245749796,-0.035320748617252595,1.0965474204970131,-0.25609358710514524,-0.11768013064191638,0.25276856753407406,0.231566097381253,-1.1913949804991533,1.1913949804991533,-0.25609358710514507,1.0889575456570952
99.01432440602774,-33.358477948808925,-20,122.24799999959828,-8.650999999599275,90,90,0,-0.031669075003611366,0.09683219998603948,-0.0314924916735983,1.1808522160223007,-0.5164791195464797,-0.017822631427504197,0.4030544507799034,0.21319481084689124,-1.126508099493264,1.126508099493264,-0.5164791195464796,0.9199164516746721
99.01432440602774,-27.798731616580987,-20,122.24799999959828,-8.600999999599274,90,90,0,-0.02364609979681523,0.09016529251957706,-0.025043585879009067,1.143472543667249,-0.7896430662874633,0.11956369910533217,0.5822696437509266,0.10309502125375325,-0.9960359905603946,0.9960359905603947,-0.7896430662874632,0.6801787640454094
99.01432440602774,-22.23898528435305,-20,122.24799999959828,-8.550999999599275,90,90,0,-0.0130946907593045,0.08157764912365145,-0.01655834443742299,0.9489954159078444,-1.0487739504895395,0.2912239468687429,0.7358901444486352,-0.09642844445675641,-0.8517520381912551,0.8517520381912552,-1.0487739504895395,0.4322424579954394
99.01432440602774,-16.67923895212511,-20,122.24799999959828,-8.500999999599275,90,90,0,-0.0011934303349938752,0.07131879677755809,-0.0075724805562073505,0.6455137639797978,-1.3086470123626728,0.5027763547995218,0.8128252806626225,-0.3142348189656121,-0.7474319437333353,0.7474319437333353,-1.3086470123626728,0.2239731387882662
99.01432440602774,-11.119492619897173,-20,122.24799999959828,-8.450999999599276,90,90,0,0.010220619918028404,0.05932024390006885,-0.000019985108014597408,0.3381961157912716,-1.592716273566978,0.7447244727976037,0.8116634789007838,-0.4473293486291442,-0.6751978177332846,0.6751978177332846,-1.592716273566978,0.03811130830649334
99.01432440602774,-5.559746287669236,-20,122.24799999959828,-8.400999999599275,90,90,0,0.01943753525323892,0.04538951077520459,0.00467885641635335,0.11299772293434068,-1.8713832131381165,0.9654480929631715,0.7694143981638039,-0.4339040653269876,-0.5802516994367967,0.5802516994367967,-1.8713832131381165,-0.16830158581845
99.01432440602774,0.00000004455870161734765,-20,122.24799999959828,-8.350999999599274,90,90,0,0.025295748394786183,0.029740980651456583,0.00612663326357088,0.009381381772736244,-2.067754135662864,1.0859999844414365,0.7191812573479552,-0.28253519560079887,-0.4285379530289185,0.42853795302891845,-2.067754135662864,-0.39856370123622714
99.01432440602774,5.559746376786639,-20,122.24799999959828,-8.300999999599275,90,90,0,0.027147078839465655,0.013205676490092966,0.004870106716749367,0.044399207548819764,-2.116290249744351,1.0432200670828742,0.67507812143952,-0.0562508873901879,-0.23636635315016807,0.23636635315016805,-2.116290249744351,-0.6101497467475725
99.01432440602774,11.119492709014576,-20,122.24799999959828,-8.250999999599275,90,90,0,0.0248157030312567,-0.0030772449397702406,0.0019787992945508592,0.23033335461767815,-2.010789915518027,0.8263940426104619,0.6392000983107241,0.15664068644327941,-0.04087826948576819,0.040878269485768164,-2.010789915518027,-0.7634376967214428
99.01432440602774,16.679239041242514,-20,122.24799999959828,-8.200999999599274,90,90,0,0.01885035134844662,-0.018183782327032605,-0.001511112259462155,0.5484428562585343,-1.8023368663289943,0.48736545948319826,0.6030642888639488,0.2820469122961046,0.15427487661403733,-0.15427487661403733,-1.8023368663289943,-0.875209623145635
99.01432440602774,22.238985373470452,-20,122.24799999959828,-8.150999999599275,90,90,0,0.010847143420632338,-0.03159938951847305,-0.005055753792912399,0.8904798268880577,-1.5375703485835672,0.11596411497223326,0.5492919032625001,0.30894646813729304,0.3846966715387791,-0.3846966715387791,-1.5375703485835672,-0.9997248109722061
99.01432440602774,27.79873170569839,-20,122.24799999959828,-8.100999999599274,90,90,0,0.0030240280914568263,-0.04286928465629897,-0.0085658959883122,1.0836313930265775,-1.2196492067628746,-0.2030171867162076,0.4790607469590383,0.29462364119019835,0.6376914266153977,-0.6376914266153976,-1.2196492067628746,-1.1255511093205475
99.01432440602774,33.358478037926325,-20,122.24799999959828,-8.050999999599275,90,90,0,-0.0031118781719855215,-0.05147258624603254,-0.011864852390541802,1.054449290881473,-0.8740557946887604,-0.4158003287304375,0.42174312364807615,0.28775694620018993,0.821015256379993,-0.8210152563799928,-0.8740557946887605,-1.170637574255497
99.01432440602774,38.91822437015426,-20,122.24799999959828,-8.000999999599275,90,90,0,-0.007430682602865363,-0.057330744077635,-0.014470841302440807,0.8868413446778379,-0.5717364309346342,-0.5080508450616594,0.3906657923365374,0.2823982445605078,0.8785451830144331,-0.8785451830144331,-0.5717364309346343,-1.107239755388287
99.01432440602774,44.4779707023822,-20,122.24799999959828,-7.950999999599275,90,90,0,-0.01050887545479054,-0.060982883353564304,-0.015975217337775238,0.6954409412198113,-0.3551683217323304,-0.5033002807051556,0.3691006058396509,0.25912835876747453,0.8405714710252319,-0.8405714710252319,-0.35516832173233054,-0.9826387997181641
99.01432440602774,50.03771703461014,-20,122.24799999959828,-7.900999999599275,90,90,0,-0.01286314690045548,-0.06316664884911943,-0.016325511768200462,0.5384382426514175,-0.2150990605550299,-0.44258526891133626,0.3391435262946454,0.21671649211449878,0.7630969998004804,-0.7630969998004804,-0.21509906055502998,-0.8491366240224925
99.01432440602774,55.59746336683808,-20,122.24799999959828,-7.850999999599274,90,90,0,-0.014751547400846637,-0.06445417598663175,-0.01574711790030925,0.42575240785533097,-0.12326576033221141,-0.3617047909707396,0.2967334030044988,0.16564808993032745,0.6825606822458423,-0.6825606822458423,-0.1232657603322115,-0.7318669863787269
99.01432440602774,61.157209699066016,-20,122.24799999959828,-7.8009999995992745,90,90,0,-0.016266303229802187,-0.0651801858164553,-0.014553247995102103,0.34840168766909957,-0.05697861606547391,-0.2823817618656906,0.2468722740960135,0.11607748912397298,0.6129764957518682,-0.6129764957518682,-0.05697861606547398,-0.6357679421780578
99.01432440602774,66.71695603129395,-20,122.24799999959828,-7.750999999599275,90,90,0,-0.017439395358048337,-0.06551272163702582,-0.013022753906777984,0.2949296301708047,-0.0038790130025843587,-0.21422801962248536,0.19617351567453703,0.07361325271378145,0.5562836372347317,-0.5562836372347317,-0.0038790130025844268,-0.5578352424357655
99.01432440602774,72.27670236352188,-20,122.24799999959828,-7.700999999599275,90,90,0,-0.018294362601281228,-0.06553339385080437,-0.01135965008997275,0.2565292242014232,0.041298435486847196,-0.15961285598340916,0.14937004041755633,0.03998262170404073,0.5102026823888967,-0.5102026823888967,0.04129843548684713,-0.4936833081941578
99.01432440602774,77.83644869574981,-20,122.24799999959828,-7.650999999599275,90,90,0,-0.018861151686323768,-0.06528761662940824,-0.009696311678880992,0.22745203660831262,0.08036473358960143,-0.11752994188183058,0.10883456904326445,0.014741603855126175,0.4718518825109463,-0.4718518825109463,0.08036473358960138,-0.4397059890751057
99.01432440602774,83.39619502797774,-20,122.24799999959828,-7.600999999599275,90,90,0,-0.01917588542955187,-0.06480857833468673,-0.008110666299715491,0.20420528741187322,0.11385434770964489,-0.08582318996241806,0.07521199014115228,-0.0034321856802891062,0.438909193424919,-0.438909193424919,0.11385434770964484,-0.3933674543410611
99.01432440602774,88.95594136020567,-20,122.24799999959828,-7.550999999599275,90,90,0,-0.01927698906616554,-0.0641263106423644,-0.006643660204408153,0.1847334295245415,0.1420093673377179,-0.062235744014499474,0.04815856175650179,-0.016029748354617214,0.4097690871417913,-0.4097690871417913,0.14200936733771785,-0.3529653402067041
99.01432440602774,94.5156876924336,-20,122.24799999959828,-7.500999999599275,90,90,0,-0.019201783173396908,-0.06327001670589133,-0.005312796246133011,0.16783941928952473,0.16511975069534582,-0.04481009835533935,0.02687885561243732,-0.024398734950494654,0.3833978346157264,-0.3833978346157264,0.16511975069534576,-0.31734993433758807
99.01432440602774,100.07543402466153,-20,122.24799999959828,-7.450999999599275,90,90,0,-0.01898440793817538,-0.06226794809066205,-0.004121489879352791,0.1528234626164401,0.1835864563008685,-0.03198319446727203,0.010445414671555592,-0.0296445679379289,0.35915188321787966,-0.35915188321787966,0.18358645630086845,-0.28571730069753226
99.01432440602774,105.63518035688946,-20,122.24799999959828,-7.400999999599275,90,90,0,-0.018654882112506127,-0.06114670570126557,-0.003065149188810512,0.1392695725736866,0.1978909540472097,-0.022558695215818755,-0.0020364745746605643,-0.032628489311260764,0.33663426814709785,-0.33663426814709785,0.19789095404720966,-0.25747788652821396
99.01432440602774,111.1949266891174,-20,122.24799999959828,-7.350999999599275,90,90,0,-0.01823890302844372,-0.05993064068933174,-0.0021349756212894477,0.12692266246244788,0.2085476030592626,-0.01564151968564442,-0.01135738108859918,-0.03400174055047686,0.3155970395186597,-0.3155970395186597,0.20854760305926257,-0.23217799829495467
104.51512020881795,-111.1949266,-20,122.29799999959828,-9.350999999599274,90,90,0,-0.030893871346915666,0.07676169248120102,-0.00873372604055861,0.21865580430613052,0.34893852489124033,0.0074557540553224725,0.10333469938649802,-0.08146732645514435,-0.4555044453240457,0.4555044453240457,0.3489385248912404,0.5950798552805419
104.51512020881795,-105.63518026777207,-20,122.29799999959828,-9.300999999599275,90,90,0,-0.03223933627086899,0.07876277915760693,-0.01032154994203116,0.24239825646881086,0.3444122213405574,0.003935201541723902,0.10512887849689027,-0.08523430799992943,-0.48746773738339966,0.48746773738339966,0.34441222134055743,0.6252326259196226
104.51512020881795,-100.07543393554414,-20,122.29799999959828,-9.250999999599275,90,90,0,-0.03355579550822348,0.08068319344951919,-0.012097247172807524,0.26875830517242844,0.33595050080683525,-0.00128581641489598,0.10560290000235187,-0.08782232034727885,-0.5213333002742736,0.5213333002742736,0.3359505008068353,0.6557135005970077
104.51512020881795,-94.51568760331621,-20,122.29799999959828,-9.200999999599274,90,90,0,-0.034815652270422784,0.0824915373820519,-0.01406898203712137,0.29813828155443206,0.3228049358058811,-0.00870490681854017,0.10447370981080244,-0.08861005304214392,-0.5571431706373473,0.5571431706373473,0.32280493580588115,0.6862651449596998
104.51512020881795,-88.95594127108828,-20,122.29799999959828,-9.150999999599275,90,90,0,-0.0359843026866561,0.08415093629857223,-0.016237264316165123,0.3310782717917053,0.30411230183052995,-0.018867882363968448,0.10153423227057627,-0.08679937944915765,-0.5949304705369972,0.5949304705369972,0.30411230183053,0.7165753912692092
104.51512020881795,-83.39619493886035,-20,122.29799999959828,-9.100999999599274,90,90,0,-0.037018705004978336,0.08561780834084237,-0.018590082859224755,0.3683179457603561,0.2788385211293206,-0.03229564365163752,0.0967594881283796,-0.08140873585392862,-0.6346971543064831,0.6346971543064831,0.27883852112932067,0.7462325627582114
104.51512020881795,-77.83644860663242,-20,122.29799999959828,-9.050999999599275,90,90,0,-0.03786546778560182,0.08683976057719289,-0.0210961670544908,0.41086891214238613,0.24566568668563385,-0.04933866539867921,0.09046957885079783,-0.07130366281055119,-0.6763474328075112,0.6763474328075112,0.24566568668563393,0.7746137074817647
104.51512020881795,-72.27670227440449,-20,122.29799999959828,-9.000999999599275,90,90,0,-0.03845798842744688,0.0877519515411207,-0.023696130670817328,0.4600699692006788,0.202790039874771,-0.0699262956672019,0.08355981211390043,-0.05529894920236959,-0.7195246915470856,0.7195246915470856,0.2027900398747711,0.8006407074969941
104.51512020881795,-66.71695594217655,-20,122.29799999959828,-8.950999999599276,90,90,0,-0.03871174240114568,0.08827110150698297,-0.026291633878312903,0.5175467700495456,0.14761324150504557,-0.09318776811468175,0.07779453714429325,-0.03238656615457936,-0.7632631745812125,0.7632631745812125,0.14761324150504565,0.8223084711832308
104.51512020881795,-61.157209609948616,-20,122.29799999959828,-8.900999999599275,90,90,0,-0.038516259220642446,0.08828662104788876,-0.028733512685591156,0.5848940415221208,0.07638241591007906,-0.11696599289639216,0.07612974728081034,-0.0021703397524062483,-0.8053336285108978,0.8053336285108978,0.07638241591007916,0.8358865948749296
104.51512020881795,-55.59746327772068,-20,122.29799999959828,-8.850999999599274,90,90,0,-0.037722054701194344,0.0876498777232862,-0.03081134112810474,0.6627237764509792,-0.01596982488385433,-0.13735106939807518,0.08296316805766113,0.034381718329025195,-0.8411976725371214,0.8411976725371214,-0.015969824883854226,0.8348097425835798
104.51512020881795,-50.03771694549274,-20,122.29799999959828,-8.800999999599275,90,90,0,-0.0361222899819405,0.08616670997115372,-0.03224958556213381,0.7485275843546582,-0.1351689666911226,-0.1485392809615234,0.10406672233336725,0.07375650392147444,-0.8627559550052794,0.8627559550052794,-0.1351689666911225,0.8086883683288304
104.51512020881795,-44.4779706132648,-20,122.29799999959828,-8.750999999599275,90,90,0,-0.03343562641419259,0.08360564218912359,-0.03272025772709042,0.8329042449998533,-0.28514751165051366,-0.143496915306052,0.14565592166001468,0.10835357949855745,-0.8578691636677965,0.8578691636677965,-0.28514751165051355,0.7438101590075911
104.51512020881795,-38.91822428103686,-20,122.29799999959828,-8.700999999599276,90,90,0,-0.029313363853056842,0.0797409417171484,-0.03188946690723682,0.8950230408740772,-0.46333007253483494,-0.11577773187538136,0.21162637712726567,0.12541987619556375,-0.8130036437347247,0.8130036437347247,-0.4633300725348348,0.6276716147207907
104.51512020881795,-33.358477948808925,-20,122.29799999959828,-8.650999999599275,90,90,0,-0.023417543776055164,0.0744398033743296,-0.029521099930011896,0.901901599973517,-0.6562219727513964,-0.06193151359574017,0.2982607991128378,0.10911541461510386,-0.7217020995903386,0.7217020995903386,-0.6562219727513963,0.4592133104897801
104.51512020881795,-27.798731616580987,-20,122.29799999959828,-8.600999999599274,90,90,0,-0.015613028896181783,0.0677538379547245,-0.02564318144579758,0.8199580849557446,-0.8426123221530898,0.017388272772075875,0.3889190867431266,0.04966199554100219,-0.5962798327223792,0.5962798327223792,-0.8426123221530897,0.2592349038611433
104.51512020881795,-22.23898528435305,-20,122.29799999959828,-8.550999999599275,90,90,0,-0.006220266659272888,0.059913156625858666,-0.020707356612861494,0.6403694418751044,-1.0081507302423813,0.11842113055017327,0.456971733566076,-0.0419244830309527,-0.46871891598213117,0.46871891598213117,-1.0081507302423813,0.06545862388517859
104.51512020881795,-16.67923895212511,-20,122.29799999959828,-8.500999999599275,90,90,0,0.0038799009145976115,0.05117536694826408,-0.015579271840716835,0.3969484044236016,-1.1559122002590512,0.23351017893937034,0.481928809865869,-0.12845226756991163,-0.36920928557490634,0.3692092855749063,-1.1559122002590512,-0.09315559452871419
104.51512020881795,-11.119492619897173,-20,122.29799999959828,-8.450999999599276,90,90,0,0.013458437513493765,0.041680714437646926,-0.01126249455779127,0.15109316456221095,-1.2934746467283322,0.3456928216256189,0.4649192794762083,-0.16444876137730857,-0.3020127210928841,0.302012721092884,-1.2934746467283322,-0.2153771375984489
104.51512020881795,-5.559746287669236,-20,122.29799999959828,-8.400999999599275,90,90,0,0.02132109429877957,0.03150026644013165,-0.008508748665562671,-0.041767166924359944,-1.4120237346620261,0.4264302208714784,0.4255486385943334,-0.12392836490396797,-0.24950484316969126,0.24950484316969124,-1.4120237346620261,-0.31530465069511926
104.51512020881795,0.00000004455870161734765,-20,122.29799999959828,-8.350999999599274,90,90,0,0.026567691480379685,0.02080426164281096,-0.0075776263102932395,-0.14833619471094556,-1.487517533474846,0.44454313671279805,0.3865822080276332,-0.013154266567341534,-0.19560206094334057,0.19560206094334054,-1.487517533474846,-0.3994049524465979
104.51512020881795,5.559746376786639,-20,122.29799999959828,-8.300999999599275,90,90,0,0.028664641714579345,0.009928818594664046,-0.008243367336123408,-0.15214794586001323,-1.5009760905795797,0.3813157167330411,0.3632710644802062,0.1353196533853468,-0.1370671284334546,0.13706712843345456,-1.5009760905795797,-0.4633233077983774
104.51512020881795,11.119492709014576,-20,122.29799999959828,-8.250999999599275,90,90,0,0.027485417108809404,-0.000730201827271626,-0.00997564060776207,-0.04918110127536547,-1.4537877887361779,0.2414028643931377,0.360169035176912,0.2774536922024171,-0.07359122069320982,0.0735912206932098,-1.4537877887361779,-0.5079238948012614
104.51512020881795,16.679239041242514,-20,122.29799999959828,-8.200999999599274,90,90,0,0.023421354972417707,-0.010867295661668941,-0.0121833375673156,0.1405193179613539,-1.3624662262489422,0.05371495006130138,0.3709566932685385,0.3760508559384418,0.006586734144540226,-0.0065867341445402395,-1.3624662262489422,-0.5515732246441172
104.51512020881795,22.238985373470452,-20,122.29799999959828,-8.150999999599275,90,90,0,0.017440688988344083,-0.020280759714468688,-0.014407597459576926,0.3572342413648376,-1.238022006692565,-0.13850741993420754,0.38266335631441784,0.41767039969698705,0.12010939874762237,-0.12010939874762237,-1.238022006692565,-0.6153182014246483
104.51512020881795,27.79873170569839,-20,122.29799999959828,-8.100999999599274,90,90,0,0.010833061372064495,-0.02874406715742439,-0.016359962127094396,0.5198674537574846,-1.079182385384832,-0.29403539592027106,0.38595962327219174,0.41436373070375565,0.2595026386577997,-0.25950263865779966,-1.079182385384832,-0.6911755928117325
104.51512020881795,33.358478037926325,-20,122.29799999959828,-8.050999999599275,90,90,0,0.0046647809479956615,-0.03597765468855488,-0.017829853038975052,0.5822771131249417,-0.8932421791484976,-0.3878088767079109,0.38026368325838933,0.3851929016808103,0.38667631848661466,-0.3866763184866146,-0.8932421791484976,-0.7439731901460136
104.51512020881795,38.91822437015426,-20,122.29799999959828,-8.000999999599275,90,90,0,-0.000571920989643343,-0.04182028530220572,-0.018636809524241738,0.5599113224217506,-0.7057553493727923,-0.41661427356482084,0.36683039647170257,0.34075008115075334,0.4684032434724193,-0.46840324347241924,-0.7057553493727924,-0.7507053832215362
104.51512020881795,44.4779707023822,-20,122.29799999959828,-7.950999999599275,90,90,0,-0.004846551768290963,-0.04634522579013736,-0.018692853645122187,0.497042198118683,-0.5408918898648524,-0.3948994568566901,0.3439678232278653,0.28590534580495697,0.5015348778847445,-0.5015348778847445,-0.5408918898648525,-0.7178916338306855
104.51512020881795,50.03771703461014,-20,122.29799999959828,-7.900999999599275,90,90,0,-0.008300565467068671,-0.04977891729597331,-0.018051785207123805,0.4283590397833609,-0.4066341817819979,-0.34413635539242615,0.3105335480105908,0.22632732268890646,0.5022012240206459,-0.5022012240206459,-0.40663418178199795,-0.6648548967334451
104.51512020881795,55.59746336683808,-20,122.29799999959828,-7.850999999599274,90,90,0,-0.01107509242543711,-0.052363203124422775,-0.016873529179999402,0.3691880193811549,-0.29899463815533894,-0.2831546455656826,0.26883332507192276,0.16853083881962597,0.4872587089013866,-0.4872587089013866,-0.298994638155339,-0.6068565641635222
104.51512020881795,61.157209699066016,-20,122.29799999959828,-7.8009999995992745,90,90,0,-0.013273130134616479,-0.05428510802833497,-0.015351419843467051,0.32233675490468394,-0.21101956777984524,-0.22405179714776294,0.22340679236922983,0.11741744339648386,0.46695888599627067,-0.46695888599627067,-0.2110195677798453,-0.5513667131082087
104.51512020881795,66.71695603129395,-20,122.29799999959828,-7.750999999599275,90,90,0,-0.0149722565267153,-0.05567207205450894,-0.013658239541895045,0.28575363639769935,-0.1373210002523611,-0.17266090429546782,0.17869683089199992,0.07528742030114172,0.44580221625540684,-0.44580221625540684,-0.13732100025236116,-0.5007306163563513
104.51512020881795,72.27670236352188,-20,122.29799999959828,-7.700999999599275,90,90,0,-0.016239183217430064,-0.05661105147721829,-0.01192419032916675,0.25655523727158497,-0.07468459598335056,-0.13068376021777944,0.137780740142662,0.04234349208074661,0.4251925958586878,-0.4251925958586878,-0.07468459598335062,-0.45506643425202803
104.51512020881795,77.83644869574981,-20,122.29799999959828,-7.650999999599275,90,90,0,-0.017135950737020705,-0.05716667018493565,-0.010236282013268844,0.23240112362915422,-0.021326771930608102,-0.09766755467929408,0.10222342273087366,0.017609879042301053,0.405310522287105,-0.405310522287105,-0.02132677193060815,-0.4138412310593483
104.51512020881795,83.39619502797774,-20,122.29799999959828,-7.600999999599275,90,90,0,-0.01772071469780645,-0.05739214758004291,-0.008646686781076912,0.21169573988316678,0.02385066466306767,-0.0722950442112444,0.07244820970100527,-0.0003360699540658271,0.38601572603171475,-0.38601572603171475,0.023850664663067622,-0.3764754601664877
104.51512020881795,88.95594136020567,-20,122.29799999959828,-7.550999999599275,90,90,0,-0.018046756725263208,-0.05733439312503458,-0.007182645402108445,0.1934333578549906,0.061692952311570425,-0.053072453856769466,0.048185942351322245,-0.012937767454839693,0.3671742497374126,-0.3671742497374126,0.06169295231157038,-0.3424970688127844
104.51512020881795,94.5156876924336,-20,122.29799999959828,-7.500999999599275,90,90,0,-0.018161534814060354,-0.05703587010498251,-0.005854883695616764,0.1770015020457768,0.09297564664167765,-0.038635104329035455,0.028825756606496142,-0.02146545506220452,0.34873190961403305,-0.34873190961403305,0.09297564664167761,-0.311541650957362
104.51512020881795,100.07543402466153,-20,122.29799999959828,-7.450999999599275,90,90,0,-0.018106292439445476,-0.0565350671840697,-0.0046638406566557045,0.16202939587290255,0.11845485270214469,-0.027848963371606104,0.01364017688247318,-0.026957420405866864,0.3307016983395876,-0.3307016983395876,0.11845485270214465,-0.28331975725872977
104.51512020881795,105.63518035688946,-20,122.29799999959828,-7.400999999599275,90,90,0,-0.01791618842426454,-0.05586654149974496,-0.003603942780333713,0.14828824013936243,0.1388635903421595,-0.01981739865161588,0.0019107489867177686,-0.03022672603227762,0.3131340491772724,-0.3131340491772724,0.13886359034215948,-0.2575886130404086
104.51512020881795,111.1949266891174,-20,122.29799999959828,-7.350999999599275,90,90,0,-0.01762076228715448,-0.055060938398331705,-0.0026663991417105737,0.13563032522156768,0.1548943100496778,-0.013851051402664263,-0.007011646697060563,-0.03189343726187828,0.2960922176193973,-0.2960922176193973,0.15489431004967777,-0.2341344935995262
110.01591601160816,-111.1949266,-20,122.34799999959827,-9.350999999599274,90,90,0,-0.02990076885471364,0.07042873695123841,-0.008427535772975892,0.22993023838372645,0.27852969396452876,0.00801794749584508,0.09185297359377219,-0.07868429997909042,-0.42670823561987925,0.42670823561987925,0.2785296939645288,0.5381201132056908
110.01591601160816,-105.63518026777207,-20,122.34799999959827,-9.300999999599275,90,90,0,-0.031062784028259807,0.07189680439108587,-0.009878583017935538,0.25390232512175875,0.26750359811463303,0.005326374242878337,0.09315785223135568,-0.08229407152480075,-0.4532855591285886,0.4532855591285886,0.2675035981146331,0.5602869983744418
110.01591601160816,-100.07543393554414,-20,122.34799999959827,-9.250999999599275,90,90,0,-0.03216853851099462,0.07323488959949886,-0.011486902716215053,0.2802604520608669,0.2519110637237876,0.001332419100426192,0.09336716736036997,-0.08488419388510426,-0.48065437451910553,0.48065437451910553,0.25191106372378763,0.5814188000086206
110.01591601160816,-94.51568760331621,-20,122.34799999959827,-9.200999999599274,90,90,0,-0.03318607599826774,0.0744066964537698,-0.013255945927538593,0.30925447683367807,0.2309382719025408,-0.004319475340053673,0.09229097490257668,-0.0859464240361246,-0.5085680700738683,0.5085680700738683,0.23093827190254085,0.6009433788348846
110.01591601160816,-88.95594127108828,-20,122.34799999959827,-9.150999999599275,90,90,0,-0.034075541671318085,0.0753700763563721,-0.015181961095913687,0.3411803062998744,0.2036627544252507,-0.012006589125583705,0.08981951086907232,-0.0848487592974381,-0.5366795830493026,0.5366795830493026,0.20366275442525075,0.618144684819403
110.01591601160816,-83.39619493886035,-20,122.34799999959827,-9.100999999599274,90,90,0,-0.034787556259115726,0.07607609559488093,-0.017250131772999888,0.3763874990948233,0.16902640414114678,-0.022072082623935476,0.0860067383254391,-0.08084600782428311,-0.564493586223365,0.564493586223365,0.16902640414114684,0.6321041478798237
110.01591601160816,-77.83644860663242,-20,122.34799999959827,-9.050999999599275,90,90,0,-0.035261179038236654,0.07646771591184565,-0.019429514170275275,0.41526926728536995,0.12578930706575994,-0.034722883406493606,0.08118932261216781,-0.07312691293113484,-0.5912801313435018,0.5912801313435018,0.12578930706576003,0.6415958541698058
110.01591601160816,-72.27670227440449,-20,122.34799999959827,-9.000999999599275,90,90,0,-0.03542122738676512,0.07647790806424026,-0.021666822311570688,0.45820082017701286,0.07246392219178957,-0.04986613092600547,0.07613911411278734,-0.06092408058754103,-0.6159209945948965,0.6159209945948965,0.07246392219178964,0.6449065634716123
110.01591601160816,-66.71695594217655,-20,122.34799999959827,-8.950999999599276,90,90,0,-0.03517461496348061,0.0760271539371466,-0.02387953241414642,0.5053553465288069,0.007253530810769236,-0.06688012148638127,0.07222962582610473,-0.043721627638724746,-0.6366531321071972,0.6366531321071972,0.007253530810769314,0.639554544431505
110.01591601160816,-61.157209609948616,-20,122.34799999959827,-8.900999999599275,90,90,0,-0.034405413675824975,0.07502082584399894,-0.02594956101238699,0.556270373603186,-0.07192179618535093,-0.08434710739421385,0.07156316297977874,-0.021598546579588946,-0.6506905834299148,0.6506905834299148,-0.07192179618535084,0.6219218649557745
110.01591601160816,-55.59746327772068,-20,122.34799999959827,-8.850999999599274,90,90,0,-0.03296897798432552,0.0733482200741652,-0.027720055811518207,0.608979933431236,-0.16712373525435384,-0.09983523069365187,0.07694803210711033,0.004271724785743681,-0.6537931574744115,0.6537931574744115,-0.16712373525435376,0.58694366337267
110.01591601160816,-50.03771694549274,-20,122.34799999959827,-8.800999999599275,90,90,0,-0.03068762206130654,0.07088727483682322,-0.02899971459290629,0.6585576312990374,-0.2795225456154238,-0.10989634133260812,0.09153191217631836,0.03101976486879422,-0.6400800898559441,0.6400800898559441,-0.2795225456154237,0.5282710716097746
110.01591601160816,-44.4779706132648,-20,122.34799999959827,-8.750999999599275,90,90,0,-0.027355260949226592,0.06752137350352216,-0.029581310710553643,0.6952573302104206,-0.4077348221491625,-0.11049059026231844,0.1178176034217014,0.05363623081773256,-0.6027851108298808,0.6027851108298808,-0.40773482214916246,0.43969118197021584
110.01591601160816,-38.91822428103686,-20,122.34799999959827,-8.700999999599276,90,90,0,-0.022765944383153422,0.06317356668566204,-0.0292824323689283,0.7034122651083492,-0.5458100634468035,-0.09794260335351127,0.1558608615779407,0.06535399614229695,-0.5369295091532207,0.5369295091532207,-0.5458100634468034,0.3186054837744993
110.01591601160816,-33.358477948808925,-20,122.34799999959827,-8.650999999599275,90,90,0,-0.01678491515694945,0.05785259024931222,-0.028012606755273395,0.6636986580097182,-0.6826918253164455,-0.07020246065697684,0.2010525234513473,0.059946458577033346,-0.4440791534866773,0.44407915348667737,-0.6826918253164455,0.1710024233600992
110.01591601160816,-27.798731616580987,-20,122.34799999959827,-8.600999999599274,90,90,0,-0.009464023582350031,0.05168302972674449,-0.025854378269006384,0.5613206110407677,-0.8056678700802624,-0.027881177975195705,0.24327172729107482,0.036485424231096096,-0.3364107798786368,0.3364107798786369,-0.8056678700802624,0.01414363184653189
110.01591601160816,-22.23898528435305,-20,122.34799999959827,-8.550999999599275,90,90,0,-0.0011543706030296835,0.0448809053635309,-0.023115502564660273,0.39781126779661924,-0.9071205663892157,0.025151937460691394,0.2700588171062723,0.004291771646977181,-0.23440067436502354,0.23440067436502354,-0.9071205663892157,-0.12844755219066273
110.01591601160816,-16.67923895212511,-20,122.34799999959827,-8.500999999599275,90,90,0,0.007474850349448128,0.03767331470484936,-0.020292711323390833,0.1967261946410055,-0.9879020560052277,0.0811459519933705,0.27371485743953317,-0.017406095336946058,-0.15632517742190932,0.1563251774219093,-0.9879020560052277,-0.2388356449801818
110.01591601160816,-11.119492619897173,-20,122.34799999959827,-8.450999999599276,90,90,0,0.015560952983328755,0.030227279028011422,-0.01792945388447198,-0.004406387990924104,-1.0521122231717968,0.12804323590638897,0.25686629441479114,-0.00801753387391995,-0.1082521972462177,0.10825219724621768,-1.0521122231717968,-0.31259269202250106
110.01591601160816,-5.559746287669236,-20,122.34799999959827,-8.400999999599275,90,90,0,0.02224885609140692,0.022651413114960883,-0.016434172016706106,-0.16927863962647277,-1.0993677232811445,0.15115804211273298,0.23114084181208308,0.04308276900780492,-0.0845692936446995,0.08456929364469948,-1.0993677232811445,-0.3551777956677583
110.01591601160816,0.00000004455870161734765,-20,122.34799999959827,-8.350999999599274,90,90,0,0.026853930872910436,0.015046360215578702,-0.015959332031737716,-0.2721023016310224,-1.124407519255039,0.13798413635071627,0.2106507056764352,0.13079401269824695,-0.07604417679186573,0.0760441767918657,-1.124407519255039,-0.3737188309101499
110.01591601160816,5.559746376786639,-20,122.34799999959827,-8.300999999599275,90,90,0,0.028949586033384656,0.007528890184733239,-0.01639010233582172,-0.29852258192304665,-1.123542032350356,0.0839797214440741,0.20570316883064801,0.23648175287774617,-0.07458330156137073,0.0745833015613707,-1.123542032350356,-0.3748335113787717
110.01591601160816,11.119492709014576,-20,122.34799999959827,-8.250999999599275,90,90,0,0.028423382755879134,0.00020373038925736164,-0.017424097271958594,-0.24584951097177785,-1.09923839297105,-0.0040668909548411125,0.21933116194753427,0.3353104905626239,-0.07098900749109399,0.07098900749109396,-1.09923839297105,-0.3687063496973261
110.01591601160816,16.679239041242514,-20,122.34799999959827,-8.200999999599274,90,90,0,0.025528768994113937,-0.006868774114676235,-0.018691961313723415,-0.1277479342447769,-1.0570602305915382,-0.10905348996397275,0.24672679732284092,0.40551093382249603,-0.05226276150213709,0.052262761502137066,-1.0570602305915382,-0.3705613307344783
110.01591601160816,22.238985373470452,-20,122.34799999959827,-8.150999999599275,90,90,0,0.02087878389000125,-0.013650346265905944,-0.019863874552423,0.022420976546617954,-0.9985223202211764,-0.20885523834512232,0.2778859645351367,0.43617548208250395,-0.006834894302962488,0.006834894302962472,-0.9985223202211764,-0.3925740337855081
110.01591601160816,27.79873170569839,-20,122.34799999959827,-8.100999999599274,90,90,0,0.01529937685199187,-0.020061291930592307,-0.02070200683959983,0.16151214636122976,-0.920080788170291,-0.28384064364613526,0.30273599316623634,0.42915337761712385,0.06444084593982298,-0.06444084593982298,-0.920080788170291,-0.4324731612079394
110.01591601160816,33.358478037926325,-20,122.34799999959827,-8.050999999599275,90,90,0,0.0095714518077967,-0.025961201872048145,-0.021061189624097643,0.25840714179443,-0.8210269209896437,-0.3231742964019972,0.31508362953740576,0.39400716333152297,0.1458760721368601,-0.1458760721368601,-0.8210269209896437,-0.4742868405327176
110.01591601160816,38.91822437015426,-20,122.34799999959827,-8.000999999599275,90,90,0,0.004229087547216959,-0.031209693907375158,-0.02087695545951279,0.30717491292975413,-0.7087945044257576,-0.32692093667202915,0.3128541938911122,0.34156251426377404,0.21868786438074247,-0.21868786438074247,-0.7087945044257576,-0.5022056661510456
110.01591601160816,44.4779707023822,-20,122.34799999959827,-7.950999999599275,90,90,0,-0.0004696885538563733,-0.03573502596174091,-0.02016263620186559,0.3201294637178085,-0.5945385940561899,-0.3034180414687136,0.29671682601555316,0.2810635500445877,0.272892722680784,-0.272892722680784,-0.5945385940561899,-0.5107081603032599
110.01591601160816,50.03771703461014,-20,122.34799999959827,-7.900999999599275,90,90,0,-0.004454548334613673,-0.03954406957092729,-0.019000280056646612,0.313237260369571,-0.48654202817305936,-0.2641647791083718,0.2693066109148882,0.21988033351626068,0.30831728944568926,-0.30831728944568926,-0.4865420281730594,-0.5029341007149131
110.01591601160816,55.59746336683808,-20,122.34799999959827,-7.850999999599274,90,90,0,-0.0077473198865483095,-0.042689628058037915,-0.017513632928882084,0.29784426525442637,-0.38844162643002783,-0.21940670327084083,0.23457875816879806,0.16336060938268585,0.3292524291586493,-0.3292524291586493,-0.3884416264300279,-0.48462907973066044
110.01591601160816,61.157209699066016,-20,122.34799999959827,-7.8009999995992745,90,90,0,-0.01040615087967997,-0.04523795145026671,-0.0158345433345623,0.27983125686354526,-0.30092215141755657,-0.17609338340032696,0.19676554514773092,0.1146252622691036,0.34014765248262935,-0.34014765248262935,-0.3009221514175566,-0.460516513049652
110.01591601160816,66.71695603129395,-20,122.34799999959827,-7.750999999599275,90,90,0,-0.012501548888948638,-0.047253200875464973,-0.01407825235253024,0.2616019123264447,-0.2235712906417567,-0.13787622504253788,0.15940660736014609,0.07479389123539197,0.3441634160429162,-0.3441634160429162,-0.22357129064175676,-0.43359193229961895
110.01591601160816,72.27670236352188,-20,122.34799999959827,-7.700999999599275,90,90,0,-0.014106819938829701,-0.048794108164506356,-0.012332487168340373,0.24393111948109397,-0.15576619428950172,-0.10602860676152576,0.12489526245621664,0.043582835771402734,0.34328336099179835,-0.34328336099179835,-0.15576619428950178,-0.40558983870759907
110.01591601160816,77.83644869574981,-20,122.34799999959827,-7.650999999599275,90,90,0,-0.015293373834403962,-0.049914906398772885,-0.010656940055051883,0.2269959838483301,-0.09688588757254063,-0.08044573038927623,0.09450834407790983,0.019950622003444236,0.33877084598076956,-0.33877084598076956,-0.09688588757254067,-0.3775252010097858
110.01591601160816,83.39619502797774,-20,122.34799999959827,-7.600999999599275,90,90,0,-0.016127834585282858,-0.050666439199317626,-0.00908787777124942,0.21081216382686535,-0.046293664443466415,-0.06038158684604681,0.06867484730473547,0.002584494640569358,0.3315098371092067,-0.3315098371092067,-0.046293664443466456,-0.35002730288659323
110.01591601160816,88.95594136020567,-20,122.34799999959827,-7.550999999599275,90,90,0,-0.01667030521138632,-0.05109648350037316,-0.007644107439906039,0.1953767996083906,-0.0033045443325882503,-0.04489098145147846,0.04728237551148009,-0.009809970330351277,0.3221828803643607,-0.3221828803643607,-0.0033045443325882898,-0.323504698097396
110.01591601160816,94.5156876924336,-20,122.34799999959827,-7.500999999599275,90,90,0,-0.01697358943981775,-0.05124952911472641,-0.00633240810058594,0.18069800062064745,0.03281288955916457,-0.033054619071506225,0.02992609403508286,-0.018371544256410247,0.3113474393740596,-0.3113474393740596,0.03281288955916453,-0.2982222835503938
110.01591601160816,100.07543402466153,-20,122.34799999959827,-7.450999999599275,90,90,0,-0.017083143283588897,-0.051166414331727805,-0.0051517928267890145,0.16679097278992186,0.0628108695447546,-0.024072861454217286,0.016078731503977678,-0.024039715633097147,0.29946569088324443,-0.29946569088324443,0.06281086954475455,-0.27434134306534264
110.01591601160816,105.63518035688946,-20,122.34799999959827,-7.400999999599275,90,90,0,-0.017037501959740464,-0.050884060012699905,-0.00409658586050593,0.15366943168310412,0.08743102455773089,-0.017290019213375158,0.00519310014444479,-0.02755957298124375,0.28691778333299794,-0.28691778333299794,0.08743102455773084,-0.2519453735099056
110.01591601160816,111.1949266891174,-20,122.34799999959827,-7.350999999599275,90,90,0,-0.016868962272918453,-0.05043538537401382,-0.003158526352147084,0.14133989611169076,0.10737797669950272,-0.01218651775744358,-0.003243162965365972,-0.029507188783125277,0.2740110400362597,-0.2740110400362597,0.10737797669950269,-0.23105984935645862
