Lon,Lat,z,strike,dip,rake
127.04122498741523,-0.4500919854429412,-10.0,303.0,90.0,0.0
126.75565725176972,-1.0519910735768283,-10.0,303.0,90.0,0.0
128.3796667048194,-1.848463455620436,-10.0,303.0,90.0,0.0
128.90155892496955,-1.8737339628780016,-24.0,303.0,90.0,0.0
128.19198447291487,-0.8410370004611887,-10.0,303.0,90.0,0.0
127.7538951658848,-1.818198315383165,-0.0,303.0,90.0,0.0
127.73431824480733,-0.1051937135733762,-0.0,303.0,90.0,0.0
128.20986440409166,-1.808509985043936,-25.0,303.0,90.0,0.0
128.5581587796653,-1.6345126027169732,-9.1,303.0,90.0,0.0
128.91524264660373,-1.9010023233274504,-40.0,303.0,90.0,0.0
127.3600533657724,-0.918346912127799,-0.0,303.0,90.0,0.0
128.1859915562249,-1.6133375148397078,-0.0,303.0,90.0,0.0
128.9154420810971,-1.2628454336959307,-0.0,303.0,90.0,0.0
127.5159725103726,-0.6489601247260368,-19.3,303.0,90.0,0.0
126.97170589611656,-0.2021803232233404,-0.0,303.0,90.0,0.0
127.41718685635082,-0.6230904411739628,-10.0,303.0,90.0,0.0
127.39870862169396,-0.6236896174684705,-10.0,303.0,90.0,0.0
127.40080627728848,-0.6099058677489406,-10.0,303.0,90.0,0.0
127.51207635092358,-0.9165484849289915,-12.0,303.0,90.0,0.0
126.54180687861766,-1.6287193674496865,-10.0,303.0,90.0,0.0
128.39364957819365,-1.6955414481742013,-0.0,303.0,90.0,0.0
128.31464207644984,-1.8797266241383637,-10.0,303.0,90.0,0.0
127.04122498741523,-0.4500919854429412,-47.0,303.0,90.0,0.0
127.9202010745038,-0.6398709706813155,-10.0,303.0,90.0,0.0
127.82631054910496,-0.1162807208099794,-0.0,303.0,90.0,0.0
127.72422973417495,-0.3527056254915439,-0.0,303.0,90.0,0.0
127.34457203863728,-1.9146863600504425,-35.0,303.0,90.0,0.0
127.29033483998036,-1.8240921619622728,-35.0,303.0,90.0,0.0
127.3338843261713,-1.953141440733031,-35.0,303.0,90.0,0.0
127.32739192489436,-1.959334426301751,-35.0,303.0,90.0,0.0
127.1992408892564,-1.9797109118914344,-0.0,303.0,90.0,0.0
127.23090425931406,-2.070005072674708,-0.0,303.0,90.0,0.0
127.33458324525162,-2.0057800214365824,-35.0,303.0,90.0,0.0
127.3203003217838,-1.9264722565780907,-35.0,303.0,90.0,0.0
127.28913643631309,-1.9632295213736937,-35.0,303.0,90.0,0.0
126.53781100192197,-1.7491789554736936,-0.0,303.0,90.0,0.0
127.68048081349068,-0.520010558951816,-10.0,303.0,90.0,0.0
127.7304220853583,-0.510022191307691,-10.0,303.0,90.0,0.0
127.37563530850774,-1.9750163162166252,-35.0,303.0,90.0,0.0
127.15748990691996,-0.3641914847142961,-9.8,303.0,90.0,0.0
126.95132944035852,-0.529998926595941,-10.0,303.0,90.0,0.0
128.27159207484587,-1.9413555442053827,-34.0,303.0,90.0,0.0
128.14993344048483,-0.8496266912079395,-15.0,303.0,90.0,0.0
126.99128281719403,-1.1492777205316886,-17.0,303.0,90.0,0.0
126.75156255618091,-0.9894638382256892,-19.0,303.0,90.0,0.0
127.9245958201862,-0.6668392938258676,-2.6,303.0,90.0,0.0
127.90931392754446,-1.890114742083921,-0.0,303.0,90.0,0.0
128.14993344048483,-0.779708117699065,-10.0,303.0,90.0,0.0
126.72069872080382,-1.6957408741672757,-0.0,303.0,90.0,0.0
127.21072723804936,-1.004945403832205,-10.0,303.0,90.0,0.0
126.83736250929526,-0.2374391981250316,-10.0,303.0,90.0,0.0
127.93498438091216,-0.4327122796410809,-0.0,303.0,90.0,0.0
126.7983074860334,-0.3281340075250226,-0.0,303.0,90.0,0.0
128.09000337523153,-1.1193126175993136,-10.0,303.0,90.0,0.0
127.5178698331202,-0.9802740728691464,-31.0,303.0,90.0,0.0
127.3508641070673,-1.1392893528875634,-10.0,303.0,90.0,0.0
127.24159197178004,-1.0450991987170637,-10.0,303.0,90.0,0.0
128.84941938190715,-1.989699279535559,-0.0,303.0,90.0,0.0
127.3408762120352,-0.1004991178985676,-10.0,303.0,90.0,0.0
127.32089952361744,-0.1204758531868175,-10.0,303.0,90.0,0.0
128.00010872652842,-0.7097895441901902,-10.0,303.0,90.0,0.0
128.5967134199866,-0.3778764197525729,-0.0,303.0,90.0,0.0
126.96041898181694,-0.6200936613861401,-0.0,303.0,90.0,0.0
127.34686912872516,-1.0435010958266149,-3.8,303.0,90.0,0.0
129.3585262339968,-1.1093242499551883,-22.0,303.0,90.0,0.0
127.29812626052484,-0.9990524555683808,-50.0,303.0,90.0,0.0
127.50428582873268,-0.9917608304071828,-31.0,303.0,90.0,0.0
127.52066640779503,-1.95833549970581,-10.0,303.0,90.0,0.0
128.6786181120055,-1.2470638307845188,-35.0,303.0,90.0,0.0
128.1418428682003,-0.7585330298217996,-30.7,303.0,90.0,0.0
128.88907270864908,-1.0593824117345636,-10.0,303.0,90.0,0.0
127.88704014903882,-1.6492952790324442,-0.0,303.0,90.0,0.0
127.47921457719865,-0.6653409039319562,-14.4,303.0,90.0,0.0
128.9290260854846,-1.848463455620436,-10.0,303.0,90.0,0.0
127.51067851276294,-0.6598477059695654,-10.0,303.0,90.0,0.0
127.56061978463056,-0.7896964853431899,-12.0,303.0,90.0,0.0
127.7758697926504,-0.6037128821802207,-0.0,303.0,90.0,0.0
127.9202010745038,-0.6598477059695654,-10.0,303.0,90.0,0.0
128.4495846651048,-0.9894638382256892,-10.0,303.0,90.0,0.0
129.36372051435976,-1.8020178604856043,-0.0,303.0,90.0,0.0
126.82317930307411,-0.4849511100431993,-35.0,303.0,90.0,0.0
127.50068971937728,-0.6198942353930655,-10.0,303.0,90.0,0.0
127.49070182434518,-0.5799407648165658,-10.0,303.0,90.0,0.0
127.91021317947173,-0.9495103676491892,-10.0,303.0,90.0,0.0
127.23100397656071,-1.019428941158064,-10.0,303.0,90.0,0.0
128.45747580289594,-1.1412872060794452,-0.0,303.0,90.0,0.0
127.13801270308916,-0.9265368525731166,-8.0,303.0,90.0,0.0
127.07119046921864,-1.508858955720187,-10.0,303.0,90.0,0.0
126.73158586776316,-1.019428941158064,-12.0,303.0,90.0,0.0
127.46323376547656,-1.1870339119232318,-0.0,303.0,90.0,0.0
126.74157376279526,-0.6099058677489406,-10.0,303.0,90.0,0.0
126.83636354012134,-0.6558519995858018,-10.0,303.0,90.0,0.0
127.47651771977046,-1.5770797133420755,-0.0,303.0,90.0,0.0
127.84798512577696,-0.6326790585166546,-9.7,303.0,90.0,0.0
127.84029432083275,-0.5899291324606907,-10.0,303.0,90.0,0.0
127.60926383393776,-2.0412392206466325,-0.0,303.0,90.0,0.0
127.5089806245087,-0.9054614776923884,-10.0,303.0,90.0,0.0
127.290934041814,-1.0693707793786889,-11.0,303.0,90.0,0.0
127.7626846572496,-1.381307168528056,-0.0,303.0,90.0,0.0
127.33258530690377,-1.4204620368169736,-24.2,303.0,90.0,0.0
127.32379581553896,-1.5541061982660032,-10.0,303.0,90.0,0.0
127.29732672584429,-1.450427139749349,-25.0,303.0,90.0,0.0
127.93018986788948,-0.8995685294285645,-10.0,303.0,90.0,0.0
127.49070182434518,-1.229184661684688,-10.0,303.0,90.0,0.0
127.35495970100966,-1.474798433407511,-10.0,303.0,90.0,0.0
128.21365994794044,-0.5035300667493592,-0.0,303.0,90.0,0.0
128.2201523492174,-1.9480470947567892,-0.0,303.0,90.0,0.0
126.80639805831792,-1.1827390665498565,-10.0,303.0,90.0,0.0
126.72189712447113,-1.395690992857378,-0.0,303.0,90.0,0.0
126.8449535969928,-0.9683884633449612,-11.9,303.0,90.0,0.0
128.44648804033633,-1.9881011766451104,-0.0,303.0,90.0,0.0
127.974838040501,-1.9753154552062373,-33.0,303.0,90.0,0.0
127.64052743665516,-1.9283703967734351,-23.0,303.0,90.0,0.0
126.86612868907784,-0.3476112795153021,-0.0,303.0,90.0,0.0
127.83639905973732,-1.2073097862010935,-19.0,303.0,90.0,0.0
128.79398377958296,-1.0084416469179982,-10.0,303.0,90.0,0.0
127.72472921876194,-0.5725494266588304,-14.6,303.0,90.0,0.0
128.83803275036087,-0.9922602937051532,-10.0,303.0,90.0,0.0
128.86909602023132,-0.9594987352933142,-10.0,303.0,90.0,0.0
128.69929371950357,-0.9594987352933142,-30.0,303.0,90.0,0.0
127.0112595056118,-1.249161396972938,-10.0,303.0,90.0,0.0
127.9202010745038,-0.7397546471225651,-10.0,303.0,90.0,0.0
127.94567209337814,-0.582438081306418,-35.0,303.0,90.0,0.0
129.38529537378508,-0.1836022648324646,-23.5,303.0,90.0,0.0
126.95132944035852,-1.2191962940405632,-14.0,303.0,90.0,0.0
127.510478179916,-0.5888304928682125,-9.4,303.0,90.0,0.0
127.22101518317508,-0.9195452647168144,-10.0,303.0,90.0,0.0
128.00300501844993,-1.1202118311987173,-19.0,303.0,90.0,0.0
127.73911185947644,-2.080492903616803,-0.0,303.0,90.0,0.0
126.6217136322887,-0.74974301476669,-16.0,303.0,90.0,0.0
127.78036425557949,-0.9694871029374392,-10.0,303.0,90.0,0.0
127.21102728814296,-0.7097895441901902,-18.0,303.0,90.0,0.0
127.1874544903698,-1.0921439701464029,-10.0,303.0,90.0,0.0
127.63113784510314,-0.134060176913273,-0.0,303.0,90.0,0.0
127.79035215061155,-0.5799407648165658,-10.0,303.0,90.0,0.0
127.76038756716171,-0.3901617795781915,-10.0,303.0,90.0,0.0
128.60200741759627,-1.7493783814667685,-0.0,303.0,90.0,0.0
127.46073634254176,-0.5599640295283158,-11.0,303.0,90.0,0.0
127.58599018790464,-0.975280338204726,-50.0,303.0,90.0,0.0
129.15875934981918,-1.1193126175993136,-13.0,303.0,90.0,0.0
126.83736250929526,-1.0038467642397266,-7.5,303.0,90.0,0.0
128.93332111392033,-1.7663592352824795,-18.5,303.0,90.0,0.0
126.9613182337442,-0.2403362649163171,-12.0,303.0,90.0,0.0
126.99967343957216,-1.0154332347743005,-10.0,303.0,90.0,0.0
126.78152713963078,-0.6598477059695654,-11.0,303.0,90.0,0.0
127.9921178714906,-1.284320558878092,-0.0,303.0,90.0,0.0
127.5244619516438,-1.2682389186617842,-25.0,303.0,90.0,0.0
126.74417090297676,-1.6999360065441145,-0.0,303.0,90.0,0.0
127.21102728814296,-1.1592660881758134,-10.0,303.0,90.0,0.0
128.6599395445017,-1.1177145147088647,-35.0,303.0,90.0,0.0
126.56767676647873,-1.666175521536334,-0.0,303.0,90.0,0.0
129.25314935980498,-0.2538208756462352,-0.0,303.0,90.0,0.0
126.93994280881222,-1.1024323750954237,-10.0,303.0,90.0,0.0
128.31254442085532,-1.9616314184832448,-34.0,303.0,90.0,0.0
128.8833798420527,-1.784437830375385,-24.0,303.0,90.0,0.0
127.86027100925052,-0.7197779118343152,-10.0,303.0,90.0,0.0
126.89139937510524,-0.8696034264961896,-24.0,303.0,90.0,0.0
127.1610851179218,-1.019428941158064,-10.0,303.0,90.0,0.0
126.85144599826972,-1.029417308802189,-10.0,303.0,90.0,0.0
127.63243686437067,-1.7949256613174804,-0.0,303.0,90.0,0.0
127.42078296570624,-0.9195452647168144,-11.0,303.0,90.0,0.0
128.90095882478235,-1.050792720987813,-13.5,303.0,90.0,0.0
128.75472932182777,-1.174947978090688,-13.0,303.0,90.0,0.0
128.83913143678146,-0.979475470581564,-10.0,303.0,90.0,0.0
128.84911933181357,-1.029417308802189,-16.0,303.0,90.0,0.0
128.86909602023132,-0.979475470581564,-10.0,303.0,90.0,0.0
127.50068971937728,-0.9195452647168144,-13.0,303.0,90.0,0.0
127.61056195485172,-1.95833549970581,-37.0,303.0,90.0,0.0
128.87908481361697,-1.019428941158064,-23.0,303.0,90.0,0.0
128.89906150203475,-1.039405676446314,-10.0,303.0,90.0,0.0
127.2333010666486,-1.2419694848082772,-0.0,303.0,90.0,0.0
127.98912096396882,-0.8198610142686393,-0.0,303.0,90.0,0.0
128.51231220338647,-1.0125370662982989,-17.0,303.0,90.0,0.0
127.46253394804268,-0.982871102355536,-31.0,303.0,90.0,0.0
129.43843298766782,-0.0905107502544427,-10.0,303.0,90.0,0.0
128.56295239433442,-1.8628463816344736,-19.8,303.0,90.0,0.0
127.4495491454888,-0.936325794224167,-11.5,303.0,90.0,0.0
127.81312631205776,-0.6635433750484331,-14.0,303.0,90.0,0.0
127.64052743665516,-0.529998926595941,-10.0,303.0,90.0,0.0
128.0204842839329,-1.9114901542695453,-35.0,303.0,90.0,0.0
128.3941490627806,-2.00707898533742,-34.0,303.0,90.0,0.0
128.3558935741993,-1.9474479184622815,-25.5,303.0,90.0,0.0
128.21236092867292,-2.047831058201502,-33.0,303.0,90.0,0.0
126.6317015273208,-0.0905107502544427,-12.0,303.0,90.0,0.0
127.86027100925052,-0.6698360736136904,-13.0,303.0,90.0,0.0
126.7229958108917,-0.5699523971724407,-35.0,303.0,90.0,0.0
127.35046523808056,-0.4398035804939204,-0.0,303.0,90.0,0.0
127.49959103295669,-0.607608875567447,-10.2,303.0,90.0,0.0
127.35006547074028,-1.073265874450631,-10.0,303.0,90.0,0.0
127.2245115752838,-1.168056103230923,-10.0,303.0,90.0,0.0
127.26546392129325,-1.2188962567356674,-0.0,303.0,90.0,0.0
127.27954741026772,-1.100834272204975,-10.0,303.0,90.0,0.0
127.46343319996993,-1.100534234900079,-10.0,303.0,90.0,0.0
127.87994854592824,-0.8254548235428516,-0.0,303.0,90.0,0.0
129.02841094134,-1.939956867308009,-45.0,303.0,90.0,0.0
127.54993297051814,-0.9266365655696538,-0.0,303.0,90.0,0.0
128.35309699952447,-1.961531705486708,-10.0,303.0,90.0,0.0
126.585056314715,-1.8994042204370007,-0.0,303.0,90.0,0.0
128.7831963498703,-1.4411376613962688,-10.0,303.0,90.0,0.0
127.52246491164952,-1.0810569629097997,-10.0,303.0,90.0,0.0
126.98419121408348,-1.089347514666939,-0.0,303.0,90.0,0.0
127.23519928774978,-0.4812554409643316,-0.0,303.0,90.0,0.0
127.3390777081807,-1.1537719918981386,-0.0,303.0,90.0,0.0
127.42767513432344,-1.609242095459407,-0.0,303.0,90.0,0.0
126.72828980850136,-1.679759845262789,-0.0,303.0,90.0,0.0
129.09693106346475,-0.9977543899828282,-0.0,303.0,90.0,0.0
127.67958156156344,-1.0465975886109748,-0.0,303.0,90.0,0.0
127.08547339268648,-1.627121264559238,-0.0,303.0,90.0,0.0
129.34614063327658,-0.6608466325655064,-0.0,303.0,90.0,0.0
128.12256599721647,-0.7580335665238291,-0.0,303.0,90.0,0.0
129.3984796108323,-0.2788910585954429,-0.0,303.0,90.0,0.0
126.71650340961476,-1.3292677641190125,-0.0,303.0,90.0,0.0
127.59178367010124,-0.6207934489924692,-10.0,303.0,90.0,0.0
127.5406430962128,-0.6917109490972848,-10.0,303.0,90.0,0.0
127.52396246705683,-0.7596316694142777,-0.0,303.0,90.0,0.0
127.67708413862864,-0.5148164999790369,-0.0,303.0,90.0,0.0
127.41878502735838,-0.9944575728901096,-10.0,303.0,90.0,0.0
128.09539709008789,-0.6119037209408225,-13.7,303.0,90.0,0.0
127.99201815424392,-0.8462301611186838,-19.0,303.0,90.0,0.0
128.12546228913797,-0.7441492054924778,-10.0,303.0,90.0,0.0
128.48524301350457,-0.9251390739910266,-17.0,303.0,90.0,0.0
127.38592325363344,-0.849726404204477,-31.0,303.0,90.0,0.0
128.16072087019748,-0.8225577567515661,-19.0,303.0,90.0,0.0
128.18019897238185,-0.6603471692675359,-10.0,303.0,90.0,0.0
128.18898846374668,-0.8504252934955219,-19.0,303.0,90.0,0.0
128.38805642884395,-0.5564677864425226,-10.0,303.0,90.0,0.0
128.01099587348776,-0.8523234336908664,-10.0,303.0,90.0,0.0
128.01419221550287,-0.7544376104414987,-10.0,303.0,90.0,0.0
127.64652035334514,-0.6084074778550292,-10.0,303.0,90.0,0.0
128.0225819395274,-0.583835859888508,-0.0,303.0,90.0,0.0
127.65261298728178,-0.8374410443788584,-18.1,303.0,90.0,0.0
128.103787712466,-0.4274185076717645,-0.0,303.0,90.0,0.0
128.3849598040755,-0.9271360288676244,-17.0,303.0,90.0,0.0
128.4146252357853,-0.8967720739491003,-17.0,303.0,90.0,0.0
127.85677551549536,-0.4918429849029642,-10.0,303.0,90.0,0.0
127.9282916467883,-0.6326790585166546,-10.0,303.0,90.0,0.0
127.7677792203659,-0.4556857947171535,-10.0,303.0,90.0,0.0
128.15742481093568,-0.9069598675863,-10.0,303.0,90.0,0.0
128.19937612611903,-0.8067761538401543,-19.0,303.0,90.0,0.0
127.70844835694626,-0.5751464561452199,-18.4,303.0,90.0,0.0
127.83240318304162,-0.930432845960343,-0.0,303.0,90.0,0.0
127.77317293522223,-0.5636596986071836,-10.0,303.0,90.0,0.0
127.09006847121582,-1.1137188083251013,-0.0,303.0,90.0,0.0
127.67518681588103,-0.6969041097547798,-10.0,303.0,90.0,0.0
127.90451941452176,-0.6103056180503738,-10.0,303.0,90.0,0.0
127.90521923195566,-0.5535716179665213,-10.0,303.0,90.0,0.0
127.99351570965123,-0.5835367208988962,-10.0,303.0,90.0,0.0
128.63956398709723,-1.1598652644703211,-10.0,303.0,90.0,0.0
127.85657518264844,-0.5647583381996617,-10.0,303.0,90.0,0.0
127.89842678058513,-0.7668226832636544,-10.0,303.0,90.0,0.0
127.77726763081102,-0.5295991762945077,-10.0,303.0,90.0,0.0
128.08041434918616,-0.5029299921395674,-0.0,303.0,90.0,0.0
127.98013113975708,-0.5605632058228235,-0.0,303.0,90.0,0.0
127.71763761565136,-0.5665558670831848,-10.0,303.0,90.0,0.0
128.32972453459823,-0.8895801617844394,-10.0,303.0,90.0,0.0
128.46956135352255,-0.9594987352933142,-12.0,303.0,90.0,0.0
127.83599929239703,-0.5682545812854549,-10.0,303.0,90.0,0.0
128.06293508370322,-0.9473130884642328,-19.0,303.0,90.0,0.0
127.622448070985,-0.4459965660626404,-10.0,303.0,90.0,0.0
127.531354120261,-0.6090066541495369,-10.0,303.0,90.0,0.0
128.23093977893004,-0.7986859263913739,-19.0,303.0,90.0,0.0
127.89563020591028,-1.0921439701464029,-19.0,303.0,90.0,0.0
127.89013677380728,-0.5178132797668596,-10.0,303.0,90.0,0.0
128.15333011534688,-0.6725328160966172,-10.0,303.0,90.0,0.0
127.85717438448206,-0.6390714700784491,-10.0,303.0,90.0,0.0
127.9245958201862,-1.184636308429917,-19.0,303.0,90.0,0.0
127.60616720916931,-0.687315492412088,-10.0,303.0,90.0,0.0
127.58119657323552,-0.620393698691036,-10.0,303.0,90.0,0.0
127.66529863809562,-0.7464470959892555,-10.0,303.0,90.0,0.0
127.60916321833751,-0.7040960219194407,-10.0,303.0,90.0,0.0
128.23982898754153,-0.8396383235638147,-10.0,303.0,90.0,0.0
128.12995675206707,-0.4201268825105664,-21.0,303.0,90.0,0.0
127.65980430763904,-0.690411985196448,-0.0,303.0,90.0,0.0
127.92010135725712,-0.5006329999580738,-10.0,303.0,90.0,0.0
128.16441669679958,-0.4857506106460657,-10.0,303.0,90.0,0.0
127.80403677059932,-0.5972207576218889,-35.0,303.0,90.0,0.0
127.9800314225104,-0.6139006758174201,-10.0,303.0,90.0,0.0
128.04006210336394,-0.8696034264961896,-10.0,303.0,90.0,0.0
128.0006073127618,-0.4694695444366835,-10.0,303.0,90.0,0.0
127.74041087874396,-0.510022191307691,-10.0,303.0,90.0,0.0
127.74410670534606,-0.605910161365177,-10.0,303.0,90.0,0.0
128.34201041807177,-0.8746977724724314,-17.0,303.0,90.0,0.0
128.03007330997826,-0.7896964853431899,-10.0,303.0,90.0,0.0
128.2289418405822,-0.7298659924749774,-10.0,303.0,90.0,0.0
127.77407128879592,-0.5850351107928076,-10.0,303.0,90.0,0.0
127.92849197963524,-0.4664727646488607,-10.0,303.0,90.0,0.0
127.87525375015224,-0.6402707209827487,-22.3,303.0,90.0,0.0
128.6893058244715,-0.9594987352933142,-10.0,303.0,90.0,0.0
127.86586505695378,-0.5480775216888463,-10.0,303.0,90.0,0.0
128.2597059587126,-0.829050779625182,-10.0,303.0,90.0,0.0
127.91380839047356,-0.5518738020795354,-10.0,303.0,90.0,0.0
128.39954277763692,-0.8048789119600939,-7.5,303.0,90.0,0.0
127.87954877858796,-0.6222909405710965,-0.0,303.0,90.0,0.0
127.66559778983564,-0.7769116622196008,-10.0,303.0,90.0,0.0
127.75039877377606,-0.5899291324606907,-10.0,303.0,90.0,0.0
127.75039877377606,-0.6398709706813155,-10.0,303.0,90.0,0.0
127.83030642580069,-0.6798244412578154,-10.0,303.0,90.0,0.0
127.95436186749627,-0.5322959187774345,-35.0,303.0,90.0,0.0
127.74710271451426,-0.5874318159708384,-10.0,303.0,90.0,0.0
128.09120177889884,-0.5282004993971336,-10.0,303.0,90.0,0.0
128.3643839138241,-0.7539381471435282,-10.0,303.0,90.0,0.0
126.80989445042664,-0.8843861028116604,-0.0,303.0,90.0,0.0
128.18319498155006,-0.6281847871502046,-35.0,303.0,90.0,0.0
127.70455219749724,-0.6970047210666012,-41.0,303.0,90.0,0.0
126.63429866750228,-1.313286735214526,-0.0,303.0,90.0,0.0
127.89353255031575,-0.6701352126033022,-35.0,303.0,90.0,0.0
127.90831495837054,-0.4975365071737138,-10.0,303.0,90.0,0.0
127.7131422543687,-0.8289510666286448,-10.0,303.0,90.0,0.0
128.0794162783658,-0.6664395435244345,-10.0,303.0,90.0,0.0
127.7204341903262,-0.5999175001048156,-13.0,303.0,90.0,0.0
127.8178202094802,-0.5179129927633969,-23.0,303.0,90.0,0.0
127.8647654721796,-0.4448979264701622,-10.0,303.0,90.0,0.0
127.659505155899,-0.9167488092373504,-0.0,303.0,90.0,0.0
127.64791819150577,-0.8049786249566312,-31.0,303.0,90.0,0.0
128.6352689586615,-0.9262377135835048,-35.0,303.0,90.0,0.0
128.16811252340167,-0.5051281696398079,-35.0,303.0,90.0,0.0
126.58155992260626,-1.3949912052510487,-0.0,303.0,90.0,0.0
127.8540786580672,-0.503829205738971,-35.0,303.0,90.0,0.0
127.52346298246988,-0.7654249046815645,-35.0,303.0,90.0,0.0
127.89023649105394,-0.4700687207311911,-10.0,303.0,90.0,0.0
127.76038756716171,-0.5399872942400659,-14.0,303.0,90.0,0.0
127.7843592339216,-0.5150159259721114,-35.0,303.0,90.0,0.0
127.49549633736788,-0.8008832055763302,-31.0,303.0,90.0,0.0
127.58329333047648,-0.7060938751113225,-41.0,303.0,90.0,0.0
127.89473095398304,-0.4955386539818319,-35.0,303.0,90.0,0.0
128.1099800636493,-0.76971975005494,-10.0,303.0,90.0,0.0
128.2388300183676,-0.3739804263653465,-0.0,303.0,90.0,0.0
127.93868020751424,-0.5226075884382055,-0.0,303.0,90.0,0.0
127.64052743665516,-0.74974301476669,-10.0,303.0,90.0,0.0
128.22984109250945,-0.9295336323609392,-14.0,303.0,90.0,0.0
128.708383260962,-1.0642764334024468,-26.5,303.0,90.0,0.0
127.5464365784094,-0.2404359779128543,-0.0,303.0,90.0,0.0
128.62747753811703,-1.187432763909381,-17.0,303.0,90.0,0.0
128.11337673851136,-0.6699357866102276,-35.0,303.0,90.0,0.0
127.6257441302468,-0.4571832862957807,-41.0,303.0,90.0,0.0
128.67841867751213,-1.0637769701044766,-4.9,303.0,90.0,0.0
128.32972453459823,-0.9694871029374392,-19.0,303.0,90.0,0.0
127.28014661210136,-0.8075756544430207,-35.0,303.0,90.0,0.0
129.0401973402266,-1.1582671615798723,-35.0,303.0,90.0,0.0
128.82384864578614,-1.381607205832952,-0.0,303.0,90.0,0.0
127.99051970048303,-0.643865778749795,-35.0,303.0,90.0,0.0
128.1554277709414,-0.4773603458923893,-0.0,303.0,90.0,0.0
128.2805818990576,-0.8659077574173217,-0.0,303.0,90.0,0.0
127.88024769766828,-1.075663477943946,-0.0,303.0,90.0,0.0
127.3130083858263,-0.9029641612025364,-0.0,303.0,90.0,0.0
127.83000637570706,-0.5360913008528395,-35.0,303.0,90.0,0.0
128.28877218858878,-0.8025810214633162,-17.0,303.0,90.0,0.0
127.72462950151524,-0.5117200071946769,-41.0,303.0,90.0,0.0
128.5087160940311,-0.3707842205844492,-35.0,303.0,90.0,0.0
127.55412738335362,-0.7023982060324548,-0.0,303.0,90.0,0.0
127.97333958674012,-1.363328286431688,-0.0,303.0,90.0,0.0
127.49090125883852,-0.9109555739700634,-31.0,303.0,90.0,0.0
128.9615887074695,-2.050328374691354,-24.0,303.0,90.0,0.0
127.39711045068638,-0.8211599781694762,-31.0,303.0,90.0,0.0
128.7967803542578,-0.9371243965117492,-35.0,303.0,90.0,0.0
128.56754747286377,-1.4096741685699825,-0.0,303.0,90.0,0.0
128.36967791143374,-0.9095568970726894,-10.0,303.0,90.0,0.0
127.51477320835174,-0.6843187126242654,-41.0,303.0,90.0,0.0
127.77926556915888,-0.7629275881917122,-35.0,303.0,90.0,0.0
127.99331627515788,-0.5544699332506409,-0.0,303.0,90.0,0.0
127.37623451034138,-0.8394388975707401,-0.0,303.0,90.0,0.0
127.8544775270539,-0.6232898671670374,-0.0,303.0,90.0,0.0
127.5864896724916,-0.6542538966953532,-41.0,303.0,90.0,0.0
127.90551838369568,-0.5115205812016024,-0.0,303.0,90.0,0.0
127.5820949268092,-0.7935915804151321,-35.0,303.0,90.0,0.0
128.69929371950357,-0.9594987352933142,-10.0,303.0,90.0,0.0
127.40100571178183,-1.0241235368328727,-0.0,303.0,90.0,0.0
127.9111115330454,-0.722474654317242,-10.0,303.0,90.0,0.0
127.22570997895107,-0.8641093302185145,-0.0,303.0,90.0,0.0
127.55063188959846,-0.8696034264961896,-10.0,303.0,90.0,0.0
127.6940648178782,-0.7568343156195296,-10.0,303.0,90.0,0.0
127.47362142784894,-0.580040477813103,-41.0,303.0,90.0,0.0
127.8441895819282,-0.3693855436870752,-0.0,303.0,90.0,0.0
127.91700473248868,-0.583136970597463,-0.0,303.0,90.0,0.0
127.75599282147932,-0.6282845001467419,-35.0,303.0,90.0,0.0
127.58928714552002,-0.6907120225013439,-41.0,303.0,90.0,0.0
127.7304220853583,-0.6498593383254405,-10.0,303.0,90.0,0.0
128.1699101289026,-0.74974301476669,-10.0,303.0,90.0,0.0
128.07971543010584,-0.5067262725302565,-0.0,303.0,90.0,0.0
127.02724121568744,-1.09843666871166,-0.0,303.0,90.0,0.0
127.96984319463138,-0.6820217204427717,-0.0,303.0,90.0,0.0
127.57919863488767,-0.592426448950543,-0.0,303.0,90.0,0.0
127.8343014041428,-0.531397603493315,-35.0,303.0,90.0,0.0
127.8378975134982,-0.5601634555213904,-35.0,303.0,90.0,0.0
127.42258057120716,-0.7745140587262859,-35.0,303.0,90.0,0.0
127.73162138737916,-0.6508582649213813,-35.0,303.0,90.0,0.0
127.71813710023832,-0.6068093749645807,-35.0,303.0,90.0,0.0
128.2498177809272,-0.5399872942400659,-10.0,303.0,90.0,0.0
128.5600561024129,-0.9572017431118206,-17.0,303.0,90.0,0.0
128.14993344048483,-0.8396383235638147,-10.0,303.0,90.0,0.0
127.6205507482374,-0.6298826030371906,-15.0,303.0,90.0,0.0
128.13994554545272,-0.8795917941403146,-10.0,303.0,90.0,0.0
128.1459384621427,-0.7460473456878223,-29.6,303.0,90.0,0.0
127.93937912659456,-0.8084748680424244,-19.0,303.0,90.0,0.0
128.67112674155464,-1.538923771649099,-0.0,303.0,90.0,0.0
127.02454435825928,-0.1462458237423543,-0.0,303.0,90.0,0.0
127.6140574486069,-0.662144698151059,-41.0,303.0,90.0,0.0
128.03506725749432,-0.6503588016234109,-10.0,303.0,90.0,0.0
128.3541956859451,-0.8737985588730277,-17.0,303.0,90.0,0.0
127.05101344795396,-0.9837703159549396,-0.0,303.0,90.0,0.0
128.05004999839602,-0.8995685294285645,-12.0,303.0,90.0,0.0
128.01289319623535,-0.3314299263024571,-0.0,303.0,90.0,0.0
126.74157376279526,-1.039405676446314,-10.0,303.0,90.0,0.0
127.44964976108906,-0.7227746916221379,-10.0,303.0,90.0,0.0
126.83386611718652,-1.0363091836619538,-0.0,303.0,90.0,0.0
127.03053727494924,-1.19432553708443,-12.5,303.0,90.0,0.0
128.26969475209827,-0.8764953013559545,-17.0,303.0,90.0,0.0
128.21985229912377,-0.8396383235638147,-20.0,303.0,90.0,0.0
127.44805159008148,-0.6881149930149544,-0.0,303.0,90.0,0.0
127.64881744343302,-0.7450484190918814,-35.0,303.0,90.0,0.0
129.19421736537203,-1.639906087682827,-35.0,303.0,90.0,0.0
126.98858595976589,-1.1407877427814748,-0.0,303.0,90.0,0.0
127.92659375853404,-0.6066099489715061,-35.0,303.0,90.0,0.0
127.440759654124,-0.8795917941403146,-10.0,303.0,90.0,0.0
128.50362153091478,-0.7732159931407332,-11.8,303.0,90.0,0.0
127.8329026676286,-0.6557522865892644,-35.0,303.0,90.0,0.0
129.108817179598,-1.9183820291293103,-13.0,303.0,90.0,0.0
127.9202010745038,-0.6998011765460652,-10.0,303.0,90.0,0.0
127.99011993314276,-0.2703013678486919,-10.0,303.0,90.0,0.0
128.8387316694412,-1.08155642620777,-9.7,303.0,90.0,0.0
128.87908481361697,-1.8584518232645608,-14.0,303.0,90.0,0.0
128.9190381904525,-1.8684401909086852,-11.0,303.0,90.0,0.0
128.52389826942616,-0.9986527052669476,-14.9,303.0,90.0,0.0
128.58522707119363,-1.0669731758853738,-17.0,303.0,90.0,0.0
128.55096656095446,-1.0135359928942398,-17.0,303.0,90.0,0.0
128.58452725375977,-0.8645090805199478,-10.0,303.0,90.0,0.0
127.30701546913632,-1.5342291759742903,-0.0,303.0,90.0,0.0
128.4495846651048,-0.9195452647168144,-13.0,303.0,90.0,0.0
128.52389826942616,-1.0825553528037108,-20.4,303.0,90.0,0.0
128.4895380419403,-0.9395220000050644,-10.0,303.0,90.0,0.0
128.51950352374374,-0.9594987352933142,-10.0,303.0,90.0,0.0
128.5394802121615,-0.9495103676491892,-10.0,303.0,90.0,0.0
128.65934034266806,-0.9894638382256892,-10.0,303.0,90.0,0.0
128.42960797668704,-0.979475470581564,-10.0,303.0,90.0,0.0
128.2619033315538,-0.8250550732414184,-10.0,303.0,90.0,0.0
128.03097256190551,-0.6148996024133611,-35.0,303.0,90.0,0.0
128.86909602023132,-0.9894638382256892,-10.0,303.0,90.0,0.0
127.22940580555316,-0.3742804636702425,-10.0,303.0,90.0,0.0
127.29043455722704,-0.3824704041155601,-41.0,303.0,90.0,0.0
128.5934173607248,-0.9779770806876528,-17.0,303.0,90.0,0.0
128.56295239433442,-1.0084416469179982,-10.0,303.0,90.0,0.0
128.34730351732787,-0.9268368898780124,-0.0,303.0,90.0,0.0
128.63796581608966,-0.9750809122116514,-17.0,303.0,90.0,0.0
128.62927514361797,-1.0204278677540048,-17.0,303.0,90.0,0.0
128.39964339323717,-0.9295336323609392,-12.0,303.0,90.0,0.0
127.78206214383373,-0.5670553303811553,-35.0,303.0,90.0,0.0
128.1898877156739,-0.8396383235638147,-11.0,303.0,90.0,0.0
129.40846840421798,-1.1492777205316886,-10.0,303.0,90.0,0.0
128.29846093188084,-1.180940639351049,-17.0,303.0,90.0,0.0
127.78346088034792,-0.5892302431696457,-35.0,303.0,90.0,0.0
127.62864132052192,-0.2466289634815743,-0.0,303.0,90.0,0.0
127.90022438608604,-0.6099058677489406,-10.0,303.0,90.0,0.0
127.820317632415,-0.5499756618841909,-13.0,303.0,90.0,0.0
127.50158897130451,-1.46570927936279,-0.0,303.0,90.0,0.0
128.3596891180481,-0.9295336323609392,-10.0,303.0,90.0,0.0
128.14993344048483,-0.8196615882755647,-14.0,303.0,90.0,0.0
127.47871509261168,-1.1748482650941503,-31.0,303.0,90.0,0.0
126.8214805164663,-0.6598477059695654,-10.0,303.0,90.0,0.0
128.42041871798193,-1.5226427054397167,-0.0,303.0,90.0,0.0
127.15109722288967,-1.2391730293288132,-10.0,303.0,90.0,0.0
128.74923588972476,-1.3290683381259376,-15.0,303.0,90.0,0.0
127.8103297373829,-0.6798244412578154,-10.0,303.0,90.0,0.0
127.45074844750968,-0.7397546471225651,-10.0,303.0,90.0,0.0
128.1099800636493,-0.8596150588520646,-11.0,303.0,90.0,0.0
128.30974784618047,-1.8584518232645608,-21.0,303.0,90.0,0.0
128.1099800636493,-0.8396383235638147,-12.0,303.0,90.0,0.0
128.5511668938014,-0.9557033532179092,-17.0,303.0,90.0,0.0
128.52949141877582,-0.9594987352933142,-10.0,303.0,90.0,0.0
127.51467349110506,-1.8873182866044576,-0.0,303.0,90.0,0.0
126.69163249092765,-0.6398709706813155,-10.0,303.0,90.0,0.0
128.00010872652842,-0.74974301476669,-10.0,303.0,90.0,0.0
127.25227878589244,-1.1351939335072627,-31.0,303.0,90.0,0.0
128.20986440409166,-0.8696034264961896,-10.0,303.0,90.0,0.0
127.59428109303607,-0.9827713893589988,-0.0,303.0,90.0,0.0
128.20986440409166,-0.8396383235638147,-10.0,303.0,90.0,0.0
127.52016692320808,-1.0338118671721015,-50.0,303.0,90.0,0.0
128.60100844842233,-2.025057867433788,-0.0,303.0,90.0,0.0
126.78821987375464,-1.8307837125136797,-0.0,303.0,90.0,0.0
127.19434665898702,-0.4973370811806392,-35.0,303.0,90.0,0.0
128.5394802121615,-0.9095568970726894,-21.0,303.0,90.0,0.0
127.91021317947173,-0.6598477059695654,-10.0,303.0,90.0,0.0
128.17989892228826,-0.8096732206314399,-10.0,303.0,90.0,0.0
128.20986440409166,-2.008277337926435,-14.0,303.0,90.0,0.0
127.11114384605418,-0.4900454560194411,-10.0,303.0,90.0,0.0
127.93698142090643,-0.9110552869666008,-10.0,303.0,90.0,0.0
128.3268282426767,-0.7601311327122482,-17.0,303.0,90.0,0.0
126.56178356703542,-1.728603043890936,-10.0,303.0,90.0,0.0
128.25980567595929,-0.8696034264961896,-10.0,303.0,90.0,0.0
127.29622803942368,-0.5782429489295798,-0.0,303.0,90.0,0.0
127.83270323313522,-0.6787258016653371,-10.0,303.0,90.0,0.0
127.7519969447836,-0.5605632058228235,-10.0,303.0,90.0,0.0
129.41845629925007,-1.95833549970581,-10.0,303.0,90.0,0.0
127.41129365690752,-0.7670230075720131,-31.0,303.0,90.0,0.0
128.14993344048483,-0.8396383235638147,-10.0,303.0,90.0,0.0
127.40140547912212,-0.7932924414255204,-0.0,303.0,90.0,0.0
128.02487902961528,-1.8846215441215304,-10.0,303.0,90.0,0.0
127.31600529334808,-1.1310985141269616,-31.0,303.0,90.0,0.0
127.36904318998413,-1.109124823962114,-31.0,303.0,90.0,0.0
127.58638995524493,-1.1862344113203656,-31.0,303.0,90.0,0.0
128.43869751814546,-1.076762117536424,-17.0,303.0,90.0,0.0
126.87401982686896,-1.0280186319048148,-0.0,303.0,90.0,0.0
126.78782010641436,-1.0057449044350713,-34.0,303.0,90.0,0.0
126.85414285569787,-1.306094823049865,-0.0,303.0,90.0,0.0
127.87085900446982,-1.4486287125505417,-0.0,303.0,90.0,0.0
127.93538324989886,-1.2082089998004972,-0.0,303.0,90.0,0.0
129.38859143304688,-0.1706171174005168,-10.0,303.0,90.0,0.0
128.92922641833152,-1.205412544321033,-10.0,303.0,90.0,0.0
128.97097740066798,-1.0295170217987262,-10.0,303.0,90.0,0.0
127.3948133605985,-0.9212430806038002,-31.0,303.0,90.0,0.0
127.50698268616084,-0.6619452721579845,-41.0,303.0,90.0,0.0
126.76155045121304,-1.9083936614851853,-10.0,303.0,90.0,0.0
128.40094151415113,-1.9841054702613468,-34.0,303.0,90.0,0.0
129.45611258599772,-0.3132516182130145,-35.0,303.0,90.0,0.0
127.49549633736788,-2.0298521761051336,-0.0,303.0,90.0,0.0
128.9290260854846,-0.9495103676491892,-10.0,303.0,90.0,0.0
129.34174588759416,-1.052490536874799,-20.0,303.0,90.0,0.0
128.05564404609927,-1.644401257364561,-0.0,303.0,90.0,0.0
127.3541601663291,-1.6539898747072526,-25.0,303.0,90.0,0.0
127.07119046921864,-1.0993358823110635,-26.0,303.0,90.0,0.0
128.86929635307823,-1.043600808823152,-0.0,303.0,90.0,0.0
128.729259201307,-1.0593824117345636,-10.0,303.0,90.0,0.0
128.75922468311043,-1.0493940440904388,-15.0,303.0,90.0,0.0
127.98013113975708,-0.6998011765460652,-10.0,303.0,90.0,0.0
128.2061685774896,-0.7832043607848581,-19.0,303.0,90.0,0.0
127.44026016953704,-1.1638609708540848,-31.0,303.0,90.0,0.0
127.26985866697564,-1.1252055658631377,-31.0,303.0,90.0,0.0
126.8397593166298,-1.206710609906586,-0.0,303.0,90.0,0.0
128.05224737123723,-0.6862168528196099,-35.0,303.0,90.0,0.0
127.74969985469572,-0.5084240884172424,-35.0,303.0,90.0,0.0
126.78552301632648,-1.1493774335282256,-34.0,303.0,90.0,0.0
128.34061168155756,-1.4507262787389603,-0.0,303.0,90.0,0.0
127.78036425557949,-1.3490450734141877,-12.0,303.0,90.0,0.0
127.95456130198964,-1.3477461095133507,-0.0,303.0,90.0,0.0
127.696562240813,-1.4078766396864593,-0.0,303.0,90.0,0.0
128.88907270864908,-1.5288356910084369,-10.0,303.0,90.0,0.0
127.1059495656912,-1.1403879924800415,-34.0,303.0,90.0,0.0
128.1099800636493,-0.759731382410815,-11.0,303.0,90.0,0.0
128.32343156781465,-1.013235955589344,-0.0,303.0,90.0,0.0
127.80283836693204,-1.0803580736187546,-0.0,303.0,90.0,0.0
127.4259772460692,-2.0499286243899206,-0.0,303.0,90.0,0.0
128.58942238238268,-2.03824244085881,-10.0,303.0,90.0,0.0
127.45074844750968,-0.8396383235638147,-17.0,303.0,90.0,0.0
127.30941227647088,-1.1543720665079302,-10.0,303.0,90.0,0.0
127.61056195485172,-1.019428941158064,-19.0,303.0,90.0,0.0
128.87908481361697,-2.03824244085881,-15.0,303.0,90.0,0.0
127.44275759247184,-0.7710178156404927,-35.0,303.0,90.0,0.0
127.87565351749252,-0.7584324185099782,-19.0,303.0,90.0,0.0
127.4546437086051,-0.6587490663770872,-0.0,303.0,90.0,0.0
127.88024769766828,-0.8995685294285645,-10.0,303.0,90.0,0.0
127.71044539694054,-0.5699523971724407,-13.0,303.0,90.0,0.0
127.65051533168726,-1.1692544558199385,-10.0,303.0,90.0,0.0
126.67375255975084,-1.1599649774668583,-35.0,303.0,90.0,0.0
127.28244370218924,-0.9480119777552778,-10.0,303.0,90.0,0.0
126.54510293787946,-0.7596316694142777,-35.0,303.0,90.0,0.0
127.61056195485172,-0.1104874855426926,-10.0,303.0,90.0,0.0
126.70361832430758,-0.427917970969735,-35.0,303.0,90.0,0.0
128.8727918468334,-1.8818241903267825,-24.0,303.0,90.0,0.0
127.5442392055682,-0.8709014920817423,-31.0,303.0,90.0,0.0
127.5174700657799,-1.0127364922913735,-31.0,303.0,90.0,0.0
127.52066640779503,-0.529998926595941,-10.0,303.0,90.0,0.0
127.58289446148976,-0.4718662496147143,-10.0,303.0,90.0,0.0
128.89906150203475,-1.029417308802189,-10.0,303.0,90.0,0.0
126.83736250929526,-1.818498352688061,-0.0,303.0,90.0,0.0
127.57060857801622,-0.9395220000050644,-10.0,303.0,90.0,0.0
128.07412228075617,-1.2844202718746294,-0.0,303.0,90.0,0.0
127.29233277832822,-1.6821574487561044,-0.0,303.0,90.0,0.0
127.93788067283369,-1.0421024189292405,-0.0,303.0,90.0,0.0
128.24272617781662,-1.829685072921201,-10.0,303.0,90.0,0.0
128.1260614909716,-0.6374733671880005,-35.0,303.0,90.0,0.0
127.90022438608604,-0.76971975005494,-24.0,303.0,90.0,0.0
127.69046870852276,-0.8696034264961896,-10.0,303.0,90.0,0.0
127.6507147661806,-1.90859308747826,-0.0,303.0,90.0,0.0
128.04006210336394,-0.7297662794784401,-10.0,303.0,90.0,0.0
127.36085290045295,-1.4289520145671872,-10.0,303.0,90.0,0.0
127.47531931610318,-1.2558538458396284,-25.0,303.0,90.0,0.0
127.69826012906724,-0.5455811035142781,-41.0,303.0,90.0,0.0
127.08107864700406,-1.052890287176232,-0.0,303.0,90.0,0.0
128.077717491758,-0.7389551465196987,-35.0,303.0,90.0,0.0
128.21985229912377,-0.8096732206314399,-10.0,303.0,90.0,0.0
128.42960797668704,-0.9495103676491892,-10.0,303.0,90.0,0.0
128.451782037946,-0.7233738679166456,-0.0,303.0,90.0,0.0
127.33967780836792,-0.9126533898570496,-0.0,303.0,90.0,0.0
128.9190381904525,-1.848463455620436,-10.0,303.0,90.0,0.0
128.79917805994594,-1.9283703967734351,-12.0,303.0,90.0,0.0
127.86027100925052,-0.6398709706813155,-10.0,303.0,90.0,0.0
128.41962008165493,-0.9295336323609392,-10.0,303.0,90.0,0.0
127.60057316146607,-0.8396383235638147,-10.0,303.0,90.0,0.0
126.62381128788324,-0.0884131840660236,-10.0,303.0,90.0,0.0
127.61275932769294,-0.769020860763895,-31.0,303.0,90.0,0.0
127.6478184742591,-0.7424513896054918,-41.0,303.0,90.0,0.0
128.0427589607921,-0.4298152128497954,-0.0,303.0,90.0,0.0
127.71693779821749,-0.8137686400117408,-35.0,303.0,90.0,0.0
127.77217396604831,-0.903563337497044,-10.0,303.0,90.0,0.0
129.46839846947125,-0.9594987352933142,-10.0,303.0,90.0,0.0
127.6492172107733,-0.8155661688952638,-10.0,303.0,90.0,0.0
127.88913780463336,-0.6854182505320277,-10.0,303.0,90.0,0.0
127.98133044177791,-1.963728984671664,-0.0,303.0,90.0,0.0
127.71883601931864,-0.7930921171171617,-31.0,303.0,90.0,0.0
127.28144563136888,-0.8289510666286448,-31.0,303.0,90.0,0.0
127.59058526643398,-0.9195452647168144,-20.0,303.0,90.0,0.0
127.80034094399724,-0.8895801617844394,-19.0,303.0,90.0,0.0
127.78006420548589,-0.7698194630514772,-10.0,303.0,90.0,0.0
127.70964676061354,-0.7278681392830956,-10.0,303.0,90.0,0.0
127.97643621150856,-0.4691695071317875,-0.0,303.0,90.0,0.0
127.45074844750968,-0.8296499559196897,-10.0,303.0,90.0,0.0
128.64935244763595,-2.07819591143531,-10.0,303.0,90.0,0.0
129.23866610349023,-1.1193126175993136,-10.0,303.0,90.0,0.0
127.69236692962394,-0.6969041097547798,-41.0,303.0,90.0,0.0
127.6129587621863,-0.9174476985283953,-31.0,303.0,90.0,0.0
127.71044539694054,-0.1404525884750675,-10.0,303.0,90.0,0.0
127.84029432083275,-1.089347514666939,-18.0,303.0,90.0,0.0
127.68437607458613,-0.7947908313194316,-31.0,303.0,90.0,0.0
127.32918953039528,-1.278127573309372,-25.0,303.0,90.0,0.0
126.89139937510524,-2.034946522081375,-25.0,303.0,90.0,0.0
128.60280605392325,-0.9078590811857036,-0.0,303.0,90.0,0.0
127.86166974576471,-1.120111219886896,-0.0,303.0,90.0,0.0
127.61455693319384,-1.8924117342654152,-0.0,303.0,90.0,0.0
127.80203883225148,-0.7133855002725207,-0.0,303.0,90.0,0.0
127.94017776292156,-1.9683238673499357,-10.0,303.0,90.0,0.0
127.80034094399724,-0.8995685294285645,-12.0,303.0,90.0,0.0
126.99128281719403,-1.1193126175993136,-10.0,303.0,90.0,0.0
126.94134154532642,-0.9894638382256892,-10.0,303.0,90.0,0.0
127.8103297373829,-0.9594987352933142,-10.0,303.0,90.0,0.0
127.84029432083275,-0.8895801617844394,-10.0,303.0,90.0,0.0
127.7802645383328,-0.909457184076152,-0.0,303.0,90.0,0.0
128.16371777771926,-1.3648266763255994,-0.0,303.0,90.0,0.0
128.13994554545272,-0.8696034264961896,-10.0,303.0,90.0,0.0
127.6305386432695,-0.6398709706813155,-10.0,303.0,90.0,0.0
127.9202010745038,-0.6698360736136904,-10.0,303.0,90.0,0.0
127.61056195485172,-0.9894638382256892,-10.0,303.0,90.0,0.0
127.80034094399724,-0.5999175001048156,-10.0,303.0,90.0,0.0
127.90052443617964,-1.233579220054601,-19.0,303.0,90.0,0.0
128.9388154443769,-1.3212772496667688,-0.0,303.0,90.0,0.0
128.41962008165493,-0.9594987352933142,-10.0,303.0,90.0,0.0
126.8496483927688,-0.9362260812276296,-10.0,303.0,90.0,0.0
127.10215402184242,-0.9896632642187636,-1.5,303.0,90.0,0.0
127.30811415555692,-0.9286344187615356,-13.0,303.0,90.0,0.0
126.911376063523,-0.8895801617844394,-10.0,303.0,90.0,0.0
127.061201675833,-0.8196615882755647,-19.0,303.0,90.0,0.0
127.6205507482374,-0.9195452647168144,-10.0,303.0,90.0,0.0
127.95376266566264,-0.1491419922183556,-0.0,303.0,90.0,0.0
127.86746232960778,-1.1251058528666005,-0.0,303.0,90.0,0.0
127.55063188959846,-0.9395220000050644,-10.0,303.0,90.0,0.0
126.61402282734448,-0.3545031543750671,-0.0,303.0,90.0,0.0
126.9620171528245,-1.1884316905053218,-4.6,303.0,90.0,0.0
127.55063188959846,-1.089347514666939,-10.0,303.0,90.0,0.0
127.50068971937728,-0.8596150588520646,-10.0,303.0,90.0,0.0
127.47072513592742,-0.6498593383254405,-10.0,303.0,90.0,0.0
127.52066640779503,-0.8496266912079395,-10.0,303.0,90.0,0.0
127.56061978463056,-0.8396383235638147,-10.0,303.0,90.0,0.0
127.30501753078848,-1.8009183225778416,-0.0,303.0,90.0,0.0
128.11996885703496,-0.8396383235638147,-10.0,303.0,90.0,0.0
126.90238713766485,-1.1142182716230715,-15.6,303.0,90.0,0.0
127.42947273982438,-0.9223417201962784,-10.0,303.0,90.0,0.0
126.79251490219036,-0.9857681691468212,-20.9,303.0,90.0,0.0
126.681643697542,-0.5899291324606907,-10.0,303.0,90.0,0.0
127.75039877377606,-0.529998926595941,-10.0,303.0,90.0,0.0
127.7304220853583,-0.5699523971724407,-10.0,303.0,90.0,0.0
127.40080627728848,-0.8995685294285645,-10.0,303.0,90.0,0.0
127.53065520118068,-0.9195452647168144,-10.0,303.0,90.0,0.0
126.7215970743775,-1.229184661684688,-18.0,303.0,90.0,0.0
126.55509083291156,-1.5717859413727595,-20.1,303.0,90.0,0.0
127.30441832895484,-1.2766291834154608,-25.0,303.0,90.0,0.0
127.5688109725153,-0.3367236982717735,-0.0,303.0,90.0,0.0
126.5621833343757,-1.5184475730628786,-15.9,303.0,90.0,0.0
127.69915848264093,-1.0155329477708377,-0.0,303.0,90.0,0.0
126.94933240036424,-0.2098716986859717,-42.2,303.0,90.0,0.0
126.55339294465732,-1.381307168528056,-10.0,303.0,90.0,0.0
127.21522259933202,-1.0776613311358276,-0.0,303.0,90.0,0.0
127.24378934462123,-1.199518697741925,-12.8,303.0,90.0,0.0
126.57586705600988,-1.545715933512327,-0.0,303.0,90.0,0.0
127.42697531688955,-1.129500411236513,-10.5,303.0,90.0,0.0
127.35026490523364,-1.1606647650731874,-0.0,303.0,90.0,0.0
128.2997590527948,-1.9683238673499357,-11.0,303.0,90.0,0.0
127.50848113992174,-1.2450659775926372,-0.0,303.0,90.0,0.0
127.47072513592742,-1.0693707793786889,-10.0,303.0,90.0,0.0
127.15079717279608,-1.2504594625584908,-0.0,303.0,90.0,0.0
127.9125102695596,-1.0580834478337269,-0.0,303.0,90.0,0.0
128.00010872652842,-1.279126499905313,-16.0,303.0,90.0,0.0
127.3508641070673,-1.6087426321614364,-11.0,303.0,90.0,0.0
127.31580496050114,-0.5608632431277194,-0.0,303.0,90.0,0.0
127.80034094399724,-1.0993358823110635,-10.0,303.0,90.0,0.0
126.90138816849093,-0.7896964853431899,-10.0,303.0,90.0,0.0
127.50068971937728,-0.979475470581564,-10.0,303.0,90.0,0.0
127.40500158847752,-1.073265874450631,-0.0,303.0,90.0,0.0
127.45314525484422,-1.8361780957948168,-0.0,303.0,90.0,0.0
129.27861948032574,-0.1204758531868175,-13.0,303.0,90.0,0.0
128.2498177809272,-0.8696034264961896,-3.0,303.0,90.0,0.0
127.56061978463056,-0.7996848529873148,-7.0,303.0,90.0,0.0
127.8103297373829,-2.028254073214685,-16.0,303.0,90.0,0.0
127.58059647304832,-0.8596150588520646,-10.0,303.0,90.0,0.0
127.51067851276294,-0.8795917941403146,-10.0,303.0,90.0,0.0
128.26979446934496,-2.028254073214685,-10.0,303.0,90.0,0.0
127.26096945836416,-1.0593824117345636,-4.0,303.0,90.0,0.0
127.56061978463056,-0.8795917941403146,-11.0,303.0,90.0,0.0
127.65051533168726,-0.6198942353930655,-10.0,303.0,90.0,0.0
126.84145720488404,-1.089347514666939,-10.0,303.0,90.0,0.0
127.22101518317508,-1.0693707793786889,-10.0,303.0,90.0,0.0
127.4807130309595,-0.8496266912079395,-10.0,303.0,90.0,0.0
127.6205507482374,-0.9095568970726894,-10.0,303.0,90.0,0.0
126.86143479165538,-0.779708117699065,-23.0,303.0,90.0,0.0
128.07002668681378,-0.8496266912079395,-10.0,303.0,90.0,0.0
127.6305386432695,-0.6698360736136904,-10.0,303.0,90.0,0.0
126.6217136322887,-0.2003827943398172,-46.0,303.0,90.0,0.0
127.7204341903262,-0.5499756618841909,-5.0,303.0,90.0,0.0
128.76831332621526,-0.5654572274907067,-33.0,303.0,90.0,0.0
128.1699101289026,-1.9083936614851853,-10.0,303.0,90.0,0.0
127.08257710076496,-2.074799381346053,-0.0,303.0,90.0,0.0
127.45484314309846,-0.974581448913681,-33.0,303.0,90.0,0.0
127.55392794886026,-1.7498778447647387,-0.0,303.0,90.0,0.0
126.92136485690868,-0.6798244412578154,-14.0,303.0,90.0,0.0
127.7736724198092,-1.777645668512157,-0.0,303.0,90.0,0.0
128.02467959512194,-2.0108743674128244,-33.0,303.0,90.0,0.0
126.82787320049655,-1.747481139586708,-0.0,303.0,90.0,0.0
126.83146930985195,-1.0993358823110635,-23.0,303.0,90.0,0.0
126.85144599826972,-1.1792428234640633,-20.0,303.0,90.0,0.0
127.3694429573244,-1.0939423973452098,-0.0,303.0,90.0,0.0
126.83146930985195,-1.1492777205316886,-10.0,303.0,90.0,0.0
126.72958792941532,-0.5220084121436978,-10.0,303.0,90.0,0.0
127.78056369007284,-0.1054928525629881,-9.6,303.0,90.0,0.0
127.84029432083275,-0.5899291324606907,-10.0,303.0,90.0,0.0
127.59687823321757,-1.432647683646055,-0.0,303.0,90.0,0.0
127.7304220853583,-1.9183820291293103,-10.0,303.0,90.0,0.0
129.045390722236,-0.6150002137251824,-0.0,303.0,90.0,0.0
126.91177583086328,-1.250958925856461,-10.0,303.0,90.0,0.0
128.19677898593756,-0.5625610590147053,-0.0,303.0,90.0,0.0
127.03712939347284,-0.8934752568563817,-0.0,303.0,90.0,0.0
127.5027873749718,-1.5969558373185042,-0.0,303.0,90.0,0.0
127.19864168742276,-0.1631260662462442,-0.0,303.0,90.0,0.0
128.03886280134307,-0.4933413747968756,-0.0,303.0,90.0,0.0
128.3610878545623,-2.060117316342404,-0.0,303.0,90.0,0.0
126.8963933226213,-2.0622148825308235,-0.0,303.0,90.0,0.0
128.50092467348662,-1.5990534035069237,-0.0,303.0,90.0,0.0
128.1008905221909,-1.949445771654163,-0.0,303.0,90.0,0.0
128.08231257028734,-0.645264455647169,-0.0,303.0,90.0,0.0
128.30405408123053,-0.5022311028485225,-0.0,303.0,90.0,0.0
127.62704314951434,-1.529834617604378,-0.0,303.0,90.0,0.0
127.26696237505412,-1.1932259991766678,-10.0,303.0,90.0,0.0
126.7780316458756,-0.7952902946174021,-0.0,303.0,90.0,0.0
126.56278253620934,-1.622227242891355,-10.0,303.0,90.0,0.0
126.62780626622536,-0.7973878608058212,-0.0,303.0,90.0,0.0
127.41608816993022,-2.072701815157634,-0.0,303.0,90.0,0.0
127.79404797721368,-2.066609440900736,-0.0,303.0,90.0,0.0
127.12672578878951,-1.702533036030503,-0.0,303.0,90.0,0.0
127.29542940309666,-0.8130688524054115,-0.0,303.0,90.0,0.0
127.33518244708526,-0.3028635002674563,-0.0,303.0,90.0,0.0
128.11347645575805,-1.8992038961286424,-0.0,303.0,90.0,0.0
128.58043255817094,-1.0623791915223866,-10.0,303.0,90.0,0.0
127.54014361162584,-0.8788929048492695,-0.0,303.0,90.0,0.0
126.88980120409768,-2.028753536512655,-0.0,303.0,90.0,0.0
126.96161738548422,-1.1381907132950857,-0.0,303.0,90.0,0.0
128.2810813836446,-1.958834963003781,-0.0,303.0,90.0,0.0
127.6290401895086,-1.1155172355239085,-0.0,303.0,90.0,0.0
128.00220548376936,-1.2230913891125057,-0.0,303.0,90.0,0.0
126.65936991903634,-0.3503080219982289,-0.0,303.0,90.0,0.0
129.18402913749304,-1.2562526978257775,-0.0,303.0,90.0,0.0
128.37636974720405,-1.3369591395816434,-0.0,303.0,90.0,0.0
127.86356706851232,-0.604512382783087,-0.0,303.0,90.0,0.0
127.8299066584604,-2.0415383596362444,-10.0,303.0,90.0,0.0
127.61375829686686,-1.4936765291032827,-0.0,303.0,90.0,0.0
128.33981304523058,-1.7498778447647387,-0.0,303.0,90.0,0.0
128.41162922661712,-0.1766106769761623,-0.0,303.0,90.0,0.0
126.67165580250987,-0.6408698972772564,-0.0,303.0,90.0,0.0
128.3188373876389,-2.0304513523996413,-0.0,303.0,90.0,0.0
127.96854507371742,-1.2923110733303351,-0.0,303.0,90.0,0.0
127.3478680978991,-1.050792720987813,-0.0,303.0,90.0,0.0
127.21811889125354,-1.4138693009468206,-0.0,303.0,90.0,0.0
127.37044192649834,-1.614835006418335,-0.0,303.0,90.0,0.0
127.66719596084322,-2.0128722206047063,-0.0,303.0,90.0,0.0
126.99338047278856,-1.230882477571674,-0.0,303.0,90.0,0.0
127.72293071490743,-1.452624418934305,-0.0,303.0,90.0,0.0
128.56295239433442,-0.7878980581443826,-0.0,303.0,90.0,0.0
128.28857275409544,-1.9924957350150236,-0.0,303.0,90.0,0.0
127.39691101619304,-1.488183331140892,-0.0,303.0,90.0,0.0
127.72752579343675,-0.5112205438967065,-0.0,303.0,90.0,0.0
127.28494112512404,-0.7876986321513081,-0.0,303.0,90.0,0.0
128.65794250450742,-0.0953050589257885,-0.0,303.0,90.0,0.0
127.4303719917516,-1.0762626542384537,-10.0,303.0,90.0,0.0
127.48390937297464,-1.180940639351049,-10.0,303.0,90.0,0.0
127.35975421403236,-1.180940639351049,-0.0,303.0,90.0,0.0
127.45364473943118,-1.1766457939776738,-16.0,303.0,90.0,0.0
127.33887827368734,-1.0903464412628796,-18.6,303.0,90.0,0.0
127.14560379078668,-1.1432841609560431,-0.0,303.0,90.0,0.0
127.26396546753236,-1.2419694848082772,-10.0,303.0,90.0,0.0
127.50708240340752,-1.1252055658631377,-10.0,303.0,90.0,0.0
127.27964712751438,-1.0640770074093724,-10.0,303.0,90.0,0.0
127.21692048758626,-1.1696542061213715,-10.0,303.0,90.0,0.0
127.35286204541514,-1.1124207427395487,-10.0,303.0,90.0,0.0
127.34187518120912,-1.081156675906337,-0.0,303.0,90.0,0.0
127.419883713779,-1.098036918410227,-10.0,303.0,90.0,0.0
127.54483840740184,-1.073265874450631,-10.0,303.0,90.0,0.0
127.15868831058722,-1.2087084630984677,-10.0,303.0,90.0,0.0
127.14470453885944,-1.2535559553428506,-10.0,303.0,90.0,0.0
126.96491344474605,-1.3214766756598435,-0.0,303.0,90.0,0.0
127.0647977851884,-1.3150842640980491,-0.0,303.0,90.0,0.0
128.60110816566902,-0.576245095737698,-0.0,303.0,90.0,0.0
127.5557255543612,-1.0682721397862105,-0.0,303.0,90.0,0.0
127.15938722966754,-1.3500440000101286,-0.0,303.0,90.0,0.0
127.32609290562684,-1.1762460436762407,-10.0,303.0,90.0,0.0
127.16508099461748,-1.1604644407648288,-0.0,303.0,90.0,0.0
127.50208845589148,-1.1824390292449607,-0.0,303.0,90.0,0.0
127.14370556968552,-1.3415540222599152,-0.0,303.0,90.0,0.0
127.18505768303524,-1.1766457939776738,-0.0,303.0,90.0,0.0
127.01835200707596,-1.2311825148765698,-0.0,303.0,90.0,0.0
127.17546865698986,-1.1942249257726083,-0.0,303.0,90.0,0.0
127.50708240340752,-1.2214932862220569,-0.0,303.0,90.0,0.0
127.26586368863352,-1.151874750018078,-10.0,303.0,90.0,0.0
127.17996311991894,-1.1631611832477555,-0.0,303.0,90.0,0.0
127.17067414396716,-1.247762720075564,-0.0,303.0,90.0,0.0
127.16058563333482,-1.2889154415563633,-0.0,303.0,90.0,0.0
127.27135712073654,-1.2337795443629591,-10.0,303.0,90.0,0.0
127.39611148151246,-1.1372914996956816,-10.0,303.0,90.0,0.0
127.2564740970815,-1.1597655514737837,-0.0,303.0,90.0,0.0
127.2281076846392,-1.1641601098436969,-0.0,303.0,90.0,0.0
127.49639469094154,-1.146280940743866,-0.0,303.0,90.0,0.0
127.20453488686604,-1.33605992598224,-0.0,303.0,90.0,0.0
127.24908334223088,-1.19262682288216,-0.0,303.0,90.0,0.0
127.36624661530928,-1.0713686325705707,-0.0,303.0,90.0,0.0
127.11493938990294,-1.2716354487510402,-0.0,303.0,90.0,0.0
127.71104459877418,-1.07226694785469,-0.0,303.0,90.0,0.0
127.06020270665908,-1.210107139995842,-0.0,303.0,90.0,0.0
127.39281542225064,-1.0883485880709978,-10.0,303.0,90.0,0.0
127.16298333902296,-1.232880330763556,-10.0,303.0,90.0,0.0
127.32809084397468,-1.3338626467972836,-10.0,303.0,90.0,0.0
127.24588700021576,-1.1251058528666005,-0.0,303.0,90.0,0.0
127.38951936298884,-1.0762626542384537,-0.0,303.0,90.0,0.0
127.36494759604176,-1.0598818750325345,-10.0,303.0,90.0,0.0
127.31091073023175,-1.1592660881758134,-10.0,303.0,90.0,0.0
127.28773769979888,-1.1306996621408127,-0.0,303.0,90.0,0.0
126.9418410299134,-1.35154238990404,-0.0,303.0,90.0,0.0
127.91870351909648,-1.123207712671256,-0.0,303.0,90.0,0.0
126.54949768356188,-1.5505102421836727,-0.0,303.0,90.0,0.0
127.18565688486888,-1.2747319415354,-0.0,303.0,90.0,0.0
127.29343146474882,-1.2437679120070846,-0.0,303.0,90.0,0.0
127.26516387119965,-1.0921439701464029,-10.0,303.0,90.0,0.0
127.33987724286128,-1.0803580736187546,-10.0,303.0,90.0,0.0
127.27784952201348,-1.0517907492684695,-10.0,303.0,90.0,0.0
127.35875524485844,-1.0976380664240777,-10.0,303.0,90.0,0.0
128.09190159633272,-0.7444492427973737,-0.0,303.0,90.0,0.0
127.45244633576392,-1.037407823254432,-0.0,303.0,90.0,0.0
127.18735477312312,-1.2024157645332103,-0.0,303.0,90.0,0.0
128.00380365477693,-0.910854962658242,-0.0,303.0,90.0,0.0
128.77160938547706,-2.071003999270649,-0.0,303.0,90.0,0.0
127.39990702536124,-1.1365926104046369,-10.0,303.0,90.0,0.0
127.5163713793593,-1.794026447718077,-0.0,303.0,90.0,0.0
128.07132570608132,-1.2159003752631286,-0.0,303.0,90.0,0.0
127.08996785561555,-0.2284497570768476,-38.6,303.0,90.0,0.0
127.4377636449558,-0.9781765066807272,-0.0,303.0,90.0,0.0
126.69123272358736,-0.6705349629047354,-0.0,303.0,90.0,0.0
127.45444337575816,-0.3319293896004276,-0.0,303.0,90.0,0.0
128.23493475727216,-0.7867994185519045,-0.0,303.0,90.0,0.0
127.56641326682715,-1.1372914996956816,-0.0,303.0,90.0,0.0
128.51351060705375,-1.370619911592886,-0.0,303.0,90.0,0.0
127.95376266566264,-1.406378249792548,-0.0,303.0,90.0,0.0
128.94970259133623,-1.4110728454673565,-0.0,303.0,90.0,0.0
128.79408349682964,-1.2434678747021883,-0.0,303.0,90.0,0.0
127.6293402396022,-0.95810005839594,-0.0,303.0,90.0,0.0
128.94001384804417,-1.2316819781745405,-33.0,303.0,90.0,0.0
126.74127461105525,-1.8535578015966772,-0.0,303.0,90.0,0.0
129.05358101176716,-1.176046617683166,-0.0,303.0,90.0,0.0
127.47472011426954,-1.658584757385524,-0.0,303.0,90.0,0.0
127.70385327841691,-1.265741602171932,-0.0,303.0,90.0,0.0
128.7255633747049,-1.3663250662195106,-0.0,303.0,90.0,0.0
127.467129026572,-1.2040138674236591,-10.0,303.0,90.0,0.0
127.56661270132052,-1.7349954554527307,-0.0,303.0,90.0,0.0
129.47868641459695,-0.9604976618892552,-0.0,303.0,90.0,0.0
127.84688643935635,-1.684154403632702,-10.0,303.0,90.0,0.0
127.04122498741523,-0.4500919854429412,-10.0,303.0,90.0,180.0
126.75565725176972,-1.0519910735768283,-10.0,303.0,90.0,180.0
128.3796667048194,-1.848463455620436,-10.0,303.0,90.0,180.0
128.90155892496955,-1.8737339628780016,-24.0,303.0,90.0,180.0
128.19198447291487,-0.8410370004611887,-10.0,303.0,90.0,180.0
127.7538951658848,-1.818198315383165,-0.0,303.0,90.0,180.0
127.73431824480733,-0.1051937135733762,-0.0,303.0,90.0,180.0
128.20986440409166,-1.808509985043936,-25.0,303.0,90.0,180.0
128.5581587796653,-1.6345126027169732,-9.1,303.0,90.0,180.0
128.91524264660373,-1.9010023233274504,-40.0,303.0,90.0,180.0
127.3600533657724,-0.918346912127799,-0.0,303.0,90.0,180.0
128.1859915562249,-1.6133375148397078,-0.0,303.0,90.0,180.0
128.9154420810971,-1.2628454336959307,-0.0,303.0,90.0,180.0
127.5159725103726,-0.6489601247260368,-19.3,303.0,90.0,180.0
126.97170589611656,-0.2021803232233404,-0.0,303.0,90.0,180.0
127.41718685635082,-0.6230904411739628,-10.0,303.0,90.0,180.0
127.39870862169396,-0.6236896174684705,-10.0,303.0,90.0,180.0
127.40080627728848,-0.6099058677489406,-10.0,303.0,90.0,180.0
127.51207635092358,-0.9165484849289915,-12.0,303.0,90.0,180.0
126.54180687861766,-1.6287193674496865,-10.0,303.0,90.0,180.0
128.39364957819365,-1.6955414481742013,-0.0,303.0,90.0,180.0
128.31464207644984,-1.8797266241383637,-10.0,303.0,90.0,180.0
127.04122498741523,-0.4500919854429412,-47.0,303.0,90.0,180.0
127.9202010745038,-0.6398709706813155,-10.0,303.0,90.0,180.0
127.82631054910496,-0.1162807208099794,-0.0,303.0,90.0,180.0
127.72422973417495,-0.3527056254915439,-0.0,303.0,90.0,180.0
127.34457203863728,-1.9146863600504425,-35.0,303.0,90.0,180.0
127.29033483998036,-1.8240921619622728,-35.0,303.0,90.0,180.0
127.3338843261713,-1.953141440733031,-35.0,303.0,90.0,180.0
127.32739192489436,-1.959334426301751,-35.0,303.0,90.0,180.0
127.1992408892564,-1.9797109118914344,-0.0,303.0,90.0,180.0
127.23090425931406,-2.070005072674708,-0.0,303.0,90.0,180.0
127.33458324525162,-2.0057800214365824,-35.0,303.0,90.0,180.0
127.3203003217838,-1.9264722565780907,-35.0,303.0,90.0,180.0
127.28913643631309,-1.9632295213736937,-35.0,303.0,90.0,180.0
126.53781100192197,-1.7491789554736936,-0.0,303.0,90.0,180.0
127.68048081349068,-0.520010558951816,-10.0,303.0,90.0,180.0
127.7304220853583,-0.510022191307691,-10.0,303.0,90.0,180.0
127.37563530850774,-1.9750163162166252,-35.0,303.0,90.0,180.0
127.15748990691996,-0.3641914847142961,-9.8,303.0,90.0,180.0
126.95132944035852,-0.529998926595941,-10.0,303.0,90.0,180.0
128.27159207484587,-1.9413555442053827,-34.0,303.0,90.0,180.0
128.14993344048483,-0.8496266912079395,-15.0,303.0,90.0,180.0
126.99128281719403,-1.1492777205316886,-17.0,303.0,90.0,180.0
126.75156255618091,-0.9894638382256892,-19.0,303.0,90.0,180.0
127.9245958201862,-0.6668392938258676,-2.6,303.0,90.0,180.0
127.90931392754446,-1.890114742083921,-0.0,303.0,90.0,180.0
128.14993344048483,-0.779708117699065,-10.0,303.0,90.0,180.0
126.72069872080382,-1.6957408741672757,-0.0,303.0,90.0,180.0
127.21072723804936,-1.004945403832205,-10.0,303.0,90.0,180.0
126.83736250929526,-0.2374391981250316,-10.0,303.0,90.0,180.0
127.93498438091216,-0.4327122796410809,-0.0,303.0,90.0,180.0
126.7983074860334,-0.3281340075250226,-0.0,303.0,90.0,180.0
128.09000337523153,-1.1193126175993136,-10.0,303.0,90.0,180.0
127.5178698331202,-0.9802740728691464,-31.0,303.0,90.0,180.0
127.3508641070673,-1.1392893528875634,-10.0,303.0,90.0,180.0
127.24159197178004,-1.0450991987170637,-10.0,303.0,90.0,180.0
128.84941938190715,-1.989699279535559,-0.0,303.0,90.0,180.0
127.3408762120352,-0.1004991178985676,-10.0,303.0,90.0,180.0
127.32089952361744,-0.1204758531868175,-10.0,303.0,90.0,180.0
128.00010872652842,-0.7097895441901902,-10.0,303.0,90.0,180.0
128.5967134199866,-0.3778764197525729,-0.0,303.0,90.0,180.0
126.96041898181694,-0.6200936613861401,-0.0,303.0,90.0,180.0
127.34686912872516,-1.0435010958266149,-3.8,303.0,90.0,180.0
129.3585262339968,-1.1093242499551883,-22.0,303.0,90.0,180.0
127.29812626052484,-0.9990524555683808,-50.0,303.0,90.0,180.0
127.50428582873268,-0.9917608304071828,-31.0,303.0,90.0,180.0
127.52066640779503,-1.95833549970581,-10.0,303.0,90.0,180.0
128.6786181120055,-1.2470638307845188,-35.0,303.0,90.0,180.0
128.1418428682003,-0.7585330298217996,-30.7,303.0,90.0,180.0
128.88907270864908,-1.0593824117345636,-10.0,303.0,90.0,180.0
127.88704014903882,-1.6492952790324442,-0.0,303.0,90.0,180.0
127.47921457719865,-0.6653409039319562,-14.4,303.0,90.0,180.0
128.9290260854846,-1.848463455620436,-10.0,303.0,90.0,180.0
127.51067851276294,-0.6598477059695654,-10.0,303.0,90.0,180.0
127.56061978463056,-0.7896964853431899,-12.0,303.0,90.0,180.0
127.7758697926504,-0.6037128821802207,-0.0,303.0,90.0,180.0
127.9202010745038,-0.6598477059695654,-10.0,303.0,90.0,180.0
128.4495846651048,-0.9894638382256892,-10.0,303.0,90.0,180.0
129.36372051435976,-1.8020178604856043,-0.0,303.0,90.0,180.0
126.82317930307411,-0.4849511100431993,-35.0,303.0,90.0,180.0
127.50068971937728,-0.6198942353930655,-10.0,303.0,90.0,180.0
127.49070182434518,-0.5799407648165658,-10.0,303.0,90.0,180.0
127.91021317947173,-0.9495103676491892,-10.0,303.0,90.0,180.0
127.23100397656071,-1.019428941158064,-10.0,303.0,90.0,180.0
128.45747580289594,-1.1412872060794452,-0.0,303.0,90.0,180.0
127.13801270308916,-0.9265368525731166,-8.0,303.0,90.0,180.0
127.07119046921864,-1.508858955720187,-10.0,303.0,90.0,180.0
126.73158586776316,-1.019428941158064,-12.0,303.0,90.0,180.0
127.46323376547656,-1.1870339119232318,-0.0,303.0,90.0,180.0
126.74157376279526,-0.6099058677489406,-10.0,303.0,90.0,180.0
126.83636354012134,-0.6558519995858018,-10.0,303.0,90.0,180.0
127.47651771977046,-1.5770797133420755,-0.0,303.0,90.0,180.0
127.84798512577696,-0.6326790585166546,-9.7,303.0,90.0,180.0
127.84029432083275,-0.5899291324606907,-10.0,303.0,90.0,180.0
127.60926383393776,-2.0412392206466325,-0.0,303.0,90.0,180.0
127.5089806245087,-0.9054614776923884,-10.0,303.0,90.0,180.0
127.290934041814,-1.0693707793786889,-11.0,303.0,90.0,180.0
127.7626846572496,-1.381307168528056,-0.0,303.0,90.0,180.0
127.33258530690377,-1.4204620368169736,-24.2,303.0,90.0,180.0
127.32379581553896,-1.5541061982660032,-10.0,303.0,90.0,180.0
127.29732672584429,-1.450427139749349,-25.0,303.0,90.0,180.0
127.93018986788948,-0.8995685294285645,-10.0,303.0,90.0,180.0
127.49070182434518,-1.229184661684688,-10.0,303.0,90.0,180.0
127.35495970100966,-1.474798433407511,-10.0,303.0,90.0,180.0
128.21365994794044,-0.5035300667493592,-0.0,303.0,90.0,180.0
128.2201523492174,-1.9480470947567892,-0.0,303.0,90.0,180.0
126.80639805831792,-1.1827390665498565,-10.0,303.0,90.0,180.0
126.72189712447113,-1.395690992857378,-0.0,303.0,90.0,180.0
126.8449535969928,-0.9683884633449612,-11.9,303.0,90.0,180.0
128.44648804033633,-1.9881011766451104,-0.0,303.0,90.0,180.0
127.974838040501,-1.9753154552062373,-33.0,303.0,90.0,180.0
127.64052743665516,-1.9283703967734351,-23.0,303.0,90.0,180.0
126.86612868907784,-0.3476112795153021,-0.0,303.0,90.0,180.0
127.83639905973732,-1.2073097862010935,-19.0,303.0,90.0,180.0
128.79398377958296,-1.0084416469179982,-10.0,303.0,90.0,180.0
127.72472921876194,-0.5725494266588304,-14.6,303.0,90.0,180.0
128.83803275036087,-0.9922602937051532,-10.0,303.0,90.0,180.0
128.86909602023132,-0.9594987352933142,-10.0,303.0,90.0,180.0
128.69929371950357,-0.9594987352933142,-30.0,303.0,90.0,180.0
127.0112595056118,-1.249161396972938,-10.0,303.0,90.0,180.0
127.9202010745038,-0.7397546471225651,-10.0,303.0,90.0,180.0
127.94567209337814,-0.582438081306418,-35.0,303.0,90.0,180.0
129.38529537378508,-0.1836022648324646,-23.5,303.0,90.0,180.0
126.95132944035852,-1.2191962940405632,-14.0,303.0,90.0,180.0
127.510478179916,-0.5888304928682125,-9.4,303.0,90.0,180.0
127.22101518317508,-0.9195452647168144,-10.0,303.0,90.0,180.0
128.00300501844993,-1.1202118311987173,-19.0,303.0,90.0,180.0
127.73911185947644,-2.080492903616803,-0.0,303.0,90.0,180.0
126.6217136322887,-0.74974301476669,-16.0,303.0,90.0,180.0
127.78036425557949,-0.9694871029374392,-10.0,303.0,90.0,180.0
127.21102728814296,-0.7097895441901902,-18.0,303.0,90.0,180.0
127.1874544903698,-1.0921439701464029,-10.0,303.0,90.0,180.0
127.63113784510314,-0.134060176913273,-0.0,303.0,90.0,180.0
127.79035215061155,-0.5799407648165658,-10.0,303.0,90.0,180.0
127.76038756716171,-0.3901617795781915,-10.0,303.0,90.0,180.0
128.60200741759627,-1.7493783814667685,-0.0,303.0,90.0,180.0
127.46073634254176,-0.5599640295283158,-11.0,303.0,90.0,180.0
127.58599018790464,-0.975280338204726,-50.0,303.0,90.0,180.0
129.15875934981918,-1.1193126175993136,-13.0,303.0,90.0,180.0
126.83736250929526,-1.0038467642397266,-7.5,303.0,90.0,180.0
128.93332111392033,-1.7663592352824795,-18.5,303.0,90.0,180.0
126.9613182337442,-0.2403362649163171,-12.0,303.0,90.0,180.0
126.99967343957216,-1.0154332347743005,-10.0,303.0,90.0,180.0
126.78152713963078,-0.6598477059695654,-11.0,303.0,90.0,180.0
127.9921178714906,-1.284320558878092,-0.0,303.0,90.0,180.0
127.5244619516438,-1.2682389186617842,-25.0,303.0,90.0,180.0
126.74417090297676,-1.6999360065441145,-0.0,303.0,90.0,180.0
127.21102728814296,-1.1592660881758134,-10.0,303.0,90.0,180.0
128.6599395445017,-1.1177145147088647,-35.0,303.0,90.0,180.0
126.56767676647873,-1.666175521536334,-0.0,303.0,90.0,180.0
129.25314935980498,-0.2538208756462352,-0.0,303.0,90.0,180.0
126.93994280881222,-1.1024323750954237,-10.0,303.0,90.0,180.0
128.31254442085532,-1.9616314184832448,-34.0,303.0,90.0,180.0
128.8833798420527,-1.784437830375385,-24.0,303.0,90.0,180.0
127.86027100925052,-0.7197779118343152,-10.0,303.0,90.0,180.0
126.89139937510524,-0.8696034264961896,-24.0,303.0,90.0,180.0
127.1610851179218,-1.019428941158064,-10.0,303.0,90.0,180.0
126.85144599826972,-1.029417308802189,-10.0,303.0,90.0,180.0
127.63243686437067,-1.7949256613174804,-0.0,303.0,90.0,180.0
127.42078296570624,-0.9195452647168144,-11.0,303.0,90.0,180.0
128.90095882478235,-1.050792720987813,-13.5,303.0,90.0,180.0
128.75472932182777,-1.174947978090688,-13.0,303.0,90.0,180.0
128.83913143678146,-0.979475470581564,-10.0,303.0,90.0,180.0
128.84911933181357,-1.029417308802189,-16.0,303.0,90.0,180.0
128.86909602023132,-0.979475470581564,-10.0,303.0,90.0,180.0
127.50068971937728,-0.9195452647168144,-13.0,303.0,90.0,180.0
127.61056195485172,-1.95833549970581,-37.0,303.0,90.0,180.0
128.87908481361697,-1.019428941158064,-23.0,303.0,90.0,180.0
128.89906150203475,-1.039405676446314,-10.0,303.0,90.0,180.0
127.2333010666486,-1.2419694848082772,-0.0,303.0,90.0,180.0
127.98912096396882,-0.8198610142686393,-0.0,303.0,90.0,180.0
128.51231220338647,-1.0125370662982989,-17.0,303.0,90.0,180.0
127.46253394804268,-0.982871102355536,-31.0,303.0,90.0,180.0
129.43843298766782,-0.0905107502544427,-10.0,303.0,90.0,180.0
128.56295239433442,-1.8628463816344736,-19.8,303.0,90.0,180.0
127.4495491454888,-0.936325794224167,-11.5,303.0,90.0,180.0
127.81312631205776,-0.6635433750484331,-14.0,303.0,90.0,180.0
127.64052743665516,-0.529998926595941,-10.0,303.0,90.0,180.0
128.0204842839329,-1.9114901542695453,-35.0,303.0,90.0,180.0
128.3941490627806,-2.00707898533742,-34.0,303.0,90.0,180.0
128.3558935741993,-1.9474479184622815,-25.5,303.0,90.0,180.0
128.21236092867292,-2.047831058201502,-33.0,303.0,90.0,180.0
126.6317015273208,-0.0905107502544427,-12.0,303.0,90.0,180.0
127.86027100925052,-0.6698360736136904,-13.0,303.0,90.0,180.0
126.7229958108917,-0.5699523971724407,-35.0,303.0,90.0,180.0
127.35046523808056,-0.4398035804939204,-0.0,303.0,90.0,180.0
127.49959103295669,-0.607608875567447,-10.2,303.0,90.0,180.0
127.35006547074028,-1.073265874450631,-10.0,303.0,90.0,180.0
127.2245115752838,-1.168056103230923,-10.0,303.0,90.0,180.0
127.26546392129325,-1.2188962567356674,-0.0,303.0,90.0,180.0
127.27954741026772,-1.100834272204975,-10.0,303.0,90.0,180.0
127.46343319996993,-1.100534234900079,-10.0,303.0,90.0,180.0
127.87994854592824,-0.8254548235428516,-0.0,303.0,90.0,180.0
129.02841094134,-1.939956867308009,-45.0,303.0,90.0,180.0
127.54993297051814,-0.9266365655696538,-0.0,303.0,90.0,180.0
128.35309699952447,-1.961531705486708,-10.0,303.0,90.0,180.0
126.585056314715,-1.8994042204370007,-0.0,303.0,90.0,180.0
128.7831963498703,-1.4411376613962688,-10.0,303.0,90.0,180.0
127.52246491164952,-1.0810569629097997,-10.0,303.0,90.0,180.0
126.98419121408348,-1.089347514666939,-0.0,303.0,90.0,180.0
127.23519928774978,-0.4812554409643316,-0.0,303.0,90.0,180.0
127.3390777081807,-1.1537719918981386,-0.0,303.0,90.0,180.0
127.42767513432344,-1.609242095459407,-0.0,303.0,90.0,180.0
126.72828980850136,-1.679759845262789,-0.0,303.0,90.0,180.0
129.09693106346475,-0.9977543899828282,-0.0,303.0,90.0,180.0
127.67958156156344,-1.0465975886109748,-0.0,303.0,90.0,180.0
127.08547339268648,-1.627121264559238,-0.0,303.0,90.0,180.0
129.34614063327658,-0.6608466325655064,-0.0,303.0,90.0,180.0
128.12256599721647,-0.7580335665238291,-0.0,303.0,90.0,180.0
129.3984796108323,-0.2788910585954429,-0.0,303.0,90.0,180.0
126.71650340961476,-1.3292677641190125,-0.0,303.0,90.0,180.0
127.59178367010124,-0.6207934489924692,-10.0,303.0,90.0,180.0
127.5406430962128,-0.6917109490972848,-10.0,303.0,90.0,180.0
127.52396246705683,-0.7596316694142777,-0.0,303.0,90.0,180.0
127.67708413862864,-0.5148164999790369,-0.0,303.0,90.0,180.0
127.41878502735838,-0.9944575728901096,-10.0,303.0,90.0,180.0
128.09539709008789,-0.6119037209408225,-13.7,303.0,90.0,180.0
127.99201815424392,-0.8462301611186838,-19.0,303.0,90.0,180.0
128.12546228913797,-0.7441492054924778,-10.0,303.0,90.0,180.0
128.48524301350457,-0.9251390739910266,-17.0,303.0,90.0,180.0
127.38592325363344,-0.849726404204477,-31.0,303.0,90.0,180.0
128.16072087019748,-0.8225577567515661,-19.0,303.0,90.0,180.0
128.18019897238185,-0.6603471692675359,-10.0,303.0,90.0,180.0
128.18898846374668,-0.8504252934955219,-19.0,303.0,90.0,180.0
128.38805642884395,-0.5564677864425226,-10.0,303.0,90.0,180.0
128.01099587348776,-0.8523234336908664,-10.0,303.0,90.0,180.0
128.01419221550287,-0.7544376104414987,-10.0,303.0,90.0,180.0
127.64652035334514,-0.6084074778550292,-10.0,303.0,90.0,180.0
128.0225819395274,-0.583835859888508,-0.0,303.0,90.0,180.0
127.65261298728178,-0.8374410443788584,-18.1,303.0,90.0,180.0
128.103787712466,-0.4274185076717645,-0.0,303.0,90.0,180.0
128.3849598040755,-0.9271360288676244,-17.0,303.0,90.0,180.0
128.4146252357853,-0.8967720739491003,-17.0,303.0,90.0,180.0
127.85677551549536,-0.4918429849029642,-10.0,303.0,90.0,180.0
127.9282916467883,-0.6326790585166546,-10.0,303.0,90.0,180.0
127.7677792203659,-0.4556857947171535,-10.0,303.0,90.0,180.0
128.15742481093568,-0.9069598675863,-10.0,303.0,90.0,180.0
128.19937612611903,-0.8067761538401543,-19.0,303.0,90.0,180.0
127.70844835694626,-0.5751464561452199,-18.4,303.0,90.0,180.0
127.83240318304162,-0.930432845960343,-0.0,303.0,90.0,180.0
127.77317293522223,-0.5636596986071836,-10.0,303.0,90.0,180.0
127.09006847121582,-1.1137188083251013,-0.0,303.0,90.0,180.0
127.67518681588103,-0.6969041097547798,-10.0,303.0,90.0,180.0
127.90451941452176,-0.6103056180503738,-10.0,303.0,90.0,180.0
127.90521923195566,-0.5535716179665213,-10.0,303.0,90.0,180.0
127.99351570965123,-0.5835367208988962,-10.0,303.0,90.0,180.0
128.63956398709723,-1.1598652644703211,-10.0,303.0,90.0,180.0
127.85657518264844,-0.5647583381996617,-10.0,303.0,90.0,180.0
127.89842678058513,-0.7668226832636544,-10.0,303.0,90.0,180.0
127.77726763081102,-0.5295991762945077,-10.0,303.0,90.0,180.0
128.08041434918616,-0.5029299921395674,-0.0,303.0,90.0,180.0
127.98013113975708,-0.5605632058228235,-0.0,303.0,90.0,180.0
127.71763761565136,-0.5665558670831848,-10.0,303.0,90.0,180.0
128.32972453459823,-0.8895801617844394,-10.0,303.0,90.0,180.0
128.46956135352255,-0.9594987352933142,-12.0,303.0,90.0,180.0
127.83599929239703,-0.5682545812854549,-10.0,303.0,90.0,180.0
128.06293508370322,-0.9473130884642328,-19.0,303.0,90.0,180.0
127.622448070985,-0.4459965660626404,-10.0,303.0,90.0,180.0
127.531354120261,-0.6090066541495369,-10.0,303.0,90.0,180.0
128.23093977893004,-0.7986859263913739,-19.0,303.0,90.0,180.0
127.89563020591028,-1.0921439701464029,-19.0,303.0,90.0,180.0
127.89013677380728,-0.5178132797668596,-10.0,303.0,90.0,180.0
128.15333011534688,-0.6725328160966172,-10.0,303.0,90.0,180.0
127.85717438448206,-0.6390714700784491,-10.0,303.0,90.0,180.0
127.9245958201862,-1.184636308429917,-19.0,303.0,90.0,180.0
127.60616720916931,-0.687315492412088,-10.0,303.0,90.0,180.0
127.58119657323552,-0.620393698691036,-10.0,303.0,90.0,180.0
127.66529863809562,-0.7464470959892555,-10.0,303.0,90.0,180.0
127.60916321833751,-0.7040960219194407,-10.0,303.0,90.0,180.0
128.23982898754153,-0.8396383235638147,-10.0,303.0,90.0,180.0
128.12995675206707,-0.4201268825105664,-21.0,303.0,90.0,180.0
127.65980430763904,-0.690411985196448,-0.0,303.0,90.0,180.0
127.92010135725712,-0.5006329999580738,-10.0,303.0,90.0,180.0
128.16441669679958,-0.4857506106460657,-10.0,303.0,90.0,180.0
127.80403677059932,-0.5972207576218889,-35.0,303.0,90.0,180.0
127.9800314225104,-0.6139006758174201,-10.0,303.0,90.0,180.0
128.04006210336394,-0.8696034264961896,-10.0,303.0,90.0,180.0
128.0006073127618,-0.4694695444366835,-10.0,303.0,90.0,180.0
127.74041087874396,-0.510022191307691,-10.0,303.0,90.0,180.0
127.74410670534606,-0.605910161365177,-10.0,303.0,90.0,180.0
128.34201041807177,-0.8746977724724314,-17.0,303.0,90.0,180.0
128.03007330997826,-0.7896964853431899,-10.0,303.0,90.0,180.0
128.2289418405822,-0.7298659924749774,-10.0,303.0,90.0,180.0
127.77407128879592,-0.5850351107928076,-10.0,303.0,90.0,180.0
127.92849197963524,-0.4664727646488607,-10.0,303.0,90.0,180.0
127.87525375015224,-0.6402707209827487,-22.3,303.0,90.0,180.0
128.6893058244715,-0.9594987352933142,-10.0,303.0,90.0,180.0
127.86586505695378,-0.5480775216888463,-10.0,303.0,90.0,180.0
128.2597059587126,-0.829050779625182,-10.0,303.0,90.0,180.0
127.91380839047356,-0.5518738020795354,-10.0,303.0,90.0,180.0
128.39954277763692,-0.8048789119600939,-7.5,303.0,90.0,180.0
127.87954877858796,-0.6222909405710965,-0.0,303.0,90.0,180.0
127.66559778983564,-0.7769116622196008,-10.0,303.0,90.0,180.0
127.75039877377606,-0.5899291324606907,-10.0,303.0,90.0,180.0
127.75039877377606,-0.6398709706813155,-10.0,303.0,90.0,180.0
127.83030642580069,-0.6798244412578154,-10.0,303.0,90.0,180.0
127.95436186749627,-0.5322959187774345,-35.0,303.0,90.0,180.0
127.74710271451426,-0.5874318159708384,-10.0,303.0,90.0,180.0
128.09120177889884,-0.5282004993971336,-10.0,303.0,90.0,180.0
128.3643839138241,-0.7539381471435282,-10.0,303.0,90.0,180.0
126.80989445042664,-0.8843861028116604,-0.0,303.0,90.0,180.0
128.18319498155006,-0.6281847871502046,-35.0,303.0,90.0,180.0
127.70455219749724,-0.6970047210666012,-41.0,303.0,90.0,180.0
126.63429866750228,-1.313286735214526,-0.0,303.0,90.0,180.0
127.89353255031575,-0.6701352126033022,-35.0,303.0,90.0,180.0
127.90831495837054,-0.4975365071737138,-10.0,303.0,90.0,180.0
127.7131422543687,-0.8289510666286448,-10.0,303.0,90.0,180.0
128.0794162783658,-0.6664395435244345,-10.0,303.0,90.0,180.0
127.7204341903262,-0.5999175001048156,-13.0,303.0,90.0,180.0
127.8178202094802,-0.5179129927633969,-23.0,303.0,90.0,180.0
127.8647654721796,-0.4448979264701622,-10.0,303.0,90.0,180.0
127.659505155899,-0.9167488092373504,-0.0,303.0,90.0,180.0
127.64791819150577,-0.8049786249566312,-31.0,303.0,90.0,180.0
128.6352689586615,-0.9262377135835048,-35.0,303.0,90.0,180.0
128.16811252340167,-0.5051281696398079,-35.0,303.0,90.0,180.0
126.58155992260626,-1.3949912052510487,-0.0,303.0,90.0,180.0
127.8540786580672,-0.503829205738971,-35.0,303.0,90.0,180.0
127.52346298246988,-0.7654249046815645,-35.0,303.0,90.0,180.0
127.89023649105394,-0.4700687207311911,-10.0,303.0,90.0,180.0
127.76038756716171,-0.5399872942400659,-14.0,303.0,90.0,180.0
127.7843592339216,-0.5150159259721114,-35.0,303.0,90.0,180.0
127.49549633736788,-0.8008832055763302,-31.0,303.0,90.0,180.0
127.58329333047648,-0.7060938751113225,-41.0,303.0,90.0,180.0
127.89473095398304,-0.4955386539818319,-35.0,303.0,90.0,180.0
128.1099800636493,-0.76971975005494,-10.0,303.0,90.0,180.0
128.2388300183676,-0.3739804263653465,-0.0,303.0,90.0,180.0
127.93868020751424,-0.5226075884382055,-0.0,303.0,90.0,180.0
127.64052743665516,-0.74974301476669,-10.0,303.0,90.0,180.0
128.22984109250945,-0.9295336323609392,-14.0,303.0,90.0,180.0
128.708383260962,-1.0642764334024468,-26.5,303.0,90.0,180.0
127.5464365784094,-0.2404359779128543,-0.0,303.0,90.0,180.0
128.62747753811703,-1.187432763909381,-17.0,303.0,90.0,180.0
128.11337673851136,-0.6699357866102276,-35.0,303.0,90.0,180.0
127.6257441302468,-0.4571832862957807,-41.0,303.0,90.0,180.0
128.67841867751213,-1.0637769701044766,-4.9,303.0,90.0,180.0
128.32972453459823,-0.9694871029374392,-19.0,303.0,90.0,180.0
127.28014661210136,-0.8075756544430207,-35.0,303.0,90.0,180.0
129.0401973402266,-1.1582671615798723,-35.0,303.0,90.0,180.0
128.82384864578614,-1.381607205832952,-0.0,303.0,90.0,180.0
127.99051970048303,-0.643865778749795,-35.0,303.0,90.0,180.0
128.1554277709414,-0.4773603458923893,-0.0,303.0,90.0,180.0
128.2805818990576,-0.8659077574173217,-0.0,303.0,90.0,180.0
127.88024769766828,-1.075663477943946,-0.0,303.0,90.0,180.0
127.3130083858263,-0.9029641612025364,-0.0,303.0,90.0,180.0
127.83000637570706,-0.5360913008528395,-35.0,303.0,90.0,180.0
128.28877218858878,-0.8025810214633162,-17.0,303.0,90.0,180.0
127.72462950151524,-0.5117200071946769,-41.0,303.0,90.0,180.0
128.5087160940311,-0.3707842205844492,-35.0,303.0,90.0,180.0
127.55412738335362,-0.7023982060324548,-0.0,303.0,90.0,180.0
127.97333958674012,-1.363328286431688,-0.0,303.0,90.0,180.0
127.49090125883852,-0.9109555739700634,-31.0,303.0,90.0,180.0
128.9615887074695,-2.050328374691354,-24.0,303.0,90.0,180.0
127.39711045068638,-0.8211599781694762,-31.0,303.0,90.0,180.0
128.7967803542578,-0.9371243965117492,-35.0,303.0,90.0,180.0
128.56754747286377,-1.4096741685699825,-0.0,303.0,90.0,180.0
128.36967791143374,-0.9095568970726894,-10.0,303.0,90.0,180.0
127.51477320835174,-0.6843187126242654,-41.0,303.0,90.0,180.0
127.77926556915888,-0.7629275881917122,-35.0,303.0,90.0,180.0
127.99331627515788,-0.5544699332506409,-0.0,303.0,90.0,180.0
127.37623451034138,-0.8394388975707401,-0.0,303.0,90.0,180.0
127.8544775270539,-0.6232898671670374,-0.0,303.0,90.0,180.0
127.5864896724916,-0.6542538966953532,-41.0,303.0,90.0,180.0
127.90551838369568,-0.5115205812016024,-0.0,303.0,90.0,180.0
127.5820949268092,-0.7935915804151321,-35.0,303.0,90.0,180.0
128.69929371950357,-0.9594987352933142,-10.0,303.0,90.0,180.0
127.40100571178183,-1.0241235368328727,-0.0,303.0,90.0,180.0
127.9111115330454,-0.722474654317242,-10.0,303.0,90.0,180.0
127.22570997895107,-0.8641093302185145,-0.0,303.0,90.0,180.0
127.55063188959846,-0.8696034264961896,-10.0,303.0,90.0,180.0
127.6940648178782,-0.7568343156195296,-10.0,303.0,90.0,180.0
127.47362142784894,-0.580040477813103,-41.0,303.0,90.0,180.0
127.8441895819282,-0.3693855436870752,-0.0,303.0,90.0,180.0
127.91700473248868,-0.583136970597463,-0.0,303.0,90.0,180.0
127.75599282147932,-0.6282845001467419,-35.0,303.0,90.0,180.0
127.58928714552002,-0.6907120225013439,-41.0,303.0,90.0,180.0
127.7304220853583,-0.6498593383254405,-10.0,303.0,90.0,180.0
128.1699101289026,-0.74974301476669,-10.0,303.0,90.0,180.0
128.07971543010584,-0.5067262725302565,-0.0,303.0,90.0,180.0
127.02724121568744,-1.09843666871166,-0.0,303.0,90.0,180.0
127.96984319463138,-0.6820217204427717,-0.0,303.0,90.0,180.0
127.57919863488767,-0.592426448950543,-0.0,303.0,90.0,180.0
127.8343014041428,-0.531397603493315,-35.0,303.0,90.0,180.0
127.8378975134982,-0.5601634555213904,-35.0,303.0,90.0,180.0
127.42258057120716,-0.7745140587262859,-35.0,303.0,90.0,180.0
127.73162138737916,-0.6508582649213813,-35.0,303.0,90.0,180.0
127.71813710023832,-0.6068093749645807,-35.0,303.0,90.0,180.0
128.2498177809272,-0.5399872942400659,-10.0,303.0,90.0,180.0
128.5600561024129,-0.9572017431118206,-17.0,303.0,90.0,180.0
128.14993344048483,-0.8396383235638147,-10.0,303.0,90.0,180.0
127.6205507482374,-0.6298826030371906,-15.0,303.0,90.0,180.0
128.13994554545272,-0.8795917941403146,-10.0,303.0,90.0,180.0
128.1459384621427,-0.7460473456878223,-29.6,303.0,90.0,180.0
127.93937912659456,-0.8084748680424244,-19.0,303.0,90.0,180.0
128.67112674155464,-1.538923771649099,-0.0,303.0,90.0,180.0
127.02454435825928,-0.1462458237423543,-0.0,303.0,90.0,180.0
127.6140574486069,-0.662144698151059,-41.0,303.0,90.0,180.0
128.03506725749432,-0.6503588016234109,-10.0,303.0,90.0,180.0
128.3541956859451,-0.8737985588730277,-17.0,303.0,90.0,180.0
127.05101344795396,-0.9837703159549396,-0.0,303.0,90.0,180.0
128.05004999839602,-0.8995685294285645,-12.0,303.0,90.0,180.0
128.01289319623535,-0.3314299263024571,-0.0,303.0,90.0,180.0
126.74157376279526,-1.039405676446314,-10.0,303.0,90.0,180.0
127.44964976108906,-0.7227746916221379,-10.0,303.0,90.0,180.0
126.83386611718652,-1.0363091836619538,-0.0,303.0,90.0,180.0
127.03053727494924,-1.19432553708443,-12.5,303.0,90.0,180.0
128.26969475209827,-0.8764953013559545,-17.0,303.0,90.0,180.0
128.21985229912377,-0.8396383235638147,-20.0,303.0,90.0,180.0
127.44805159008148,-0.6881149930149544,-0.0,303.0,90.0,180.0
127.64881744343302,-0.7450484190918814,-35.0,303.0,90.0,180.0
129.19421736537203,-1.639906087682827,-35.0,303.0,90.0,180.0
126.98858595976589,-1.1407877427814748,-0.0,303.0,90.0,180.0
127.92659375853404,-0.6066099489715061,-35.0,303.0,90.0,180.0
127.440759654124,-0.8795917941403146,-10.0,303.0,90.0,180.0
128.50362153091478,-0.7732159931407332,-11.8,303.0,90.0,180.0
127.8329026676286,-0.6557522865892644,-35.0,303.0,90.0,180.0
129.108817179598,-1.9183820291293103,-13.0,303.0,90.0,180.0
127.9202010745038,-0.6998011765460652,-10.0,303.0,90.0,180.0
127.99011993314276,-0.2703013678486919,-10.0,303.0,90.0,180.0
128.8387316694412,-1.08155642620777,-9.7,303.0,90.0,180.0
128.87908481361697,-1.8584518232645608,-14.0,303.0,90.0,180.0
128.9190381904525,-1.8684401909086852,-11.0,303.0,90.0,180.0
128.52389826942616,-0.9986527052669476,-14.9,303.0,90.0,180.0
128.58522707119363,-1.0669731758853738,-17.0,303.0,90.0,180.0
128.55096656095446,-1.0135359928942398,-17.0,303.0,90.0,180.0
128.58452725375977,-0.8645090805199478,-10.0,303.0,90.0,180.0
127.30701546913632,-1.5342291759742903,-0.0,303.0,90.0,180.0
128.4495846651048,-0.9195452647168144,-13.0,303.0,90.0,180.0
128.52389826942616,-1.0825553528037108,-20.4,303.0,90.0,180.0
128.4895380419403,-0.9395220000050644,-10.0,303.0,90.0,180.0
128.51950352374374,-0.9594987352933142,-10.0,303.0,90.0,180.0
128.5394802121615,-0.9495103676491892,-10.0,303.0,90.0,180.0
128.65934034266806,-0.9894638382256892,-10.0,303.0,90.0,180.0
128.42960797668704,-0.979475470581564,-10.0,303.0,90.0,180.0
128.2619033315538,-0.8250550732414184,-10.0,303.0,90.0,180.0
128.03097256190551,-0.6148996024133611,-35.0,303.0,90.0,180.0
128.86909602023132,-0.9894638382256892,-10.0,303.0,90.0,180.0
127.22940580555316,-0.3742804636702425,-10.0,303.0,90.0,180.0
127.29043455722704,-0.3824704041155601,-41.0,303.0,90.0,180.0
128.5934173607248,-0.9779770806876528,-17.0,303.0,90.0,180.0
128.56295239433442,-1.0084416469179982,-10.0,303.0,90.0,180.0
128.34730351732787,-0.9268368898780124,-0.0,303.0,90.0,180.0
128.63796581608966,-0.9750809122116514,-17.0,303.0,90.0,180.0
128.62927514361797,-1.0204278677540048,-17.0,303.0,90.0,180.0
128.39964339323717,-0.9295336323609392,-12.0,303.0,90.0,180.0
127.78206214383373,-0.5670553303811553,-35.0,303.0,90.0,180.0
128.1898877156739,-0.8396383235638147,-11.0,303.0,90.0,180.0
129.40846840421798,-1.1492777205316886,-10.0,303.0,90.0,180.0
128.29846093188084,-1.180940639351049,-17.0,303.0,90.0,180.0
127.78346088034792,-0.5892302431696457,-35.0,303.0,90.0,180.0
127.62864132052192,-0.2466289634815743,-0.0,303.0,90.0,180.0
127.90022438608604,-0.6099058677489406,-10.0,303.0,90.0,180.0
127.820317632415,-0.5499756618841909,-13.0,303.0,90.0,180.0
127.50158897130451,-1.46570927936279,-0.0,303.0,90.0,180.0
128.3596891180481,-0.9295336323609392,-10.0,303.0,90.0,180.0
128.14993344048483,-0.8196615882755647,-14.0,303.0,90.0,180.0
127.47871509261168,-1.1748482650941503,-31.0,303.0,90.0,180.0
126.8214805164663,-0.6598477059695654,-10.0,303.0,90.0,180.0
128.42041871798193,-1.5226427054397167,-0.0,303.0,90.0,180.0
127.15109722288967,-1.2391730293288132,-10.0,303.0,90.0,180.0
128.74923588972476,-1.3290683381259376,-15.0,303.0,90.0,180.0
127.8103297373829,-0.6798244412578154,-10.0,303.0,90.0,180.0
127.45074844750968,-0.7397546471225651,-10.0,303.0,90.0,180.0
128.1099800636493,-0.8596150588520646,-11.0,303.0,90.0,180.0
128.30974784618047,-1.8584518232645608,-21.0,303.0,90.0,180.0
128.1099800636493,-0.8396383235638147,-12.0,303.0,90.0,180.0
128.5511668938014,-0.9557033532179092,-17.0,303.0,90.0,180.0
128.52949141877582,-0.9594987352933142,-10.0,303.0,90.0,180.0
127.51467349110506,-1.8873182866044576,-0.0,303.0,90.0,180.0
126.69163249092765,-0.6398709706813155,-10.0,303.0,90.0,180.0
128.00010872652842,-0.74974301476669,-10.0,303.0,90.0,180.0
127.25227878589244,-1.1351939335072627,-31.0,303.0,90.0,180.0
128.20986440409166,-0.8696034264961896,-10.0,303.0,90.0,180.0
127.59428109303607,-0.9827713893589988,-0.0,303.0,90.0,180.0
128.20986440409166,-0.8396383235638147,-10.0,303.0,90.0,180.0
127.52016692320808,-1.0338118671721015,-50.0,303.0,90.0,180.0
128.60100844842233,-2.025057867433788,-0.0,303.0,90.0,180.0
126.78821987375464,-1.8307837125136797,-0.0,303.0,90.0,180.0
127.19434665898702,-0.4973370811806392,-35.0,303.0,90.0,180.0
128.5394802121615,-0.9095568970726894,-21.0,303.0,90.0,180.0
127.91021317947173,-0.6598477059695654,-10.0,303.0,90.0,180.0
128.17989892228826,-0.8096732206314399,-10.0,303.0,90.0,180.0
128.20986440409166,-2.008277337926435,-14.0,303.0,90.0,180.0
127.11114384605418,-0.4900454560194411,-10.0,303.0,90.0,180.0
127.93698142090643,-0.9110552869666008,-10.0,303.0,90.0,180.0
128.3268282426767,-0.7601311327122482,-17.0,303.0,90.0,180.0
126.56178356703542,-1.728603043890936,-10.0,303.0,90.0,180.0
128.25980567595929,-0.8696034264961896,-10.0,303.0,90.0,180.0
127.29622803942368,-0.5782429489295798,-0.0,303.0,90.0,180.0
127.83270323313522,-0.6787258016653371,-10.0,303.0,90.0,180.0
127.7519969447836,-0.5605632058228235,-10.0,303.0,90.0,180.0
129.41845629925007,-1.95833549970581,-10.0,303.0,90.0,180.0
127.41129365690752,-0.7670230075720131,-31.0,303.0,90.0,180.0
128.14993344048483,-0.8396383235638147,-10.0,303.0,90.0,180.0
127.40140547912212,-0.7932924414255204,-0.0,303.0,90.0,180.0
128.02487902961528,-1.8846215441215304,-10.0,303.0,90.0,180.0
127.31600529334808,-1.1310985141269616,-31.0,303.0,90.0,180.0
127.36904318998413,-1.109124823962114,-31.0,303.0,90.0,180.0
127.58638995524493,-1.1862344113203656,-31.0,303.0,90.0,180.0
128.43869751814546,-1.076762117536424,-17.0,303.0,90.0,180.0
126.87401982686896,-1.0280186319048148,-0.0,303.0,90.0,180.0
126.78782010641436,-1.0057449044350713,-34.0,303.0,90.0,180.0
126.85414285569787,-1.306094823049865,-0.0,303.0,90.0,180.0
127.87085900446982,-1.4486287125505417,-0.0,303.0,90.0,180.0
127.93538324989886,-1.2082089998004972,-0.0,303.0,90.0,180.0
129.38859143304688,-0.1706171174005168,-10.0,303.0,90.0,180.0
128.92922641833152,-1.205412544321033,-10.0,303.0,90.0,180.0
128.97097740066798,-1.0295170217987262,-10.0,303.0,90.0,180.0
127.3948133605985,-0.9212430806038002,-31.0,303.0,90.0,180.0
127.50698268616084,-0.6619452721579845,-41.0,303.0,90.0,180.0
126.76155045121304,-1.9083936614851853,-10.0,303.0,90.0,180.0
128.40094151415113,-1.9841054702613468,-34.0,303.0,90.0,180.0
129.45611258599772,-0.3132516182130145,-35.0,303.0,90.0,180.0
127.49549633736788,-2.0298521761051336,-0.0,303.0,90.0,180.0
128.9290260854846,-0.9495103676491892,-10.0,303.0,90.0,180.0
129.34174588759416,-1.052490536874799,-20.0,303.0,90.0,180.0
128.05564404609927,-1.644401257364561,-0.0,303.0,90.0,180.0
127.3541601663291,-1.6539898747072526,-25.0,303.0,90.0,180.0
127.07119046921864,-1.0993358823110635,-26.0,303.0,90.0,180.0
128.86929635307823,-1.043600808823152,-0.0,303.0,90.0,180.0
128.729259201307,-1.0593824117345636,-10.0,303.0,90.0,180.0
128.75922468311043,-1.0493940440904388,-15.0,303.0,90.0,180.0
127.98013113975708,-0.6998011765460652,-10.0,303.0,90.0,180.0
128.2061685774896,-0.7832043607848581,-19.0,303.0,90.0,180.0
127.44026016953704,-1.1638609708540848,-31.0,303.0,90.0,180.0
127.26985866697564,-1.1252055658631377,-31.0,303.0,90.0,180.0
126.8397593166298,-1.206710609906586,-0.0,303.0,90.0,180.0
128.05224737123723,-0.6862168528196099,-35.0,303.0,90.0,180.0
127.74969985469572,-0.5084240884172424,-35.0,303.0,90.0,180.0
126.78552301632648,-1.1493774335282256,-34.0,303.0,90.0,180.0
128.34061168155756,-1.4507262787389603,-0.0,303.0,90.0,180.0
127.78036425557949,-1.3490450734141877,-12.0,303.0,90.0,180.0
127.95456130198964,-1.3477461095133507,-0.0,303.0,90.0,180.0
127.696562240813,-1.4078766396864593,-0.0,303.0,90.0,180.0
128.88907270864908,-1.5288356910084369,-10.0,303.0,90.0,180.0
127.1059495656912,-1.1403879924800415,-34.0,303.0,90.0,180.0
128.1099800636493,-0.759731382410815,-11.0,303.0,90.0,180.0
128.32343156781465,-1.013235955589344,-0.0,303.0,90.0,180.0
127.80283836693204,-1.0803580736187546,-0.0,303.0,90.0,180.0
127.4259772460692,-2.0499286243899206,-0.0,303.0,90.0,180.0
128.58942238238268,-2.03824244085881,-10.0,303.0,90.0,180.0
127.45074844750968,-0.8396383235638147,-17.0,303.0,90.0,180.0
127.30941227647088,-1.1543720665079302,-10.0,303.0,90.0,180.0
127.61056195485172,-1.019428941158064,-19.0,303.0,90.0,180.0
128.87908481361697,-2.03824244085881,-15.0,303.0,90.0,180.0
127.44275759247184,-0.7710178156404927,-35.0,303.0,90.0,180.0
127.87565351749252,-0.7584324185099782,-19.0,303.0,90.0,180.0
127.4546437086051,-0.6587490663770872,-0.0,303.0,90.0,180.0
127.88024769766828,-0.8995685294285645,-10.0,303.0,90.0,180.0
127.71044539694054,-0.5699523971724407,-13.0,303.0,90.0,180.0
127.65051533168726,-1.1692544558199385,-10.0,303.0,90.0,180.0
126.67375255975084,-1.1599649774668583,-35.0,303.0,90.0,180.0
127.28244370218924,-0.9480119777552778,-10.0,303.0,90.0,180.0
126.54510293787946,-0.7596316694142777,-35.0,303.0,90.0,180.0
127.61056195485172,-0.1104874855426926,-10.0,303.0,90.0,180.0
126.70361832430758,-0.427917970969735,-35.0,303.0,90.0,180.0
128.8727918468334,-1.8818241903267825,-24.0,303.0,90.0,180.0
127.5442392055682,-0.8709014920817423,-31.0,303.0,90.0,180.0
127.5174700657799,-1.0127364922913735,-31.0,303.0,90.0,180.0
127.52066640779503,-0.529998926595941,-10.0,303.0,90.0,180.0
127.58289446148976,-0.4718662496147143,-10.0,303.0,90.0,180.0
128.89906150203475,-1.029417308802189,-10.0,303.0,90.0,180.0
126.83736250929526,-1.818498352688061,-0.0,303.0,90.0,180.0
127.57060857801622,-0.9395220000050644,-10.0,303.0,90.0,180.0
128.07412228075617,-1.2844202718746294,-0.0,303.0,90.0,180.0
127.29233277832822,-1.6821574487561044,-0.0,303.0,90.0,180.0
127.93788067283369,-1.0421024189292405,-0.0,303.0,90.0,180.0
128.24272617781662,-1.829685072921201,-10.0,303.0,90.0,180.0
128.1260614909716,-0.6374733671880005,-35.0,303.0,90.0,180.0
127.90022438608604,-0.76971975005494,-24.0,303.0,90.0,180.0
127.69046870852276,-0.8696034264961896,-10.0,303.0,90.0,180.0
127.6507147661806,-1.90859308747826,-0.0,303.0,90.0,180.0
128.04006210336394,-0.7297662794784401,-10.0,303.0,90.0,180.0
127.36085290045295,-1.4289520145671872,-10.0,303.0,90.0,180.0
127.47531931610318,-1.2558538458396284,-25.0,303.0,90.0,180.0
127.69826012906724,-0.5455811035142781,-41.0,303.0,90.0,180.0
127.08107864700406,-1.052890287176232,-0.0,303.0,90.0,180.0
128.077717491758,-0.7389551465196987,-35.0,303.0,90.0,180.0
128.21985229912377,-0.8096732206314399,-10.0,303.0,90.0,180.0
128.42960797668704,-0.9495103676491892,-10.0,303.0,90.0,180.0
128.451782037946,-0.7233738679166456,-0.0,303.0,90.0,180.0
127.33967780836792,-0.9126533898570496,-0.0,303.0,90.0,180.0
128.9190381904525,-1.848463455620436,-10.0,303.0,90.0,180.0
128.79917805994594,-1.9283703967734351,-12.0,303.0,90.0,180.0
127.86027100925052,-0.6398709706813155,-10.0,303.0,90.0,180.0
128.41962008165493,-0.9295336323609392,-10.0,303.0,90.0,180.0
127.60057316146607,-0.8396383235638147,-10.0,303.0,90.0,180.0
126.62381128788324,-0.0884131840660236,-10.0,303.0,90.0,180.0
127.61275932769294,-0.769020860763895,-31.0,303.0,90.0,180.0
127.6478184742591,-0.7424513896054918,-41.0,303.0,90.0,180.0
128.0427589607921,-0.4298152128497954,-0.0,303.0,90.0,180.0
127.71693779821749,-0.8137686400117408,-35.0,303.0,90.0,180.0
127.77217396604831,-0.903563337497044,-10.0,303.0,90.0,180.0
129.46839846947125,-0.9594987352933142,-10.0,303.0,90.0,180.0
127.6492172107733,-0.8155661688952638,-10.0,303.0,90.0,180.0
127.88913780463336,-0.6854182505320277,-10.0,303.0,90.0,180.0
127.98133044177791,-1.963728984671664,-0.0,303.0,90.0,180.0
127.71883601931864,-0.7930921171171617,-31.0,303.0,90.0,180.0
127.28144563136888,-0.8289510666286448,-31.0,303.0,90.0,180.0
127.59058526643398,-0.9195452647168144,-20.0,303.0,90.0,180.0
127.80034094399724,-0.8895801617844394,-19.0,303.0,90.0,180.0
127.78006420548589,-0.7698194630514772,-10.0,303.0,90.0,180.0
127.70964676061354,-0.7278681392830956,-10.0,303.0,90.0,180.0
127.97643621150856,-0.4691695071317875,-0.0,303.0,90.0,180.0
127.45074844750968,-0.8296499559196897,-10.0,303.0,90.0,180.0
128.64935244763595,-2.07819591143531,-10.0,303.0,90.0,180.0
129.23866610349023,-1.1193126175993136,-10.0,303.0,90.0,180.0
127.69236692962394,-0.6969041097547798,-41.0,303.0,90.0,180.0
127.6129587621863,-0.9174476985283953,-31.0,303.0,90.0,180.0
127.71044539694054,-0.1404525884750675,-10.0,303.0,90.0,180.0
127.84029432083275,-1.089347514666939,-18.0,303.0,90.0,180.0
127.68437607458613,-0.7947908313194316,-31.0,303.0,90.0,180.0
127.32918953039528,-1.278127573309372,-25.0,303.0,90.0,180.0
126.89139937510524,-2.034946522081375,-25.0,303.0,90.0,180.0
128.60280605392325,-0.9078590811857036,-0.0,303.0,90.0,180.0
127.86166974576471,-1.120111219886896,-0.0,303.0,90.0,180.0
127.61455693319384,-1.8924117342654152,-0.0,303.0,90.0,180.0
127.80203883225148,-0.7133855002725207,-0.0,303.0,90.0,180.0
127.94017776292156,-1.9683238673499357,-10.0,303.0,90.0,180.0
127.80034094399724,-0.8995685294285645,-12.0,303.0,90.0,180.0
126.99128281719403,-1.1193126175993136,-10.0,303.0,90.0,180.0
126.94134154532642,-0.9894638382256892,-10.0,303.0,90.0,180.0
127.8103297373829,-0.9594987352933142,-10.0,303.0,90.0,180.0
127.84029432083275,-0.8895801617844394,-10.0,303.0,90.0,180.0
127.7802645383328,-0.909457184076152,-0.0,303.0,90.0,180.0
128.16371777771926,-1.3648266763255994,-0.0,303.0,90.0,180.0
128.13994554545272,-0.8696034264961896,-10.0,303.0,90.0,180.0
127.6305386432695,-0.6398709706813155,-10.0,303.0,90.0,180.0
127.9202010745038,-0.6698360736136904,-10.0,303.0,90.0,180.0
127.61056195485172,-0.9894638382256892,-10.0,303.0,90.0,180.0
127.80034094399724,-0.5999175001048156,-10.0,303.0,90.0,180.0
127.90052443617964,-1.233579220054601,-19.0,303.0,90.0,180.0
128.9388154443769,-1.3212772496667688,-0.0,303.0,90.0,180.0
128.41962008165493,-0.9594987352933142,-10.0,303.0,90.0,180.0
126.8496483927688,-0.9362260812276296,-10.0,303.0,90.0,180.0
127.10215402184242,-0.9896632642187636,-1.5,303.0,90.0,180.0
127.30811415555692,-0.9286344187615356,-13.0,303.0,90.0,180.0
126.911376063523,-0.8895801617844394,-10.0,303.0,90.0,180.0
127.061201675833,-0.8196615882755647,-19.0,303.0,90.0,180.0
127.6205507482374,-0.9195452647168144,-10.0,303.0,90.0,180.0
127.95376266566264,-0.1491419922183556,-0.0,303.0,90.0,180.0
127.86746232960778,-1.1251058528666005,-0.0,303.0,90.0,180.0
127.55063188959846,-0.9395220000050644,-10.0,303.0,90.0,180.0
126.61402282734448,-0.3545031543750671,-0.0,303.0,90.0,180.0
126.9620171528245,-1.1884316905053218,-4.6,303.0,90.0,180.0
127.55063188959846,-1.089347514666939,-10.0,303.0,90.0,180.0
127.50068971937728,-0.8596150588520646,-10.0,303.0,90.0,180.0
127.47072513592742,-0.6498593383254405,-10.0,303.0,90.0,180.0
127.52066640779503,-0.8496266912079395,-10.0,303.0,90.0,180.0
127.56061978463056,-0.8396383235638147,-10.0,303.0,90.0,180.0
127.30501753078848,-1.8009183225778416,-0.0,303.0,90.0,180.0
128.11996885703496,-0.8396383235638147,-10.0,303.0,90.0,180.0
126.90238713766485,-1.1142182716230715,-15.6,303.0,90.0,180.0
127.42947273982438,-0.9223417201962784,-10.0,303.0,90.0,180.0
126.79251490219036,-0.9857681691468212,-20.9,303.0,90.0,180.0
126.681643697542,-0.5899291324606907,-10.0,303.0,90.0,180.0
127.75039877377606,-0.529998926595941,-10.0,303.0,90.0,180.0
127.7304220853583,-0.5699523971724407,-10.0,303.0,90.0,180.0
127.40080627728848,-0.8995685294285645,-10.0,303.0,90.0,180.0
127.53065520118068,-0.9195452647168144,-10.0,303.0,90.0,180.0
126.7215970743775,-1.229184661684688,-18.0,303.0,90.0,180.0
126.55509083291156,-1.5717859413727595,-20.1,303.0,90.0,180.0
127.30441832895484,-1.2766291834154608,-25.0,303.0,90.0,180.0
127.5688109725153,-0.3367236982717735,-0.0,303.0,90.0,180.0
126.5621833343757,-1.5184475730628786,-15.9,303.0,90.0,180.0
127.69915848264093,-1.0155329477708377,-0.0,303.0,90.0,180.0
126.94933240036424,-0.2098716986859717,-42.2,303.0,90.0,180.0
126.55339294465732,-1.381307168528056,-10.0,303.0,90.0,180.0
127.21522259933202,-1.0776613311358276,-0.0,303.0,90.0,180.0
127.24378934462123,-1.199518697741925,-12.8,303.0,90.0,180.0
126.57586705600988,-1.545715933512327,-0.0,303.0,90.0,180.0
127.42697531688955,-1.129500411236513,-10.5,303.0,90.0,180.0
127.35026490523364,-1.1606647650731874,-0.0,303.0,90.0,180.0
128.2997590527948,-1.9683238673499357,-11.0,303.0,90.0,180.0
127.50848113992174,-1.2450659775926372,-0.0,303.0,90.0,180.0
127.47072513592742,-1.0693707793786889,-10.0,303.0,90.0,180.0
127.15079717279608,-1.2504594625584908,-0.0,303.0,90.0,180.0
127.9125102695596,-1.0580834478337269,-0.0,303.0,90.0,180.0
128.00010872652842,-1.279126499905313,-16.0,303.0,90.0,180.0
127.3508641070673,-1.6087426321614364,-11.0,303.0,90.0,180.0
127.31580496050114,-0.5608632431277194,-0.0,303.0,90.0,180.0
127.80034094399724,-1.0993358823110635,-10.0,303.0,90.0,180.0
126.90138816849093,-0.7896964853431899,-10.0,303.0,90.0,180.0
127.50068971937728,-0.979475470581564,-10.0,303.0,90.0,180.0
127.40500158847752,-1.073265874450631,-0.0,303.0,90.0,180.0
127.45314525484422,-1.8361780957948168,-0.0,303.0,90.0,180.0
129.27861948032574,-0.1204758531868175,-13.0,303.0,90.0,180.0
128.2498177809272,-0.8696034264961896,-3.0,303.0,90.0,180.0
127.56061978463056,-0.7996848529873148,-7.0,303.0,90.0,180.0
127.8103297373829,-2.028254073214685,-16.0,303.0,90.0,180.0
127.58059647304832,-0.8596150588520646,-10.0,303.0,90.0,180.0
127.51067851276294,-0.8795917941403146,-10.0,303.0,90.0,180.0
128.26979446934496,-2.028254073214685,-10.0,303.0,90.0,180.0
127.26096945836416,-1.0593824117345636,-4.0,303.0,90.0,180.0
127.56061978463056,-0.8795917941403146,-11.0,303.0,90.0,180.0
127.65051533168726,-0.6198942353930655,-10.0,303.0,90.0,180.0
126.84145720488404,-1.089347514666939,-10.0,303.0,90.0,180.0
127.22101518317508,-1.0693707793786889,-10.0,303.0,90.0,180.0
127.4807130309595,-0.8496266912079395,-10.0,303.0,90.0,180.0
127.6205507482374,-0.9095568970726894,-10.0,303.0,90.0,180.0
126.86143479165538,-0.779708117699065,-23.0,303.0,90.0,180.0
128.07002668681378,-0.8496266912079395,-10.0,303.0,90.0,180.0
127.6305386432695,-0.6698360736136904,-10.0,303.0,90.0,180.0
126.6217136322887,-0.2003827943398172,-46.0,303.0,90.0,180.0
127.7204341903262,-0.5499756618841909,-5.0,303.0,90.0,180.0
128.76831332621526,-0.5654572274907067,-33.0,303.0,90.0,180.0
128.1699101289026,-1.9083936614851853,-10.0,303.0,90.0,180.0
127.08257710076496,-2.074799381346053,-0.0,303.0,90.0,180.0
127.45484314309846,-0.974581448913681,-33.0,303.0,90.0,180.0
127.55392794886026,-1.7498778447647387,-0.0,303.0,90.0,180.0
126.92136485690868,-0.6798244412578154,-14.0,303.0,90.0,180.0
127.7736724198092,-1.777645668512157,-0.0,303.0,90.0,180.0
128.02467959512194,-2.0108743674128244,-33.0,303.0,90.0,180.0
126.82787320049655,-1.747481139586708,-0.0,303.0,90.0,180.0
126.83146930985195,-1.0993358823110635,-23.0,303.0,90.0,180.0
126.85144599826972,-1.1792428234640633,-20.0,303.0,90.0,180.0
127.3694429573244,-1.0939423973452098,-0.0,303.0,90.0,180.0
126.83146930985195,-1.1492777205316886,-10.0,303.0,90.0,180.0
126.72958792941532,-0.5220084121436978,-10.0,303.0,90.0,180.0
127.78056369007284,-0.1054928525629881,-9.6,303.0,90.0,180.0
127.84029432083275,-0.5899291324606907,-10.0,303.0,90.0,180.0
127.59687823321757,-1.432647683646055,-0.0,303.0,90.0,180.0
127.7304220853583,-1.9183820291293103,-10.0,303.0,90.0,180.0
129.045390722236,-0.6150002137251824,-0.0,303.0,90.0,180.0
126.91177583086328,-1.250958925856461,-10.0,303.0,90.0,180.0
128.19677898593756,-0.5625610590147053,-0.0,303.0,90.0,180.0
127.03712939347284,-0.8934752568563817,-0.0,303.0,90.0,180.0
127.5027873749718,-1.5969558373185042,-0.0,303.0,90.0,180.0
127.19864168742276,-0.1631260662462442,-0.0,303.0,90.0,180.0
128.03886280134307,-0.4933413747968756,-0.0,303.0,90.0,180.0
128.3610878545623,-2.060117316342404,-0.0,303.0,90.0,180.0
126.8963933226213,-2.0622148825308235,-0.0,303.0,90.0,180.0
128.50092467348662,-1.5990534035069237,-0.0,303.0,90.0,180.0
128.1008905221909,-1.949445771654163,-0.0,303.0,90.0,180.0
128.08231257028734,-0.645264455647169,-0.0,303.0,90.0,180.0
128.30405408123053,-0.5022311028485225,-0.0,303.0,90.0,180.0
127.62704314951434,-1.529834617604378,-0.0,303.0,90.0,180.0
127.26696237505412,-1.1932259991766678,-10.0,303.0,90.0,180.0
126.7780316458756,-0.7952902946174021,-0.0,303.0,90.0,180.0
126.56278253620934,-1.622227242891355,-10.0,303.0,90.0,180.0
126.62780626622536,-0.7973878608058212,-0.0,303.0,90.0,180.0
127.41608816993022,-2.072701815157634,-0.0,303.0,90.0,180.0
127.79404797721368,-2.066609440900736,-0.0,303.0,90.0,180.0
127.12672578878951,-1.702533036030503,-0.0,303.0,90.0,180.0
127.29542940309666,-0.8130688524054115,-0.0,303.0,90.0,180.0
127.33518244708526,-0.3028635002674563,-0.0,303.0,90.0,180.0
128.11347645575805,-1.8992038961286424,-0.0,303.0,90.0,180.0
128.58043255817094,-1.0623791915223866,-10.0,303.0,90.0,180.0
127.54014361162584,-0.8788929048492695,-0.0,303.0,90.0,180.0
126.88980120409768,-2.028753536512655,-0.0,303.0,90.0,180.0
126.96161738548422,-1.1381907132950857,-0.0,303.0,90.0,180.0
128.2810813836446,-1.958834963003781,-0.0,303.0,90.0,180.0
127.6290401895086,-1.1155172355239085,-0.0,303.0,90.0,180.0
128.00220548376936,-1.2230913891125057,-0.0,303.0,90.0,180.0
126.65936991903634,-0.3503080219982289,-0.0,303.0,90.0,180.0
129.18402913749304,-1.2562526978257775,-0.0,303.0,90.0,180.0
128.37636974720405,-1.3369591395816434,-0.0,303.0,90.0,180.0
127.86356706851232,-0.604512382783087,-0.0,303.0,90.0,180.0
127.8299066584604,-2.0415383596362444,-10.0,303.0,90.0,180.0
127.61375829686686,-1.4936765291032827,-0.0,303.0,90.0,180.0
128.33981304523058,-1.7498778447647387,-0.0,303.0,90.0,180.0
128.41162922661712,-0.1766106769761623,-0.0,303.0,90.0,180.0
126.67165580250987,-0.6408698972772564,-0.0,303.0,90.0,180.0
128.3188373876389,-2.0304513523996413,-0.0,303.0,90.0,180.0
127.96854507371742,-1.2923110733303351,-0.0,303.0,90.0,180.0
127.3478680978991,-1.050792720987813,-0.0,303.0,90.0,180.0
127.21811889125354,-1.4138693009468206,-0.0,303.0,90.0,180.0
127.37044192649834,-1.614835006418335,-0.0,303.0,90.0,180.0
127.66719596084322,-2.0128722206047063,-0.0,303.0,90.0,180.0
126.99338047278856,-1.230882477571674,-0.0,303.0,90.0,180.0
127.72293071490743,-1.452624418934305,-0.0,303.0,90.0,180.0
128.56295239433442,-0.7878980581443826,-0.0,303.0,90.0,180.0
128.28857275409544,-1.9924957350150236,-0.0,303.0,90.0,180.0
127.39691101619304,-1.488183331140892,-0.0,303.0,90.0,180.0
127.72752579343675,-0.5112205438967065,-0.0,303.0,90.0,180.0
127.28494112512404,-0.7876986321513081,-0.0,303.0,90.0,180.0
128.65794250450742,-0.0953050589257885,-0.0,303.0,90.0,180.0
127.4303719917516,-1.0762626542384537,-10.0,303.0,90.0,180.0
127.48390937297464,-1.180940639351049,-10.0,303.0,90.0,180.0
127.35975421403236,-1.180940639351049,-0.0,303.0,90.0,180.0
127.45364473943118,-1.1766457939776738,-16.0,303.0,90.0,180.0
127.33887827368734,-1.0903464412628796,-18.6,303.0,90.0,180.0
127.14560379078668,-1.1432841609560431,-0.0,303.0,90.0,180.0
127.26396546753236,-1.2419694848082772,-10.0,303.0,90.0,180.0
127.50708240340752,-1.1252055658631377,-10.0,303.0,90.0,180.0
127.27964712751438,-1.0640770074093724,-10.0,303.0,90.0,180.0
127.21692048758626,-1.1696542061213715,-10.0,303.0,90.0,180.0
127.35286204541514,-1.1124207427395487,-10.0,303.0,90.0,180.0
127.34187518120912,-1.081156675906337,-0.0,303.0,90.0,180.0
127.419883713779,-1.098036918410227,-10.0,303.0,90.0,180.0
127.54483840740184,-1.073265874450631,-10.0,303.0,90.0,180.0
127.15868831058722,-1.2087084630984677,-10.0,303.0,90.0,180.0
127.14470453885944,-1.2535559553428506,-10.0,303.0,90.0,180.0
126.96491344474605,-1.3214766756598435,-0.0,303.0,90.0,180.0
127.0647977851884,-1.3150842640980491,-0.0,303.0,90.0,180.0
128.60110816566902,-0.576245095737698,-0.0,303.0,90.0,180.0
127.5557255543612,-1.0682721397862105,-0.0,303.0,90.0,180.0
127.15938722966754,-1.3500440000101286,-0.0,303.0,90.0,180.0
127.32609290562684,-1.1762460436762407,-10.0,303.0,90.0,180.0
127.16508099461748,-1.1604644407648288,-0.0,303.0,90.0,180.0
127.50208845589148,-1.1824390292449607,-0.0,303.0,90.0,180.0
127.14370556968552,-1.3415540222599152,-0.0,303.0,90.0,180.0
127.18505768303524,-1.1766457939776738,-0.0,303.0,90.0,180.0
127.01835200707596,-1.2311825148765698,-0.0,303.0,90.0,180.0
127.17546865698986,-1.1942249257726083,-0.0,303.0,90.0,180.0
127.50708240340752,-1.2214932862220569,-0.0,303.0,90.0,180.0
127.26586368863352,-1.151874750018078,-10.0,303.0,90.0,180.0
127.17996311991894,-1.1631611832477555,-0.0,303.0,90.0,180.0
127.17067414396716,-1.247762720075564,-0.0,303.0,90.0,180.0
127.16058563333482,-1.2889154415563633,-0.0,303.0,90.0,180.0
127.27135712073654,-1.2337795443629591,-10.0,303.0,90.0,180.0
127.39611148151246,-1.1372914996956816,-10.0,303.0,90.0,180.0
127.2564740970815,-1.1597655514737837,-0.0,303.0,90.0,180.0
127.2281076846392,-1.1641601098436969,-0.0,303.0,90.0,180.0
127.49639469094154,-1.146280940743866,-0.0,303.0,90.0,180.0
127.20453488686604,-1.33605992598224,-0.0,303.0,90.0,180.0
127.24908334223088,-1.19262682288216,-0.0,303.0,90.0,180.0
127.36624661530928,-1.0713686325705707,-0.0,303.0,90.0,180.0
127.11493938990294,-1.2716354487510402,-0.0,303.0,90.0,180.0
127.71104459877418,-1.07226694785469,-0.0,303.0,90.0,180.0
127.06020270665908,-1.210107139995842,-0.0,303.0,90.0,180.0
127.39281542225064,-1.0883485880709978,-10.0,303.0,90.0,180.0
127.16298333902296,-1.232880330763556,-10.0,303.0,90.0,180.0
127.32809084397468,-1.3338626467972836,-10.0,303.0,90.0,180.0
127.24588700021576,-1.1251058528666005,-0.0,303.0,90.0,180.0
127.38951936298884,-1.0762626542384537,-0.0,303.0,90.0,180.0
127.36494759604176,-1.0598818750325345,-10.0,303.0,90.0,180.0
127.31091073023175,-1.1592660881758134,-10.0,303.0,90.0,180.0
127.28773769979888,-1.1306996621408127,-0.0,303.0,90.0,180.0
126.9418410299134,-1.35154238990404,-0.0,303.0,90.0,180.0
127.91870351909648,-1.123207712671256,-0.0,303.0,90.0,180.0
126.54949768356188,-1.5505102421836727,-0.0,303.0,90.0,180.0
127.18565688486888,-1.2747319415354,-0.0,303.0,90.0,180.0
127.29343146474882,-1.2437679120070846,-0.0,303.0,90.0,180.0
127.26516387119965,-1.0921439701464029,-10.0,303.0,90.0,180.0
127.33987724286128,-1.0803580736187546,-10.0,303.0,90.0,180.0
127.27784952201348,-1.0517907492684695,-10.0,303.0,90.0,180.0
127.35875524485844,-1.0976380664240777,-10.0,303.0,90.0,180.0
128.09190159633272,-0.7444492427973737,-0.0,303.0,90.0,180.0
127.45244633576392,-1.037407823254432,-0.0,303.0,90.0,180.0
127.18735477312312,-1.2024157645332103,-0.0,303.0,90.0,180.0
128.00380365477693,-0.910854962658242,-0.0,303.0,90.0,180.0
128.77160938547706,-2.071003999270649,-0.0,303.0,90.0,180.0
127.39990702536124,-1.1365926104046369,-10.0,303.0,90.0,180.0
127.5163713793593,-1.794026447718077,-0.0,303.0,90.0,180.0
128.07132570608132,-1.2159003752631286,-0.0,303.0,90.0,180.0
127.08996785561555,-0.2284497570768476,-38.6,303.0,90.0,180.0
127.4377636449558,-0.9781765066807272,-0.0,303.0,90.0,180.0
126.69123272358736,-0.6705349629047354,-0.0,303.0,90.0,180.0
127.45444337575816,-0.3319293896004276,-0.0,303.0,90.0,180.0
128.23493475727216,-0.7867994185519045,-0.0,303.0,90.0,180.0
127.56641326682715,-1.1372914996956816,-0.0,303.0,90.0,180.0
128.51351060705375,-1.370619911592886,-0.0,303.0,90.0,180.0
127.95376266566264,-1.406378249792548,-0.0,303.0,90.0,180.0
128.94970259133623,-1.4110728454673565,-0.0,303.0,90.0,180.0
128.79408349682964,-1.2434678747021883,-0.0,303.0,90.0,180.0
127.6293402396022,-0.95810005839594,-0.0,303.0,90.0,180.0
128.94001384804417,-1.2316819781745405,-33.0,303.0,90.0,180.0
126.74127461105525,-1.8535578015966772,-0.0,303.0,90.0,180.0
129.05358101176716,-1.176046617683166,-0.0,303.0,90.0,180.0
127.47472011426954,-1.658584757385524,-0.0,303.0,90.0,180.0
127.70385327841691,-1.265741602171932,-0.0,303.0,90.0,180.0
128.7255633747049,-1.3663250662195106,-0.0,303.0,90.0,180.0
127.467129026572,-1.2040138674236591,-10.0,303.0,90.0,180.0
127.56661270132052,-1.7349954554527307,-0.0,303.0,90.0,180.0
129.47868641459695,-0.9604976618892552,-0.0,303.0,90.0,180.0
127.84688643935635,-1.684154403632702,-10.0,303.0,90.0,180.0
