event_id,network,station,channel,phase,time,pick_id
gfz2023coos,GB,FOEL,HHZ,P,2023-02-06T10:31:11.39Z,smi:org.gfz-potsdam.de/geofon/20230206.103111.07-PRE-GB.FOEL..HH/repick
gfz2023coos,TU,ANDN,BHZ,P,2023-02-06T10:25:03.01Z,smi:org.gfz-potsdam.de/geofon/Pick/20230206180542.24881.746661
gfz2023coos,TU,KEMA,BHZ,P,2023-02-06T10:25:15.06Z,smi:org.gfz-potsdam.de/geofon/Pick/20230206180542.249103.746662
gfz2023coos,TU,KELT,BHZ,P,2023-02-06T10:25:31.23Z,smi:org.gfz-potsdam.de/geofon/Pick/20230206180542.249253.746663
gfz2023coos,TU,KKUL,BHZ,P,2023-02-06T10:25:46.3Z,smi:org.gfz-potsdam.de/geofon/Pick/20230206180542.249394.746664
gfz2023coos,IU,ANTO,BHZ,P,2023-02-06T10:25:50.54Z,smi:org.gfz-potsdam.de/geofon/Pick/20230206180542.249526.746665
gfz2023coos,GE,CSS,BHZ,P,2023-02-06T10:25:53.79Z,smi:org.gfz-potsdam.de/geofon/Pick/20230206180542.249618.746666
gfz2023coos,TU,HAKT,BHZ,P,2023-02-06T10:26:05.66Z,smi:org.gfz-potsdam.de/geofon/Pick/20230206180542.249752.746667
gfz2023coos,GE,ISP,BHZ,P,2023-02-06T10:26:10.23Z,smi:org.gfz-potsdam.de/geofon/Pick/20230206180542.249983.746669
gfz2023coos,TU,EPOS,BHZ,P,2023-02-06T10:26:12.21Z,smi:org.gfz-potsdam.de/geofon/Pick/20230206180542.25011.746670
gfz2023coos,IU,GNI,BHZ,P,2023-02-06T10:26:22.15Z,smi:org.gfz-potsdam.de/geofon/Pick/20230206180542.250224.746671
gfz2023coos,GE,SALP,BHZ,P,2023-02-06T10:26:22.13Z,smi:org.gfz-potsdam.de/geofon/Pick/20230206180542.250314.746672
gfz2023coos,GE,UJAP,BHZ,P,2023-02-06T10:26:23.14Z,smi:org.gfz-potsdam.de/geofon/Pick/20230206180542.250404.746673
gfz2023coos,GE,MSBI,BHZ,P,2023-02-06T10:26:32.07Z,smi:org.gfz-potsdam.de/geofon/Pick/20230206180542.250501.746674
gfz2023coos,II,KIV,BHZ,P,2023-02-06T10:26:35.59Z,smi:org.gfz-potsdam.de/geofon/Pick/20230206180542.250601.746675
gfz2023coos,HL,ARG,HHZ,P,2023-02-06T10:26:38.26Z,smi:org.gfz-potsdam.de/geofon/Pick/20230206180542.250706.746676
gfz2023coos,GE,EIL,BHZ,P,2023-02-06T10:26:54.46Z,smi:org.gfz-potsdam.de/geofon/Pick/20230206180542.250803.746677
gfz2023coos,GE,TIRR,BHZ,P,2023-02-06T10:27:00.94Z,smi:org.gfz-potsdam.de/geofon/Pick/20230206180542.250901.746678
gfz2023coos,GE,ZKR,BHZ,P,2023-02-06T10:27:02.59Z,smi:org.gfz-potsdam.de/geofon/Pick/20230206180542.250996.746679
gfz2023coos,GE,APE,BHZ,P,2023-02-06T10:27:05.98Z,smi:org.gfz-potsdam.de/geofon/Pick/20230206180542.251078.746680
gfz2023coos,HL,RDO,HHZ,P,2023-02-06T10:27:07.51Z,smi:org.gfz-potsdam.de/geofon/Pick/20230206180542.251183.746681
gfz2023coos,GE,THERA,BHZ,P,2023-02-06T10:27:06.43Z,smi:org.gfz-potsdam.de/geofon/Pick/20230206180542.251272.746682
gfz2023coos,GE,IMMV,BHZ,P,2023-02-06T10:27:24.56Z,smi:org.gfz-potsdam.de/geofon/Pick/20230206180542.251364.746683
gfz2023coos,RO,VRI,HHZ,P,2023-02-06T10:27:26.27Z,smi:org.gfz-potsdam.de/geofon/Pick/20230206180542.251481.746684
gfz2023coos,GE,GVD,BHZ,P,2023-02-06T10:27:25.99Z,smi:org.gfz-potsdam.de/geofon/Pick/20230206180542.251569.746685
gfz2023coos,RO,MLR,BHZ,P,2023-02-06T10:27:29.44Z,smi:org.gfz-potsdam.de/geofon/Pick/20230206180542.251686.746686
gfz2023coos,RO,ARR,BHZ,P,2023-02-06T10:27:38.33Z,smi:org.gfz-potsdam.de/geofon/Pick/20230206180542.25183.746687
gfz2023coos,HL,ITM,HHZ,P,2023-02-06T10:27:44.66Z,smi:org.gfz-potsdam.de/geofon/Pick/20230206180542.25192.746688
gfz2023coos,RO,LOT,BHZ,P,2023-02-06T10:27:46.38Z,smi:org.gfz-potsdam.de/geofon/Pick/20230206180542.252039.746689
gfz2023coos,RO,DEV,BHZ,P,2023-02-06T10:27:56.2Z,smi:org.gfz-potsdam.de/geofon/Pick/20230206180542.252172.746690
gfz2023coos,AC,SRN,HHZ,P,2023-02-06T10:28:03.59Z,smi:org.gfz-potsdam.de/geofon/Pick/20230206180542.252239.746691
gfz2023coos,HL,KEK,HHZ,P,2023-02-06T10:28:05.13Z,smi:org.gfz-potsdam.de/geofon/Pick/20230206180542.252333.746692
gfz2023coos,AC,BCI,HHZ,P,2023-02-06T10:28:07.39Z,smi:org.gfz-potsdam.de/geofon/Pick/20230206180542.252415.746693
gfz2023coos,RO,DRGR,BHZ,P,2023-02-06T10:28:03.14Z,smi:org.gfz-potsdam.de/geofon/Pick/20230206180542.252551.746694
gfz2023coos,RO,BZS,BHZ,P,2023-02-06T10:28:04.88Z,smi:org.gfz-potsdam.de/geofon/Pick/20230206180542.25267.746695
gfz2023coos,IU,KIEV,BHZ,P,2023-02-06T10:28:02.32Z,smi:org.gfz-potsdam.de/geofon/Pick/20230206180542.25278.746696
gfz2023coos,RO,BMR,BHZ,P,2023-02-06T10:28:04.52Z,smi:org.gfz-potsdam.de/geofon/Pick/20230206180542.252895.746697
gfz2023coos,AC,VLO,HHZ,P,2023-02-06T10:28:09.39Z,smi:org.gfz-potsdam.de/geofon/Pick/20230206180542.252963.746698
gfz2023coos,MN,PDG,BHZ,P,2023-02-06T10:28:16.82Z,smi:org.gfz-potsdam.de/geofon/Pick/20230206180542.253074.746699
gfz2023coos,HU,LTVH,HHZ,P,2023-02-06T10:28:14.49Z,smi:org.gfz-potsdam.de/geofon/Pick/20230206180542.253161.746700
gfz2023coos,HU,TRPA,HHZ,P,2023-02-06T10:28:14.37Z,smi:org.gfz-potsdam.de/geofon/Pick/20230206180542.253251.746701
gfz2023coos,SK,KOLS,HHZ,P,2023-02-06T10:28:23.24Z,smi:org.gfz-potsdam.de/geofon/Pick/20230206180542.253369.746702
gfz2023coos,HU,ABAH,HHZ,P,2023-02-06T10:28:25.64Z,smi:org.gfz-potsdam.de/geofon/Pick/20230206180542.253462.746703
gfz2023coos,HU,BSZH,HHZ,P,2023-02-06T10:28:27.99Z,smi:org.gfz-potsdam.de/geofon/Pick/20230206180542.253552.746704
gfz2023coos,PL,KWP,HHZ,P,2023-02-06T10:28:26.26Z,smi:org.gfz-potsdam.de/geofon/Pick/20230206180542.253665.746705
gfz2023coos,HU,MORH,HHZ,P,2023-02-06T10:28:35.25Z,smi:org.gfz-potsdam.de/geofon/Pick/20230206180542.253757.746706
gfz2023coos,GE,PSZ,BHZ,P,2023-02-06T10:28:33.65Z,smi:org.gfz-potsdam.de/geofon/Pick/20230206180542.253837.746707
gfz2023coos,GE,MATE,BHZ,P,2023-02-06T10:28:33.98Z,smi:org.gfz-potsdam.de/geofon/Pick/20230206180542.253917.746708
gfz2023coos,TU,DIGO,BHZ,P,2023-02-06T10:26:11.11Z,smi:org.gfz-potsdam.de/geofon/Pick/20230206180926.084003.748135
gfz2023coos,HU,KOVH,HHZ,P,2023-02-06T10:28:38.69Z,smi:org.gfz-potsdam.de/geofon/Pick/20230206181043.285208.748792
gfz2023coos,HU,BUD,HHZ,P,2023-02-06T10:28:38.48Z,smi:org.gfz-potsdam.de/geofon/Pick/20230206181043.285426.748793
gfz2023coos,MN,VSL,BHZ,P,2023-02-06T10:29:40.83Z,smi:org.gfz-potsdam.de/geofon/Pick/20230206181043.285934.748795
gfz2023coos,JP,JTM,BHZ,P,2023-02-06T10:36:30.99Z,smi:org.gfz-potsdam.de/geofon/Pick/20230206200041.566231.799829
gfz2023coos,IA,PPBI,BHZ,P,2023-02-06T10:36:28.6Z,smi:org.gfz-potsdam.de/geofon/Pick/20230206200041.566326.799830
gfz2023coos,II,COCO,BHZ,P,2023-02-06T10:36:31.66Z,smi:org.gfz-potsdam.de/geofon/Pick/20230206200041.566415.799831
gfz2023coos,IA,MDSI,BHZ,P,2023-02-06T10:36:27.01Z,smi:org.gfz-potsdam.de/geofon/Pick/20230206200041.566504.799832
gfz2023coos,IA,LWLI,BHZ,P,2023-02-06T10:36:29.66Z,smi:org.gfz-potsdam.de/geofon/Pick/20230206200041.566588.799833
gfz2023coos,II,ERM,BHZ,P,2023-02-06T10:36:34.79Z,smi:org.gfz-potsdam.de/geofon/Pick/20230206200041.566672.799834
gfz2023coos,IA,KLSI,BHZ,P,2023-02-06T10:36:30.22Z,smi:org.gfz-potsdam.de/geofon/Pick/20230206200041.566754.799835
gfz2023coos,G,INU,BHZ,P,2023-02-06T10:36:35.24Z,smi:org.gfz-potsdam.de/geofon/Pick/20230206200041.566829.799836
gfz2023coos,IU,MAJO,BHZ,P,2023-02-06T10:36:35.73Z,smi:org.gfz-potsdam.de/geofon/Pick/20230206200041.566915.799837
gfz2023coos,JP,JGF,BHZ,P,2023-02-06T10:36:35.73Z,smi:org.gfz-potsdam.de/geofon/Pick/20230206200041.567006.799838
gfz2023coos,IU,PET,BHZ,P,2023-02-06T10:36:35.91Z,smi:org.gfz-potsdam.de/geofon/Pick/20230206200041.567091.799839
gfz2023coos,IA,BLSI,BHZ,P,2023-02-06T10:36:34.79Z,smi:org.gfz-potsdam.de/geofon/Pick/20230206200041.567174.799840
gfz2023coos,IU,HRV,BHZ,P,2023-02-06T10:36:42.6Z,smi:org.gfz-potsdam.de/geofon/Pick/20230206200041.567256.799841
gfz2023coos,JP,JSG,BHZ,P,2023-02-06T10:36:43.88Z,smi:org.gfz-potsdam.de/geofon/Pick/20230206200041.56734.799842
gfz2023coos,IU,COLA,BHZ,P,2023-02-06T10:36:44.83Z,smi:org.gfz-potsdam.de/geofon/Pick/20230206200041.56743.799843
gfz2023coos,US,EGAK,BHZ,P,2023-02-06T10:36:45.62Z,smi:org.gfz-potsdam.de/geofon/Pick/20230206200041.567553.799844
gfz2023coos,JP,JMZ,BHZ,P,2023-02-06T10:36:46.73Z,smi:org.gfz-potsdam.de/geofon/Pick/20230206200041.567648.799845
gfz2023coos,MY,KKM,BHZ,P,2023-02-06T10:36:45.48Z,smi:org.gfz-potsdam.de/geofon/Pick/20230206200041.567736.799846
gfz2023coos,CN,KAPO,HHZ,P,2023-02-06T10:36:47.42Z,smi:org.gfz-potsdam.de/geofon/Pick/20230206200041.567803.799847
gfz2023coos,IA,TNGI,BHZ,P,2023-02-06T10:36:45.76Z,smi:org.gfz-potsdam.de/geofon/Pick/20230206200041.567883.799848
gfz2023coos,IA,DBJI,BHZ,P,2023-02-06T10:36:46.03Z,smi:org.gfz-potsdam.de/geofon/Pick/20230206200041.56796.799849
gfz2023coos,GE,SMRI,BHZ,P,2023-02-06T10:37:05.22Z,smi:org.gfz-potsdam.de/geofon/Pick/20230206200041.568174.799851
gfz2023coos,IA,YOGI,BHZ,P,2023-02-06T10:37:06.5Z,smi:org.gfz-potsdam.de/geofon/Pick/20230206200041.568303.799852
gfz2023coos,GE,UGM,BHZ,P,2023-02-06T10:37:07.91Z,smi:org.gfz-potsdam.de/geofon/Pick/20230206200041.568396.799853
gfz2023coos,IA,WOJI,BHZ,P,2023-02-06T10:37:08.81Z,smi:org.gfz-potsdam.de/geofon/Pick/20230206200041.568497.799854
gfz2023coos,IA,PCJI,BHZ,P,2023-02-06T10:37:11.42Z,smi:org.gfz-potsdam.de/geofon/Pick/20230206200041.56868.799856
gfz2023coos,IU,ADK,BHZ,P,2023-02-06T10:37:28.51Z,smi:org.gfz-potsdam.de/geofon/Pick/20230206200041.568851.799857
gfz2023coos,IA,MRSI,BHZ,P,2023-02-06T10:37:25.83Z,smi:org.gfz-potsdam.de/geofon/Pick/20230206200041.568983.799858
gfz2023coos,IA,SMSI,BHZ,P,2023-02-06T10:37:26.09Z,smi:org.gfz-potsdam.de/geofon/Pick/20230206200041.569075.799859
gfz2023coos,IA,PMSI,BHZ,P,2023-02-06T10:37:27.87Z,smi:org.gfz-potsdam.de/geofon/Pick/20230206200041.569163.799860
gfz2023coos,IA,DNP,BHZ,P,2023-02-06T10:37:29.7Z,smi:org.gfz-potsdam.de/geofon/Pick/20230206200041.569252.799861
gfz2023coos,IA,TTSI,BHZ,P,2023-02-06T10:37:28.04Z,smi:org.gfz-potsdam.de/geofon/Pick/20230206200041.569338.799862
gfz2023coos,CU,ANWB,BHZ,P,2023-02-06T10:37:30.71Z,smi:org.gfz-potsdam.de/geofon/Pick/20230206200041.569408.799863
gfz2023coos,IA,IGBI,BHZ,P,2023-02-06T10:37:29.19Z,smi:org.gfz-potsdam.de/geofon/Pick/20230206200041.5695.799864
gfz2023coos,WI,DSD,BHZ,P,2023-02-06T10:37:31.91Z,smi:org.gfz-potsdam.de/geofon/Pick/20230206200041.569606.799865
gfz2023coos,IA,SPSI,BHZ,P,2023-02-06T10:37:31.04Z,smi:org.gfz-potsdam.de/geofon/Pick/20230206200041.5697.799866
gfz2023coos,IA,TWSI,BHZ,P,2023-02-06T10:37:34.56Z,smi:org.gfz-potsdam.de/geofon/Pick/20230206200041.56994.799868
gfz2023coos,IA,TMSI,BHZ,P,2023-02-06T10:37:34.25Z,smi:org.gfz-potsdam.de/geofon/Pick/20230206200041.57003.799869
gfz2023coos,WI,BIM,BHZ,P,2023-02-06T10:37:38.16Z,smi:org.gfz-potsdam.de/geofon/Pick/20230206200041.570132.799870
gfz2023coos,US,TZTN,BHZ,P,2023-02-06T10:37:38.75Z,smi:org.gfz-potsdam.de/geofon/Pick/20230206200041.570236.799871
gfz2023coos,IA,BKSI,BHZ,P,2023-02-06T10:37:36.5Z,smi:org.gfz-potsdam.de/geofon/Pick/20230206200041.570326.799872
gfz2023coos,IU,WCI,BHZ,P,2023-02-06T10:37:38.69Z,smi:org.gfz-potsdam.de/geofon/Pick/20230206200041.570419.799873
gfz2023coos,GE,PLAI,BHZ,P,2023-02-06T10:37:36.58Z,smi:org.gfz-potsdam.de/geofon/Pick/20230206200041.570499.799874
gfz2023coos,IA,KKSI,BHZ,P,2023-02-06T10:37:39.97Z,smi:org.gfz-potsdam.de/geofon/Pick/20230206200041.570581.799875
gfz2023coos,US,ECSD,BHZ,P,2023-02-06T10:37:41.54Z,smi:org.gfz-potsdam.de/geofon/Pick/20230206200041.570681.799876
gfz2023coos,IU,SJG,BHZ,P,2023-02-06T10:37:44.97Z,smi:org.gfz-potsdam.de/geofon/Pick/20230206200041.570772.799877
gfz2023coos,CU,GRGR,BHZ,P,2023-02-06T10:37:47.21Z,smi:org.gfz-potsdam.de/geofon/Pick/20230206200041.570843.799878
gfz2023coos,IA,BBSI,BHZ,P,2023-02-06T10:37:47.18Z,smi:org.gfz-potsdam.de/geofon/Pick/20230206200041.570937.799879
gfz2023coos,US,GOGA,BHZ,P,2023-02-06T10:37:49.11Z,smi:org.gfz-potsdam.de/geofon/Pick/20230206200041.571039.799880
gfz2023coos,IU,WVT,BHZ,P,2023-02-06T10:37:49.35Z,smi:org.gfz-potsdam.de/geofon/Pick/20230206200041.571133.799881
gfz2023coos,GE,SANI,BHZ,P,2023-02-06T10:37:48.21Z,smi:org.gfz-potsdam.de/geofon/Pick/20230206200041.571217.799882
gfz2023coos,CU,GRTK,BHZ,P,2023-02-06T10:37:51.68Z,smi:org.gfz-potsdam.de/geofon/Pick/20230206200041.57129.799883
gfz2023coos,IU,CCM,BHZ,P,2023-02-06T10:37:51.23Z,smi:org.gfz-potsdam.de/geofon/Pick/20230206200041.571387.799884
gfz2023coos,IA,LBMI,BHZ,P,2023-02-06T10:37:51.36Z,smi:org.gfz-potsdam.de/geofon/Pick/20230206200041.571478.799885
gfz2023coos,IU,RSSD,BHZ,P,2023-02-06T10:37:54.1Z,smi:org.gfz-potsdam.de/geofon/Pick/20230206200041.571577.799886
gfz2023coos,US,NEW,BHZ,P,2023-02-06T10:37:54.87Z,smi:org.gfz-potsdam.de/geofon/Pick/20230206200041.571681.799887
gfz2023coos,IA,EDFI,BHZ,P,2023-02-06T10:37:51.32Z,smi:org.gfz-potsdam.de/geofon/Pick/20230206200041.571772.799888
gfz2023coos,IA,BASI,BHZ,P,2023-02-06T10:37:54.58Z,smi:org.gfz-potsdam.de/geofon/Pick/20230206200041.571855.799889
gfz2023coos,GE,MMRI,BHZ,P,2023-02-06T10:37:53.36Z,smi:org.gfz-potsdam.de/geofon/Pick/20230206200041.571931.799890
gfz2023coos,IA,NLAI,BHZ,P,2023-02-06T10:37:57.07Z,smi:org.gfz-potsdam.de/geofon/Pick/20230206200041.572011.799891
gfz2023coos,CU,SDDR,BHZ,P,2023-02-06T10:38:00.51Z,smi:org.gfz-potsdam.de/geofon/Pick/20230206200041.572086.799892
gfz2023coos,II,DGAR,BHZ,P,2023-02-06T10:34:26.89Z,smi:org.gfz-potsdam.de/geofon/Pick/20230206200157.479359.799904
gfz2023coos,II,SACV,BHZ,P,2023-02-06T10:34:42.68Z,smi:org.gfz-potsdam.de/geofon/Pick/20230206200157.479538.799905
gfz2023coos,IU,TSUM,BHZ,P,2023-02-06T10:34:56.16Z,smi:org.gfz-potsdam.de/geofon/Pick/20230206200157.479714.799906
gfz2023coos,GT,LBTB,BHZ,P,2023-02-06T10:35:22.44Z,smi:org.gfz-potsdam.de/geofon/Pick/20230206200157.480004.799908
gfz2023coos,MN,BLY,BHZ,P,2023-02-06T10:28:40.46Z,smi:org.gfz-potsdam.de/geofon/Pick/20230206200530.896646.803099
gfz2023coos,PL,NIE,HHZ,P,2023-02-06T10:28:41.92Z,smi:org.gfz-potsdam.de/geofon/Pick/20230206200530.896892.803100
gfz2023coos,HU,CSKK,HHZ,P,2023-02-06T10:28:44.39Z,smi:org.gfz-potsdam.de/geofon/Pick/20230206200530.897007.803101
gfz2023coos,HU,TIH,HHZ,P,2023-02-06T10:28:44.92Z,smi:org.gfz-potsdam.de/geofon/Pick/20230206200530.897108.803102
gfz2023coos,MN,CUC,HHZ,P,2023-02-06T10:28:43.63Z,smi:org.gfz-potsdam.de/geofon/Pick/20230206200530.897225.803103
gfz2023coos,GE,MARCO,BHZ,P,2023-02-06T10:28:43.71Z,smi:org.gfz-potsdam.de/geofon/Pick/20230206200530.897327.803104
gfz2023coos,CR,KIJV,BHZ,P,2023-02-06T10:28:45.29Z,smi:org.gfz-potsdam.de/geofon/Pick/20230206200530.897414.803105
gfz2023coos,II,OBN,BHZ,P,2023-02-06T10:28:45.64Z,smi:org.gfz-potsdam.de/geofon/Pick/20230206200530.897532.803106
gfz2023coos,HU,MPLH,HHZ,P,2023-02-06T10:28:49.22Z,smi:org.gfz-potsdam.de/geofon/Pick/20230206200530.897643.803107
gfz2023coos,HU,BEHE,HHZ,P,2023-02-06T10:28:51.46Z,smi:org.gfz-potsdam.de/geofon/Pick/20230206200530.897746.803108
gfz2023coos,HU,EGYH,HHZ,P,2023-02-06T10:28:53.49Z,smi:org.gfz-potsdam.de/geofon/Pick/20230206200530.897846.803109
gfz2023coos,PL,OJC,BHZ,P,2023-02-06T10:28:50.2Z,smi:org.gfz-potsdam.de/geofon/Pick/20230206200530.897963.803110
gfz2023coos,CR,ZAG,BHZ,P,2023-02-06T10:28:54.63Z,smi:org.gfz-potsdam.de/geofon/Pick/20230206200530.898054.803111
gfz2023coos,SK,MODS,HHZ,P,2023-02-06T10:28:58.09Z,smi:org.gfz-potsdam.de/geofon/Pick/20230206200530.898173.803112
gfz2023coos,CZ,JAVC,BHZ,P,2023-02-06T10:28:58.75Z,smi:org.gfz-potsdam.de/geofon/Pick/20230206200530.898274.803113
gfz2023coos,SK,ZST,HHZ,P,2023-02-06T10:28:58.04Z,smi:org.gfz-potsdam.de/geofon/Pick/20230206200530.898394.803114
gfz2023coos,HU,SOP,HHZ,P,2023-02-06T10:28:59.17Z,smi:org.gfz-potsdam.de/geofon/Pick/20230206200530.898504.803115
gfz2023coos,PL,BEL,HHZ,P,2023-02-06T10:28:56.36Z,smi:org.gfz-potsdam.de/geofon/Pick/20230206200530.89861.803116
gfz2023coos,GE,MORC,BHZ,P,2023-02-06T10:29:03.35Z,smi:org.gfz-potsdam.de/geofon/Pick/20230206200530.898711.803117
gfz2023coos,OE,ARSA,BHZ,P,2023-02-06T10:29:04.71Z,smi:org.gfz-potsdam.de/geofon/Pick/20230206200530.898825.803118
gfz2023coos,CZ,KRUC,BHZ,P,2023-02-06T10:29:07.8Z,smi:org.gfz-potsdam.de/geofon/Pick/20230206200530.898919.803119
gfz2023coos,CZ,VRAC,BHZ,P,2023-02-06T10:29:07.91Z,smi:org.gfz-potsdam.de/geofon/Pick/20230206200530.899005.803120
gfz2023coos,PL,SUW,HHZ,P,2023-02-06T10:29:03.73Z,smi:org.gfz-potsdam.de/geofon/Pick/20230206200530.899116.803121
gfz2023coos,MN,AQU,BHZ,P,2023-02-06T10:29:08.52Z,smi:org.gfz-potsdam.de/geofon/Pick/20230206200530.899222.803122
gfz2023coos,OE,OBKA,BHZ,P,2023-02-06T10:29:09.41Z,smi:org.gfz-potsdam.de/geofon/Pick/20230206200530.899343.803123
gfz2023coos,OX,SABO,HHZ,P,2023-02-06T10:29:13.93Z,smi:org.gfz-potsdam.de/geofon/Pick/20230206200530.899465.803124
gfz2023coos,OX,DRE,HHZ,P,2023-02-06T10:29:14.48Z,smi:org.gfz-potsdam.de/geofon/Pick/20230206200530.899584.803125
gfz2023coos,OX,PRED,HHZ,P,2023-02-06T10:29:16.5Z,smi:org.gfz-potsdam.de/geofon/Pick/20230206200530.8997.803126
gfz2023coos,OE,MOA,BHZ,P,2023-02-06T10:29:16.77Z,smi:org.gfz-potsdam.de/geofon/Pick/20230206200530.899822.803127
gfz2023coos,OX,ACOM,HHZ,P,2023-02-06T10:29:17.68Z,smi:org.gfz-potsdam.de/geofon/Pick/20230206200530.89994.803128
gfz2023coos,PL,KSP,HHZ,P,2023-02-06T10:29:17.88Z,smi:org.gfz-potsdam.de/geofon/Pick/20230206200530.900058.803129
gfz2023coos,GE,PABE,BHZ,P,2023-02-06T10:29:15.83Z,smi:org.gfz-potsdam.de/geofon/Pick/20230206200530.900154.803130
gfz2023coos,OE,KBA,BHZ,P,2023-02-06T10:29:20.33Z,smi:org.gfz-potsdam.de/geofon/Pick/20230206200530.900272.803131
gfz2023coos,OX,FUSE,HHZ,P,2023-02-06T10:29:20.09Z,smi:org.gfz-potsdam.de/geofon/Pick/20230206200530.900389.803132
gfz2023coos,OX,CIMO,HHZ,P,2023-02-06T10:29:23.44Z,smi:org.gfz-potsdam.de/geofon/Pick/20230206200530.90054.803133
gfz2023coos,GR,GEC2,BHZ,P,2023-02-06T10:29:23.98Z,smi:org.gfz-potsdam.de/geofon/Pick/20230206200530.900647.803134
gfz2023coos,CZ,PRA,BHZ,P,2023-02-06T10:29:25.36Z,smi:org.gfz-potsdam.de/geofon/Pick/20230206200530.900742.803135
gfz2023coos,BW,RJOB,BHZ,P,2023-02-06T10:29:25.89Z,smi:org.gfz-potsdam.de/geofon/Pick/20230206200530.900822.803136
gfz2023coos,PL,GKP,HHZ,P,2023-02-06T10:29:24.75Z,smi:org.gfz-potsdam.de/geofon/Pick/20230206200530.900936.803137
gfz2023coos,GE,PBUR,BHZ,P,2023-02-06T10:29:29.37Z,smi:org.gfz-potsdam.de/geofon/Pick/20230206200530.901033.803138
gfz2023coos,II,UOSS,BHZ,P,2023-02-06T10:29:29.78Z,smi:org.gfz-potsdam.de/geofon/Pick/20230206200530.901144.803139
gfz2023coos,GR,WET,BHZ,P,2023-02-06T10:29:29.8Z,smi:org.gfz-potsdam.de/geofon/Pick/20230206200530.901245.803140
gfz2023coos,GR,FUR,BHZ,P,2023-02-06T10:29:37.47Z,smi:org.gfz-potsdam.de/geofon/Pick/20230206200530.901347.803141
gfz2023coos,BW,ROTZ,BHZ,P,2023-02-06T10:29:36.88Z,smi:org.gfz-potsdam.de/geofon/Pick/20230206200530.901432.803142
gfz2023coos,GR,GRC3,BHZ,P,2023-02-06T10:29:37.21Z,smi:org.gfz-potsdam.de/geofon/Pick/20230206200530.901532.803143
gfz2023coos,GR,GRB5,BHZ,P,2023-02-06T10:29:37.25Z,smi:org.gfz-potsdam.de/geofon/Pick/20230206200530.901628.803144
gfz2023coos,GR,GRB3,BHZ,P,2023-02-06T10:29:37.4Z,smi:org.gfz-potsdam.de/geofon/Pick/20230206200530.901724.803145
gfz2023coos,GR,GRC1,BHZ,P,2023-02-06T10:29:37.83Z,smi:org.gfz-potsdam.de/geofon/Pick/20230206200530.901821.803146
gfz2023coos,SX,TANN,BHZ,P,2023-02-06T10:29:38.66Z,smi:org.gfz-potsdam.de/geofon/Pick/20230206200530.901957.803147
gfz2023coos,GR,GRB2,BHZ,P,2023-02-06T10:29:37.84Z,smi:org.gfz-potsdam.de/geofon/Pick/20230206200530.902062.803148
gfz2023coos,BW,MANZ,BHZ,P,2023-02-06T10:29:38.46Z,smi:org.gfz-potsdam.de/geofon/Pick/20230206200530.902148.803149
gfz2023coos,GE,VSU,BHZ,P,2023-02-06T10:29:38.23Z,smi:org.gfz-potsdam.de/geofon/Pick/20230206200530.902246.803150
gfz2023coos,GR,GRC4,BHZ,P,2023-02-06T10:29:38.06Z,smi:org.gfz-potsdam.de/geofon/Pick/20230206200530.902346.803151
gfz2023coos,GR,GRC2,BHZ,P,2023-02-06T10:29:38.52Z,smi:org.gfz-potsdam.de/geofon/Pick/20230206200530.902445.803152
gfz2023coos,SK,KECS,EHZ,P,2023-02-06T10:28:35.05Z,smi:org.gfz-potsdam.de/geofon/Pick/20230206200613.729431.803165
gfz2023coos,II,RAYN,BHZ,P,2023-02-06T10:28:32.01Z,smi:org.gfz-potsdam.de/geofon/Pick/20230206200613.729696.803166
gfz2023coos,KC,ASAI,BHZ,P,2023-02-06T10:31:01.78Z,smi:org.gfz-potsdam.de/geofon/Pick/20230206201000.757616.803603
gfz2023coos,GB,CWF,HHZ,P,2023-02-06T10:31:00.32Z,smi:org.gfz-potsdam.de/geofon/Pick/20230206201000.757871.803604
gfz2023coos,KR,KDJ,BHZ,P,2023-02-06T10:31:04.89Z,smi:org.gfz-potsdam.de/geofon/Pick/20230206201000.757997.803605
gfz2023coos,GB,LBWR,HHZ,P,2023-02-06T10:31:04.18Z,smi:org.gfz-potsdam.de/geofon/Pick/20230206201000.758092.803606
gfz2023coos,KR,ANVS,BHZ,P,2023-02-06T10:31:07.06Z,smi:org.gfz-potsdam.de/geofon/Pick/20230206201000.758206.803607
gfz2023coos,RD,ROSF,BHZ,P,2023-02-06T10:31:05.15Z,smi:org.gfz-potsdam.de/geofon/Pick/20230206201000.758347.803608
gfz2023coos,ES,ELAN,HHZ,P,2023-02-06T10:31:06.56Z,smi:org.gfz-potsdam.de/geofon/Pick/20230206201000.758433.803609
gfz2023coos,KC,TARG,BHZ,P,2023-02-06T10:31:10.05Z,smi:org.gfz-potsdam.de/geofon/Pick/20230206201000.758545.803610
gfz2023coos,G,TAM,BHZ,P,2023-02-06T10:31:08.62Z,smi:org.gfz-potsdam.de/geofon/Pick/20230206201000.758633.803611
gfz2023coos,WM,UCM,BHZ,P,2023-02-06T10:31:08.47Z,smi:org.gfz-potsdam.de/geofon/Pick/20230206201000.75878.803612
gfz2023coos,KR,PRZ,BHZ,P,2023-02-06T10:31:12.98Z,smi:org.gfz-potsdam.de/geofon/Pick/20230206201000.758907.803613
gfz2023coos,WM,CHAS,BHZ,P,2023-02-06T10:31:13.73Z,smi:org.gfz-potsdam.de/geofon/Pick/20230206201000.75904.803614
gfz2023coos,GB,KESW,HHZ,P,2023-02-06T10:31:14.31Z,smi:org.gfz-potsdam.de/geofon/Pick/20230206201000.759133.803615
gfz2023coos,II,ESK,BHZ,P,2023-02-06T10:31:15.9Z,smi:org.gfz-potsdam.de/geofon/Pick/20230206201000.759239.803616
gfz2023coos,GB,ESK,HHZ,P,2023-02-06T10:31:16.1Z,smi:org.gfz-potsdam.de/geofon/Pick/20230206201000.759322.803617
gfz2023coos,WM,WMELI,BHZ,P,2023-02-06T10:31:17.1Z,smi:org.gfz-potsdam.de/geofon/Pick/20230206201000.759458.803618
gfz2023coos,G,WUS,BHZ,P,2023-02-06T10:31:18.94Z,smi:org.gfz-potsdam.de/geofon/Pick/20230206201000.75956.803619
gfz2023coos,IU,KEV,BHZ,P,2023-02-06T10:31:17.84Z,smi:org.gfz-potsdam.de/geofon/Pick/20230206201000.759727.803620
gfz2023coos,HE,KEV,HHZ,P,2023-02-06T10:31:17.78Z,smi:org.gfz-potsdam.de/geofon/Pick/20230206201000.75986.803621
gfz2023coos,IU,PAB,BHZ,P,2023-02-06T10:31:17.51Z,smi:org.gfz-potsdam.de/geofon/Pick/20230206201000.760033.803622
gfz2023coos,HE,KIF,HHZ,P,2023-02-06T10:31:17.7Z,smi:org.gfz-potsdam.de/geofon/Pick/20230206201000.76019.803623
gfz2023coos,GB,CCA1,HHZ,P,2023-02-06T10:31:18.54Z,smi:org.gfz-potsdam.de/geofon/Pick/20230206201000.760341.803624
gfz2023coos,ES,EADA,BHZ,P,2023-02-06T10:31:21.54Z,smi:org.gfz-potsdam.de/geofon/Pick/20230206201000.760486.803625
gfz2023coos,WM,EMAL,BHZ,P,2023-02-06T10:31:22.56Z,smi:org.gfz-potsdam.de/geofon/Pick/20230206201000.760685.803626
gfz2023coos,GE,DSB,BHZ,P,2023-02-06T10:31:28.38Z,smi:org.gfz-potsdam.de/geofon/Pick/20230206201000.76083.803627
gfz2023coos,GE,ILTH,BHZ,P,2023-02-06T10:31:28.88Z,smi:org.gfz-potsdam.de/geofon/Pick/20230206201000.760952.803628
gfz2023coos,EI,IWEX,BHZ,P,2023-02-06T10:31:28.92Z,smi:org.gfz-potsdam.de/geofon/Pick/20230206201000.761037.803629
gfz2023coos,ES,ECAL,BHZ,P,2023-02-06T10:31:28.94Z,smi:org.gfz-potsdam.de/geofon/Pick/20230206201000.761116.803630
gfz2023coos,GB,CLGH,HHZ,P,2023-02-06T10:31:30.21Z,smi:org.gfz-potsdam.de/geofon/Pick/20230206201000.761206.803631
gfz2023coos,IU,MAKZ,BHZ,P,2023-02-06T10:31:31.71Z,smi:org.gfz-potsdam.de/geofon/Pick/20230206201000.761338.803632
gfz2023coos,WM,CEU,BHZ,P,2023-02-06T10:31:29.05Z,smi:org.gfz-potsdam.de/geofon/Pick/20230206201000.761495.803633
gfz2023coos,WM,SFS,BHZ,P,2023-02-06T10:31:35.05Z,smi:org.gfz-potsdam.de/geofon/Pick/20230206201000.761643.803634
gfz2023coos,EI,IDGL,BHZ,P,2023-02-06T10:31:36.76Z,smi:org.gfz-potsdam.de/geofon/Pick/20230206201000.761731.803635
gfz2023coos,WM,IFR,BHZ,P,2023-02-06T10:31:37.42Z,smi:org.gfz-potsdam.de/geofon/Pick/20230206201000.761865.803636
gfz2023coos,GE,MTE,BHZ,P,2023-02-06T10:31:37.11Z,smi:org.gfz-potsdam.de/geofon/Pick/20230206201000.761963.803637
gfz2023coos,WM,ARNO,BHZ,P,2023-02-06T10:31:37.52Z,smi:org.gfz-potsdam.de/geofon/Pick/20230206201000.762111.803638
gfz2023coos,PM,PESTR,BHZ,P,2023-02-06T10:31:39.58Z,smi:org.gfz-potsdam.de/geofon/Pick/20230206201000.762235.803639
gfz2023coos,WM,EVO,BHZ,P,2023-02-06T10:31:43.19Z,smi:org.gfz-potsdam.de/geofon/Pick/20230206201000.762372.803640
gfz2023coos,EI,IGLA,HHZ,P,2023-02-06T10:31:44.01Z,smi:org.gfz-potsdam.de/geofon/Pick/20230206201000.762458.803641
gfz2023coos,PM,PVAQ,BHZ,P,2023-02-06T10:31:43.41Z,smi:org.gfz-potsdam.de/geofon/Pick/20230206201000.762575.803642
gfz2023coos,GE,VAL,BHZ,P,2023-02-06T10:31:47.36Z,smi:org.gfz-potsdam.de/geofon/Pick/20230206201000.762668.803643
gfz2023coos,MN,RTC,BHZ,P,2023-02-06T10:31:46.95Z,smi:org.gfz-potsdam.de/geofon/Pick/20230206201000.762794.803644
gfz2023coos,PM,PFVI,BHZ,P,2023-02-06T10:31:51.89Z,smi:org.gfz-potsdam.de/geofon/Pick/20230206201000.762921.803645
gfz2023coos,WM,AVE,BHZ,P,2023-02-06T10:31:53.21Z,smi:org.gfz-potsdam.de/geofon/Pick/20230206201000.763056.803646
gfz2023coos,WM,TIO,BHZ,P,2023-02-06T10:31:59.83Z,smi:org.gfz-potsdam.de/geofon/Pick/20230206201000.763187.803647
gfz2023coos,II,MBAR,BHZ,P,2023-02-06T10:32:16.09Z,smi:org.gfz-potsdam.de/geofon/Pick/20230206201000.76331.803648
gfz2023coos,GR,BRG,BHZ,P,2023-02-06T10:29:31.73Z,smi:org.gfz-potsdam.de/geofon/Pick/20230206201240.880297.804381
gfz2023coos,GR,GRB1,BHZ,P,2023-02-06T10:29:38.52Z,smi:org.gfz-potsdam.de/geofon/Pick/20230206201240.880572.804382
gfz2023coos,GR,CLL,BHZ,P,2023-02-06T10:29:39.4Z,smi:org.gfz-potsdam.de/geofon/Pick/20230206201240.880684.804383
gfz2023coos,CH,FUORN,BHZ,P,2023-02-06T10:29:40.68Z,smi:org.gfz-potsdam.de/geofon/Pick/20230206201240.880763.804384
gfz2023coos,GR,GRB4,BHZ,P,2023-02-06T10:29:39.51Z,smi:org.gfz-potsdam.de/geofon/Pick/20230206201240.880853.804385
gfz2023coos,FR,SMPL,BHZ,P,2023-02-06T10:29:39.91Z,smi:org.gfz-potsdam.de/geofon/Pick/20230206201240.880934.804386
gfz2023coos,GE,RUE,BHZ,P,2023-02-06T10:29:40.27Z,smi:org.gfz-potsdam.de/geofon/Pick/20230206201240.881049.804387
gfz2023coos,GR,GRA2,BHZ,P,2023-02-06T10:29:41.76Z,smi:org.gfz-potsdam.de/geofon/Pick/20230206201240.881176.804388
gfz2023coos,GE,SLIT,BHZ,P,2023-02-06T10:29:41.16Z,smi:org.gfz-potsdam.de/geofon/Pick/20230206201240.881313.804389
gfz2023coos,GR,GRA3,BHZ,P,2023-02-06T10:29:42.67Z,smi:org.gfz-potsdam.de/geofon/Pick/20230206201240.881419.804390
gfz2023coos,RD,PGF,BHZ,P,2023-02-06T10:29:42.38Z,smi:org.gfz-potsdam.de/geofon/Pick/20230206201240.881624.804391
gfz2023coos,GR,GRA1,BHZ,P,2023-02-06T10:29:42.8Z,smi:org.gfz-potsdam.de/geofon/Pick/20230206201240.881729.804392
gfz2023coos,IU,GRFO,BHZ,P,2023-02-06T10:29:42.78Z,smi:org.gfz-potsdam.de/geofon/Pick/20230206201240.881843.804393
gfz2023coos,GR,UBR,BHZ,P,2023-02-06T10:29:43.32Z,smi:org.gfz-potsdam.de/geofon/Pick/20230206201240.881964.804394
gfz2023coos,OE,DAVA,BHZ,P,2023-02-06T10:29:44.07Z,smi:org.gfz-potsdam.de/geofon/Pick/20230206201240.882109.804395
gfz2023coos,GX,WANN,HHZ,P,2023-02-06T10:29:43.45Z,smi:org.gfz-potsdam.de/geofon/Pick/20230206201240.88224.804396
gfz2023coos,GR,MOX,BHZ,P,2023-02-06T10:29:44.69Z,smi:org.gfz-potsdam.de/geofon/Pick/20230206201240.882393.804397
gfz2023coos,GR,LNIZ,BHZ,P,2023-02-06T10:29:43.62Z,smi:org.gfz-potsdam.de/geofon/Pick/20230206201240.88254.804398
gfz2023coos,GE,PUL,BHZ,P,2023-02-06T10:29:45.08Z,smi:org.gfz-potsdam.de/geofon/Pick/20230206201240.882661.804399
gfz2023coos,SX,NEUB,BHZ,P,2023-02-06T10:29:46.08Z,smi:org.gfz-potsdam.de/geofon/Pick/20230206201240.882869.804400
gfz2023coos,CH,MUGIO,BHZ,P,2023-02-06T10:29:46.56Z,smi:org.gfz-potsdam.de/geofon/Pick/20230206201240.883003.804401
gfz2023coos,EE,MTSE,BHZ,P,2023-02-06T10:29:47.92Z,smi:org.gfz-potsdam.de/geofon/Pick/20230206201240.883136.804402
gfz2023coos,SX,WIMM,BHZ,P,2023-02-06T10:29:48.62Z,smi:org.gfz-potsdam.de/geofon/Pick/20230206201240.883316.804403
gfz2023coos,EE,ARBE,BHZ,P,2023-02-06T10:29:48.95Z,smi:org.gfz-potsdam.de/geofon/Pick/20230206201240.88344.804404
gfz2023coos,GE,FALKS,BHZ,P,2023-02-06T10:29:50.67Z,smi:org.gfz-potsdam.de/geofon/Pick/20230206201240.883571.804405
gfz2023coos,GE,STU,BHZ,P,2023-02-06T10:29:52.09Z,smi:org.gfz-potsdam.de/geofon/Pick/20230206201240.883673.804406
gfz2023coos,CH,BNALP,BHZ,P,2023-02-06T10:29:52.61Z,smi:org.gfz-potsdam.de/geofon/Pick/20230206201240.88375.804407
gfz2023coos,GE,FLT1,BHZ,P,2023-02-06T10:29:53.27Z,smi:org.gfz-potsdam.de/geofon/Pick/20230206201240.883833.804408
gfz2023coos,CH,SLE,BHZ,P,2023-02-06T10:29:54.11Z,smi:org.gfz-potsdam.de/geofon/Pick/20230206201240.883912.804409
gfz2023coos,FR,SAOF,BHZ,P,2023-02-06T10:29:54.67Z,smi:org.gfz-potsdam.de/geofon/Pick/20230206201240.88399.804410
gfz2023coos,GR,UBBA,BHZ,P,2023-02-06T10:29:51.37Z,smi:org.gfz-potsdam.de/geofon/Pick/20230206201240.884078.804411
gfz2023coos,FR,MON,BHZ,P,2023-02-06T10:29:55.38Z,smi:org.gfz-potsdam.de/geofon/Pick/20230206201240.884156.804412
gfz2023coos,GE,RGN,BHZ,P,2023-02-06T10:29:54.64Z,smi:org.gfz-potsdam.de/geofon/Pick/20230206201240.88424.804413
gfz2023coos,FR,ESCA,BHZ,P,2023-02-06T10:29:55.75Z,smi:org.gfz-potsdam.de/geofon/Pick/20230206201240.884318.804414
gfz2023coos,GR,ASSE,BHZ,P,2023-02-06T10:29:55.72Z,smi:org.gfz-potsdam.de/geofon/Pick/20230206201240.884412.804415
gfz2023coos,GR,BFO,BHZ,P,2023-02-06T10:29:56.88Z,smi:org.gfz-potsdam.de/geofon/Pick/20230206201240.884508.804416
gfz2023coos,GR,CLZ,BHZ,P,2023-02-06T10:29:56.55Z,smi:org.gfz-potsdam.de/geofon/Pick/20230206201240.884596.804417
gfz2023coos,GR,GOR1,BHZ,P,2023-02-06T10:29:56.44Z,smi:org.gfz-potsdam.de/geofon/Pick/20230206201240.884682.804418
gfz2023coos,GR,GTTG,BHZ,P,2023-02-06T10:29:57.82Z,smi:org.gfz-potsdam.de/geofon/Pick/20230206201240.884775.804419
gfz2023coos,FR,ISO,BHZ,P,2023-02-06T10:29:58.83Z,smi:org.gfz-potsdam.de/geofon/Pick/20230206201240.884855.804420
gfz2023coos,FR,CALF,BHZ,P,2023-02-06T10:29:59.33Z,smi:org.gfz-potsdam.de/geofon/Pick/20230206201240.884955.804421
gfz2023coos,HE,MEF,HHZ,P,2023-02-06T10:30:00.05Z,smi:org.gfz-potsdam.de/geofon/Pick/20230206201240.885423.804422
gfz2023coos,CH,BOURR,BHZ,P,2023-02-06T10:30:01.61Z,smi:org.gfz-potsdam.de/geofon/Pick/20230206201240.885572.804423
gfz2023coos,GR,TNS,BHZ,P,2023-02-06T10:30:01.74Z,smi:org.gfz-potsdam.de/geofon/Pick/20230206201240.885732.804424
gfz2023coos,MN,BNI,BHZ,P,2023-02-06T10:30:02.11Z,smi:org.gfz-potsdam.de/geofon/Pick/20230206201240.885927.804425
gfz2023coos,FR,OGAG,HHZ,P,2023-02-06T10:30:03.31Z,smi:org.gfz-potsdam.de/geofon/Pick/20230206201240.886067.804426
gfz2023coos,G,ECH,BHZ,P,2023-02-06T10:30:03.53Z,smi:org.gfz-potsdam.de/geofon/Pick/20230206201240.886189.804427
gfz2023coos,FR,OGDI,HHZ,P,2023-02-06T10:30:04.29Z,smi:org.gfz-potsdam.de/geofon/Pick/20230206201240.886309.804428
gfz2023coos,DK,COP,BHZ,P,2023-02-06T10:30:06.6Z,smi:org.gfz-potsdam.de/geofon/Pick/20230206201240.88643.804429
gfz2023coos,CH,GIMEL,BHZ,P,2023-02-06T10:30:06.44Z,smi:org.gfz-potsdam.de/geofon/Pick/20230206201240.88654.804430
gfz2023coos,GR,BSEG,BHZ,P,2023-02-06T10:30:06.28Z,smi:org.gfz-potsdam.de/geofon/Pick/20230206201240.886679.804431
gfz2023coos,RD,ORIF,BHZ,P,2023-02-06T10:30:07.06Z,smi:org.gfz-potsdam.de/geofon/Pick/20230206201240.886873.804432
gfz2023coos,FR,RUSF,BHZ,P,2023-02-06T10:30:09.53Z,smi:org.gfz-potsdam.de/geofon/Pick/20230206201240.886998.804433
gfz2023coos,FR,ARBF,BHZ,P,2023-02-06T10:30:10.0000Z,smi:org.gfz-potsdam.de/geofon/Pick/20230206201240.887119.804434
gfz2023coos,GR,AHRW,BHZ,P,2023-02-06T10:30:11.01Z,smi:org.gfz-potsdam.de/geofon/Pick/20230206201240.887261.804435
gfz2023coos,GR,BUG,BHZ,P,2023-02-06T10:30:12.86Z,smi:org.gfz-potsdam.de/geofon/Pick/20230206201240.887401.804436
gfz2023coos,AC,KBN,HHZ,P,2023-02-06T10:27:57.2Z,smi:org.gfz-potsdam.de/geofon/Pick/20230207114127.646379.992450
gfz2023coos,HE,RAF,HHZ,P,2023-02-06T10:30:11.99Z,smi:org.gfz-potsdam.de/geofon/Pick/20230207114127.647055.992451
gfz2023coos,GE,IBBN,BHZ,P,2023-02-06T10:30:13.59Z,smi:org.gfz-potsdam.de/geofon/Pick/20230207114127.647154.992452
gfz2023coos,GE,WLF,BHZ,P,2023-02-06T10:30:13.12Z,smi:org.gfz-potsdam.de/geofon/Pick/20230207114127.647239.992453
gfz2023coos,GR,SKMB,BHZ,P,2023-02-06T10:30:15.29Z,smi:org.gfz-potsdam.de/geofon/Pick/20230207114127.647324.992454
gfz2023coos,G,SSB,BHZ,P,2023-02-06T10:30:15.98Z,smi:org.gfz-potsdam.de/geofon/Pick/20230207114127.647414.992455
gfz2023coos,NL,WTSB,BHZ,P,2023-02-06T10:30:17.41Z,smi:org.gfz-potsdam.de/geofon/Pick/20230207114127.647539.992456
gfz2023coos,BE,MEM,HHZ,P,2023-02-06T10:30:16.9Z,smi:org.gfz-potsdam.de/geofon/Pick/20230207114127.647613.992457
gfz2023coos,NL,HGN,BHZ,P,2023-02-06T10:30:17.79Z,smi:org.gfz-potsdam.de/geofon/Pick/20230207114127.647735.992458
gfz2023coos,WM,MAHO,BHZ,P,2023-02-06T10:30:17.41Z,smi:org.gfz-potsdam.de/geofon/Pick/20230207114127.647851.992459
gfz2023coos,GE,HLG,BHZ,P,2023-02-06T10:30:19.96Z,smi:org.gfz-potsdam.de/geofon/Pick/20230207114127.647933.992460
gfz2023coos,BE,RCHB,HHZ,P,2023-02-06T10:30:19.79Z,smi:org.gfz-potsdam.de/geofon/Pick/20230207114127.648002.992461
gfz2023coos,GE,KBU,BHZ,P,2023-02-06T10:30:22.07Z,smi:org.gfz-potsdam.de/geofon/Pick/20230207114127.64808.992462
gfz2023coos,NL,OPLO,BHZ,P,2023-02-06T10:30:21.32Z,smi:org.gfz-potsdam.de/geofon/Pick/20230207114127.648172.992463
gfz2023coos,KR,BTK,BHZ,P,2023-02-06T10:30:23.5Z,smi:org.gfz-potsdam.de/geofon/Pick/20230207114127.648276.992464
gfz2023coos,RD,LOR,BHZ,P,2023-02-06T10:30:22.41Z,smi:org.gfz-potsdam.de/geofon/Pick/20230207114127.648382.992465
gfz2023coos,DK,MUD,BHZ,P,2023-02-06T10:30:24.99Z,smi:org.gfz-potsdam.de/geofon/Pick/20230207114127.648485.992466
gfz2023coos,ES,EJON,BHZ,P,2023-02-06T10:30:25.47Z,smi:org.gfz-potsdam.de/geofon/Pick/20230207114127.648559.992467
gfz2023coos,BE,UCC,HHZ,P,2023-02-06T10:30:26.21Z,smi:org.gfz-potsdam.de/geofon/Pick/20230207114127.648624.992468
gfz2023coos,FR,SJAF,BHZ,P,2023-02-06T10:30:25.54Z,smi:org.gfz-potsdam.de/geofon/Pick/20230207114127.648693.992469
gfz2023coos,RD,MTLF,BHZ,P,2023-02-06T10:30:30.42Z,smi:org.gfz-potsdam.de/geofon/Pick/20230207114127.648804.992470
gfz2023coos,G,ATD,BHZ,P,2023-02-06T10:30:31.62Z,smi:org.gfz-potsdam.de/geofon/Pick/20230207114127.648883.992471
gfz2023coos,HE,OUF,HHZ,P,2023-02-06T10:30:33.97Z,smi:org.gfz-potsdam.de/geofon/Pick/20230207114127.648963.992472
gfz2023coos,IU,KONO,BHZ,P,2023-02-06T10:30:38.17Z,smi:org.gfz-potsdam.de/geofon/Pick/20230207114127.649051.992473
gfz2023coos,FN,OUL,BHZ,P,2023-02-06T10:30:38.51Z,smi:org.gfz-potsdam.de/geofon/Pick/20230207114127.649127.992474
gfz2023coos,ES,EIBI,HHZ,P,2023-02-06T10:30:39.92Z,smi:org.gfz-potsdam.de/geofon/Pick/20230207114127.649192.992475
gfz2023coos,FN,MSF,BHZ,P,2023-02-06T10:30:42.35Z,smi:org.gfz-potsdam.de/geofon/Pick/20230207114127.649263.992476
gfz2023coos,HE,KU6,HHZ,P,2023-02-06T10:30:42.61Z,smi:org.gfz-potsdam.de/geofon/Pick/20230207114127.649346.992477
gfz2023coos,RD,MFF,BHZ,P,2023-02-06T10:30:46.07Z,smi:org.gfz-potsdam.de/geofon/Pick/20230207114127.64945.992478
gfz2023coos,ES,EMOS,BHZ,P,2023-02-06T10:30:51.35Z,smi:org.gfz-potsdam.de/geofon/Pick/20230207114127.649531.992479
gfz2023coos,FN,RNF,BHZ,P,2023-02-06T10:30:51.46Z,smi:org.gfz-potsdam.de/geofon/Pick/20230207114127.649602.992480
gfz2023coos,II,NIL,BHZ,P,2023-02-06T10:30:53.61Z,smi:org.gfz-potsdam.de/geofon/Pick/20230207114127.649683.992481
gfz2023coos,II,LVZ,BHZ,P,2023-02-06T10:30:57.23Z,smi:org.gfz-potsdam.de/geofon/Pick/20230207114127.649784.992482
gfz2023coos,GB,LMK,HHZ,P,2023-02-06T10:30:57.6Z,smi:org.gfz-potsdam.de/geofon/Pick/20230207114127.64989.992483
gfz2023coos,HE,VRF,HHZ,P,2023-02-06T10:30:58.5Z,smi:org.gfz-potsdam.de/geofon/Pick/20230207114127.649975.992484
gfz2023coos,FN,SGF,BHZ,P,2023-02-06T10:30:58.48Z,smi:org.gfz-potsdam.de/geofon/Pick/20230207114127.650058.992485
gfz2023coos,WM,CART,BHZ,P,2023-02-06T10:30:57.31Z,smi:org.gfz-potsdam.de/geofon/Pick/20230207114127.650193.992486
gfz2023coos,ES,EMUR,BHZ,P,2023-02-06T10:30:59.06Z,smi:org.gfz-potsdam.de/geofon/Pick/20230207114127.650296.992487
gfz2023coos,II,AAK,BHZ,P,2023-02-06T10:30:46.77Z,smi:org.gfz-potsdam.de/geofon/Pick/20230207114139.726683.992490
gfz2023coos,II,KURK,BHZ,P,2023-02-06T10:31:13.82Z,smi:org.gfz-potsdam.de/geofon/Pick/20230207114150.022707.992492
gfz2023coos,HE,HEF,HHZ,P,2023-02-06T10:31:09.11Z,smi:org.gfz-potsdam.de/geofon/Pick/20230207114208.727438.992494
gfz2023coos,GE,KMBO,BHZ,P,2023-02-06T10:32:16.88Z,smi:org.gfz-potsdam.de/geofon/Pick/20230207114449.430125.992888
gfz2023coos,PL,HSPB,HHZ,P,2023-02-06T10:32:25.2Z,smi:org.gfz-potsdam.de/geofon/Pick/20230207114449.430433.992889
gfz2023coos,GE,KIBK,BHZ,P,2023-02-06T10:32:26.38Z,smi:org.gfz-potsdam.de/geofon/Pick/20230207114449.430549.992890
gfz2023coos,GE,KBS,BHZ,P,2023-02-06T10:32:42.46Z,smi:org.gfz-potsdam.de/geofon/Pick/20230207114449.430643.992891
gfz2023coos,IO,EVN,BHZ,P,2023-02-06T10:32:44.41Z,smi:org.gfz-potsdam.de/geofon/Pick/20230207114449.430749.992892
gfz2023coos,ES,EFAM,HHZ,P,2023-02-06T10:32:47.3Z,smi:org.gfz-potsdam.de/geofon/Pick/20230207114449.430847.992893
gfz2023coos,II,BORG,BHZ,P,2023-02-06T10:32:50.64Z,smi:org.gfz-potsdam.de/geofon/Pick/20230207114449.430951.992894
gfz2023coos,IN,MNC,HHZ,P,2023-02-06T10:32:55.87Z,smi:org.gfz-potsdam.de/geofon/Pick/20230207114449.431052.992895
gfz2023coos,PM,PMOZ,BHZ,P,2023-02-06T10:32:57.3Z,smi:org.gfz-potsdam.de/geofon/Pick/20230207114449.431159.992896
gfz2023coos,DK,SCO,BHZ,P,2023-02-06T10:33:01.46Z,smi:org.gfz-potsdam.de/geofon/Pick/20230207114449.431248.992897
gfz2023coos,ES,EOSO,BHZ,P,2023-02-06T10:33:03.56Z,smi:org.gfz-potsdam.de/geofon/Pick/20230207114449.431326.992898
gfz2023coos,GE,HMDM,BHZ,P,2023-02-06T10:33:05.91Z,smi:org.gfz-potsdam.de/geofon/Pick/20230207114449.431414.992899
gfz2023coos,GE,DAG,HHZ,P,2023-02-06T10:33:09.62Z,smi:org.gfz-potsdam.de/geofon/Pick/20230207114449.431502.992900
gfz2023coos,GE,ACRG,BHZ,P,2023-02-06T10:33:18.63Z,smi:org.gfz-potsdam.de/geofon/Pick/20230207114449.431593.992901
gfz2023coos,II,TLY,BHZ,P,2023-02-06T10:33:24.87Z,smi:org.gfz-potsdam.de/geofon/Pick/20230207114449.431699.992902
gfz2023coos,IN,SHL,HHZ,P,2023-02-06T10:33:22.87Z,smi:org.gfz-potsdam.de/geofon/Pick/20230207114449.4318.992903
gfz2023coos,II,CMLA,BHZ,P,2023-02-06T10:33:33.65Z,smi:org.gfz-potsdam.de/geofon/Pick/20230207114449.4319.992904
gfz2023coos,GE,MALK,BHZ,P,2023-02-06T10:33:35.53Z,smi:org.gfz-potsdam.de/geofon/Pick/20230207114449.43199.992905
gfz2023coos,GT,DBIC,BHZ,P,2023-02-06T10:33:37.36Z,smi:org.gfz-potsdam.de/geofon/Pick/20230207114449.432082.992906
gfz2023coos,DK,ANGG,BHZ,P,2023-02-06T10:33:41.45Z,smi:org.gfz-potsdam.de/geofon/Pick/20230207114449.432169.992907
gfz2023coos,II,PALK,BHZ,P,2023-02-06T10:33:42.39Z,smi:org.gfz-potsdam.de/geofon/Pick/20230207114449.43227.992908
gfz2023coos,GE,KAAM,BHZ,P,2023-02-06T10:33:42.13Z,smi:org.gfz-potsdam.de/geofon/Pick/20230207114449.432357.992909
gfz2023coos,PM,ROSA,BHZ,P,2023-02-06T10:33:46.66Z,smi:org.gfz-potsdam.de/geofon/Pick/20230207114449.432519.992910
gfz2023coos,IU,ULN,BHZ,P,2023-02-06T10:33:47.34Z,smi:org.gfz-potsdam.de/geofon/Pick/20230207114449.432693.992911
gfz2023coos,GE,HALK,BHZ,P,2023-02-06T10:33:48.34Z,smi:org.gfz-potsdam.de/geofon/Pick/20230207114449.432824.992912
gfz2023coos,GE,SBV,BHZ,P,2023-02-06T10:34:03.95Z,smi:org.gfz-potsdam.de/geofon/Pick/20230207114449.432971.992913
gfz2023coos,GE,NPW,HHZ,P,2023-02-06T10:34:10.84Z,smi:org.gfz-potsdam.de/geofon/Pick/20230207114449.433074.992914
gfz2023coos,DK,NRS,BHZ,P,2023-02-06T10:34:13.99Z,smi:org.gfz-potsdam.de/geofon/Pick/20230207114449.433157.992915
gfz2023coos,DK,ILULI,BHZ,P,2023-02-06T10:34:15.9Z,smi:org.gfz-potsdam.de/geofon/Pick/20230207114449.433245.992916
gfz2023coos,GE,SFJD,BHZ,P,2023-02-06T10:34:18.45Z,smi:org.gfz-potsdam.de/geofon/Pick/20230207114449.433351.992917
gfz2023coos,DK,KULLO,BHZ,P,2023-02-06T10:34:19.64Z,smi:org.gfz-potsdam.de/geofon/Pick/20230207114449.433499.992918
gfz2023coos,G,IVI,BHZ,P,2023-02-06T10:34:23.01Z,smi:org.gfz-potsdam.de/geofon/Pick/20230207114449.43362.992919
gfz2023coos,IU,CHTO,BHZ,P,2023-02-06T10:34:30.86Z,smi:org.gfz-potsdam.de/geofon/Pick/20230207114449.433776.992920
gfz2023coos,II,ABPO,BHZ,P,2023-02-06T10:34:39.22Z,smi:org.gfz-potsdam.de/geofon/Pick/20230207114449.433894.992921
gfz2023coos,IU,YAK,BHZ,P,2023-02-06T10:34:43.01Z,smi:org.gfz-potsdam.de/geofon/Pick/20230207114449.434042.992922
gfz2023coos,RM,SLV,BHZ,P,2023-02-06T10:34:50.7Z,smi:org.gfz-potsdam.de/geofon/Pick/20230207114449.434163.992923
gfz2023coos,GE,VOI,BHZ,P,2023-02-06T10:34:58.19Z,smi:org.gfz-potsdam.de/geofon/Pick/20230207114449.434283.992924
gfz2023coos,G,RER,BHZ,P,2023-02-06T10:35:05.86Z,smi:org.gfz-potsdam.de/geofon/Pick/20230207114753.854315.992942
gfz2023coos,GE,LHMI,BHZ,P,2023-02-06T10:35:14.39Z,smi:org.gfz-potsdam.de/geofon/Pick/20230207114753.854622.992943
gfz2023coos,IA,KCSI,BHZ,P,2023-02-06T10:35:25.55Z,smi:org.gfz-potsdam.de/geofon/Pick/20230207114753.854805.992944
gfz2023coos,MY,KUM,BHZ,P,2023-02-06T10:35:33.93Z,smi:org.gfz-potsdam.de/geofon/Pick/20230207114753.854985.992945
gfz2023coos,GE,GSI,BHZ,P,2023-02-06T10:35:36.37Z,smi:org.gfz-potsdam.de/geofon/Pick/20230207114753.855116.992946
gfz2023coos,IA,PSI,BHZ,P,2023-02-06T10:35:35.95Z,smi:org.gfz-potsdam.de/geofon/Pick/20230207114753.855271.992947
gfz2023coos,HK,HKPS,BHZ,P,2023-02-06T10:35:39.53Z,smi:org.gfz-potsdam.de/geofon/Pick/20230207114753.855403.992948
gfz2023coos,II,ASCN,BHZ,P,2023-02-06T10:35:38.75Z,smi:org.gfz-potsdam.de/geofon/Pick/20230207114753.855576.992949
gfz2023coos,MY,IPM,BHZ,P,2023-02-06T10:35:38.66Z,smi:org.gfz-potsdam.de/geofon/Pick/20230207114753.855815.992950
gfz2023coos,IU,BILL,BHZ,P,2023-02-06T10:35:45.72Z,smi:org.gfz-potsdam.de/geofon/Pick/20230207114753.855981.992951
gfz2023coos,II,SHEL,BHZ,P,2023-02-06T10:35:44.23Z,smi:org.gfz-potsdam.de/geofon/Pick/20230207114753.856135.992952
gfz2023coos,IA,SBSI,BHZ,P,2023-02-06T10:35:44.02Z,smi:org.gfz-potsdam.de/geofon/Pick/20230207114753.856282.992953
gfz2023coos,IU,INCN,BHZ,P,2023-02-06T10:35:46.55Z,smi:org.gfz-potsdam.de/geofon/Pick/20230207114753.856476.992954
gfz2023coos,IA,PBSI,BHZ,P,2023-02-06T10:35:45.66Z,smi:org.gfz-potsdam.de/geofon/Pick/20230207114753.856635.992955
gfz2023coos,RM,DLV,BHZ,P,2023-02-06T10:35:48.25Z,smi:org.gfz-potsdam.de/geofon/Pick/20230207114753.856812.992956
gfz2023coos,IU,MA2,BHZ,P,2023-02-06T10:35:51.08Z,smi:org.gfz-potsdam.de/geofon/Pick/20230207114753.856955.992957
gfz2023coos,TW,KMNB,BHZ,P,2023-02-06T10:35:52.57Z,smi:org.gfz-potsdam.de/geofon/Pick/20230207114753.857121.992958
gfz2023coos,KG,TJN,BHZ,P,2023-02-06T10:35:52.66Z,smi:org.gfz-potsdam.de/geofon/Pick/20230207114753.857273.992959
gfz2023coos,GE,BKNI,BHZ,P,2023-02-06T10:35:55.65Z,smi:org.gfz-potsdam.de/geofon/Pick/20230207114753.8574.992960
gfz2023coos,CN,ICQ,HHZ,P,2023-02-06T10:36:02.67Z,smi:org.gfz-potsdam.de/geofon/Pick/20230207114753.857518.992961
gfz2023coos,IA,SDSI,BHZ,P,2023-02-06T10:36:01.78Z,smi:org.gfz-potsdam.de/geofon/Pick/20230207114753.857675.992962
gfz2023coos,MY,KOM,BHZ,P,2023-02-06T10:36:03.14Z,smi:org.gfz-potsdam.de/geofon/Pick/20230207114753.857839.992963
gfz2023coos,IU,TATO,BHZ,P,2023-02-06T10:36:06.95Z,smi:org.gfz-potsdam.de/geofon/Pick/20230207114753.857993.992964
gfz2023coos,TW,YHNB,BHZ,P,2023-02-06T10:36:07.12Z,smi:org.gfz-potsdam.de/geofon/Pick/20230207114753.858167.992965
gfz2023coos,IA,RGRI,BHZ,P,2023-02-06T10:36:05.47Z,smi:org.gfz-potsdam.de/geofon/Pick/20230207114753.858311.992966
gfz2023coos,TW,SSLB,BHZ,P,2023-02-06T10:36:10.45Z,smi:org.gfz-potsdam.de/geofon/Pick/20230207114753.858474.992967
gfz2023coos,TW,TPUB,BHZ,P,2023-02-06T10:36:07.88Z,smi:org.gfz-potsdam.de/geofon/Pick/20230207114753.858636.992968
gfz2023coos,MS,BESC,EHZ,P,2023-02-06T10:36:06.67Z,smi:org.gfz-potsdam.de/geofon/Pick/20230207114753.858791.992969
gfz2023coos,JP,JTU,BHZ,P,2023-02-06T10:36:08.19Z,smi:org.gfz-potsdam.de/geofon/Pick/20230207114753.858934.992970
gfz2023coos,TW,NACB,BHZ,P,2023-02-06T10:36:10.21Z,smi:org.gfz-potsdam.de/geofon/Pick/20230207114753.859103.992971
gfz2023coos,TW,YULB,BHZ,P,2023-02-06T10:36:12.11Z,smi:org.gfz-potsdam.de/geofon/Pick/20230207114753.85927.992972
gfz2023coos,TW,TWGB,BHZ,P,2023-02-06T10:36:12.03Z,smi:org.gfz-potsdam.de/geofon/Pick/20230207114753.859435.992973
gfz2023coos,IA,TPRI,BHZ,P,2023-02-06T10:36:15.19Z,smi:org.gfz-potsdam.de/geofon/Pick/20230207114753.859588.992974
gfz2023coos,JP,YOJ,BHZ,P,2023-02-06T10:36:13.69Z,smi:org.gfz-potsdam.de/geofon/Pick/20230207114753.859738.992975
gfz2023coos,II,SUR,BHZ,P,2023-02-06T10:36:12.9Z,smi:org.gfz-potsdam.de/geofon/Pick/20230207114753.859878.992976
gfz2023coos,IU,YSS,BHZ,P,2023-02-06T10:36:15.61Z,smi:org.gfz-potsdam.de/geofon/Pick/20230207114753.860027.992977
gfz2023coos,IA,DSRI,BHZ,P,2023-02-06T10:36:15.77Z,smi:org.gfz-potsdam.de/geofon/Pick/20230207114753.860205.992978
gfz2023coos,CN,INK,HHZ,P,2023-02-06T10:36:23.33Z,smi:org.gfz-potsdam.de/geofon/Pick/20230207114753.860332.992979
gfz2023coos,JP,JSU,BHZ,P,2023-02-06T10:36:22.34Z,smi:org.gfz-potsdam.de/geofon/Pick/20230207114753.86051.992980
gfz2023coos,GE,MNAI,BHZ,P,2023-02-06T10:36:22.31Z,smi:org.gfz-potsdam.de/geofon/Pick/20230207114753.860644.992981
gfz2023coos,GE,PMBI,BHZ,P,2023-02-06T10:36:25.8Z,smi:org.gfz-potsdam.de/geofon/Pick/20230207114753.860783.992982
gfz2023coos,JP,JMN,BHZ,P,2023-02-06T10:36:29.24Z,smi:org.gfz-potsdam.de/geofon/Pick/20230207114753.860934.992983
gfz2023coos,JP,JOW,BHZ,P,2023-02-06T10:36:28.98Z,smi:org.gfz-potsdam.de/geofon/Pick/20230207114753.861106.992984
gfz2023coos,IA,SKJI,BHZ,P,2023-02-06T10:36:46.76Z,smi:org.gfz-potsdam.de/geofon/Pick/20230207114753.861313.992985
gfz2023coos,IA,CBJI,BHZ,P,2023-02-06T10:36:47.36Z,smi:org.gfz-potsdam.de/geofon/Pick/20230207114753.861455.992986
gfz2023coos,JP,JHJ2,BHZ,P,2023-02-06T10:36:54.53Z,smi:org.gfz-potsdam.de/geofon/Pick/20230207114753.861601.992987
gfz2023coos,IU,BBSR,BHZ,P,2023-02-06T10:36:54.37Z,smi:org.gfz-potsdam.de/geofon/Pick/20230207114753.861746.992988
gfz2023coos,IA,LEM,BHZ,P,2023-02-06T10:36:50.9Z,smi:org.gfz-potsdam.de/geofon/Pick/20230207114753.86188.992989
gfz2023coos,US,BINY,BHZ,P,2023-02-06T10:36:57.12Z,smi:org.gfz-potsdam.de/geofon/Pick/20230207114753.862061.992990
gfz2023coos,GE,BBJI,BHZ,P,2023-02-06T10:36:52.76Z,smi:org.gfz-potsdam.de/geofon/Pick/20230207114753.862233.992991
gfz2023coos,IA,CMJI,BHZ,P,2023-02-06T10:36:58.71Z,smi:org.gfz-potsdam.de/geofon/Pick/20230207114753.862443.992992
gfz2023coos,IA,KPJI,BHZ,P,2023-02-06T10:36:57.66Z,smi:org.gfz-potsdam.de/geofon/Pick/20230207114753.86261.992993
gfz2023coos,II,FFC,BHZ,P,2023-02-06T10:37:04.95Z,smi:org.gfz-potsdam.de/geofon/Pick/20230207114753.862762.992994
gfz2023coos,CN,WHY,HHZ,P,2023-02-06T10:37:06.51Z,smi:org.gfz-potsdam.de/geofon/Pick/20230207114753.862883.992995
gfz2023coos,IU,SSPA,BHZ,P,2023-02-06T10:37:08.24Z,smi:org.gfz-potsdam.de/geofon/Pick/20230207114753.863033.992996
gfz2023coos,IA,BWJI,BHZ,P,2023-02-06T10:37:09.51Z,smi:org.gfz-potsdam.de/geofon/Pick/20230207114753.86317.992997
gfz2023coos,GE,BKB,BHZ,P,2023-02-06T10:37:12.75Z,smi:org.gfz-potsdam.de/geofon/Pick/20230207114753.863302.992998
gfz2023coos,IA,PWJI,BHZ,P,2023-02-06T10:37:11.58Z,smi:org.gfz-potsdam.de/geofon/Pick/20230207140128.044378.1038055
gfz2023coos,II,KDAK,BHZ,P,2023-02-06T10:37:20.76Z,smi:org.gfz-potsdam.de/geofon/Pick/20230207140128.044618.1038056
gfz2023coos,IA,MPSI,BHZ,P,2023-02-06T10:37:19.86Z,smi:org.gfz-potsdam.de/geofon/Pick/20230207140128.044721.1038057
gfz2023coos,US,AGMN,BHZ,P,2023-02-06T10:37:21.68Z,smi:org.gfz-potsdam.de/geofon/Pick/20230207140128.044838.1038058
gfz2023coos,IA,BLJI,BHZ,P,2023-02-06T10:37:19.16Z,smi:org.gfz-potsdam.de/geofon/Pick/20230207140128.044928.1038059
gfz2023coos,GE,TOLI2,BHZ,P,2023-02-06T10:37:20.13Z,smi:org.gfz-potsdam.de/geofon/Pick/20230207140128.045009.1038060
gfz2023coos,IU,DAV,BHZ,P,2023-02-06T10:37:20.48Z,smi:org.gfz-potsdam.de/geofon/Pick/20230207140128.045094.1038061
gfz2023coos,IA,ABJI,BHZ,P,2023-02-06T10:37:22.1Z,smi:org.gfz-potsdam.de/geofon/Pick/20230207140128.045192.1038062
gfz2023coos,IA,BYJI,BHZ,P,2023-02-06T10:37:23.98Z,smi:org.gfz-potsdam.de/geofon/Pick/20230207140128.045342.1038063
gfz2023coos,GE,JAGI,BHZ,P,2023-02-06T10:37:22.67Z,smi:org.gfz-potsdam.de/geofon/Pick/20230207140128.045438.1038064
gfz2023coos,G,CRZF,BHZ,P,2023-02-06T10:37:24.45Z,smi:org.gfz-potsdam.de/geofon/Pick/20230207140128.04551.1038065
gfz2023coos,WI,ABD,BHZ,P,2023-02-06T10:37:33.13Z,smi:org.gfz-potsdam.de/geofon/Pick/20230207140128.045645.1038066
gfz2023coos,NA,SMRT,BHZ,P,2023-02-06T10:37:34.33Z,smi:org.gfz-potsdam.de/geofon/Pick/20230207140128.04575.1038067
gfz2023coos,WI,CBE,HHZ,P,2023-02-06T10:37:35.22Z,smi:org.gfz-potsdam.de/geofon/Pick/20230207140128.045845.1038068
gfz2023coos,IA,KMSI,BHZ,P,2023-02-06T10:37:34.74Z,smi:org.gfz-potsdam.de/geofon/Pick/20230207140128.045926.1038069
gfz2023coos,IA,MGAI,BHZ,P,2023-02-06T10:37:33.39Z,smi:org.gfz-potsdam.de/geofon/Pick/20230207140128.046005.1038070
gfz2023coos,NA,SEUS,BHZ,P,2023-02-06T10:37:34.59Z,smi:org.gfz-potsdam.de/geofon/Pick/20230207140128.046092.1038071
gfz2023coos,WI,TDBA,HHZ,P,2023-02-06T10:37:35.88Z,smi:org.gfz-potsdam.de/geofon/Pick/20230207140128.04619.1038072
gfz2023coos,GE,LUWI,BHZ,P,2023-02-06T10:37:34.04Z,smi:org.gfz-potsdam.de/geofon/Pick/20230207140128.046269.1038073
gfz2023coos,NA,SABA,BHZ,P,2023-02-06T10:37:36.36Z,smi:org.gfz-potsdam.de/geofon/Pick/20230207140128.046352.1038074
gfz2023coos,WI,ILAM,BHZ,P,2023-02-06T10:37:35.91Z,smi:org.gfz-potsdam.de/geofon/Pick/20230207140128.046447.1038075
gfz2023coos,II,KAPI,BHZ,P,2023-02-06T10:37:35.18Z,smi:org.gfz-potsdam.de/geofon/Pick/20230207140128.046537.1038076
gfz2023coos,CN,LLLB,HHZ,P,2023-02-06T10:37:48.67Z,smi:org.gfz-potsdam.de/geofon/Pick/20230207140128.046636.1038077
gfz2023coos,GE,TNTI,BHZ,P,2023-02-06T10:37:45.49Z,smi:org.gfz-potsdam.de/geofon/Pick/20230207140128.04671.1038078
gfz2023coos,G,PAF,BHZ,P,2023-02-06T10:37:58.0000Z,smi:org.gfz-potsdam.de/geofon/Pick/20230207140128.046816.1038079
gfz2023coos,IU,DWPF,BHZ,P,2023-02-06T10:38:00.85Z,smi:org.gfz-potsdam.de/geofon/Pick/20230207140128.046905.1038080
gfz2023coos,IA,AAII,BHZ,P,2023-02-06T10:38:01.59Z,smi:org.gfz-potsdam.de/geofon/Pick/20230207140128.046983.1038081
gfz2023coos,CW,MASC,HHZ,P,2023-02-06T10:38:05.89Z,smi:org.gfz-potsdam.de/geofon/Pick/20230207140128.047055.1038082
gfz2023coos,GE,SOEI,BHZ,P,2023-02-06T10:38:03.35Z,smi:org.gfz-potsdam.de/geofon/Pick/20230207140128.047123.1038083
gfz2023coos,IA,ATNI,BHZ,P,2023-02-06T10:38:02.91Z,smi:org.gfz-potsdam.de/geofon/Pick/20230207140128.047196.1038084
gfz2023coos,US,AHID,BHZ,P,2023-02-06T10:38:10.43Z,smi:org.gfz-potsdam.de/geofon/Pick/20230207140128.047292.1038085
gfz2023coos,US,MIAR,BHZ,P,2023-02-06T10:38:08.82Z,smi:org.gfz-potsdam.de/geofon/Pick/20230207140128.047384.1038086
gfz2023coos,US,HLID,BHZ,P,2023-02-06T10:38:11.28Z,smi:org.gfz-potsdam.de/geofon/Pick/20230207140128.047481.1038087
gfz2023coos,CW,CCCC,HHZ,P,2023-02-06T10:38:12.72Z,smi:org.gfz-potsdam.de/geofon/Pick/20230207140128.047546.1038088
gfz2023coos,GE,BNDI,BHZ,P,2023-02-06T10:38:11.14Z,smi:org.gfz-potsdam.de/geofon/Pick/20230207140128.047617.1038089
gfz2023coos,US,ISCO,BHZ,P,2023-02-06T10:38:13.75Z,smi:org.gfz-potsdam.de/geofon/Pick/20230207140128.047709.1038090
gfz2023coos,US,HWUT,BHZ,P,2023-02-06T10:38:15.8Z,smi:org.gfz-potsdam.de/geofon/Pick/20230207140128.047806.1038091
gfz2023coos,IU,COR,BHZ,P,2023-02-06T10:38:13.71Z,smi:org.gfz-potsdam.de/geofon/Pick/20230207140128.047888.1038092
gfz2023coos,GE,FAKI,BHZ,P,2023-02-06T10:38:14.13Z,smi:org.gfz-potsdam.de/geofon/Pick/20230207140128.047962.1038093
gfz2023coos,BL,PMNB,HHZ,P,2023-02-06T10:38:19.14Z,smi:org.gfz-potsdam.de/geofon/Pick/20230207140128.048029.1038094
gfz2023coos,US,WVOR,BHZ,P,2023-02-06T10:38:21.75Z,smi:org.gfz-potsdam.de/geofon/Pick/20230207140128.048122.1038095
gfz2023coos,US,WMOK,BHZ,P,2023-02-06T10:38:20.11Z,smi:org.gfz-potsdam.de/geofon/Pick/20230207140128.048219.1038096
gfz2023coos,BL,BSCB,HHZ,P,2023-02-06T10:38:20.02Z,smi:org.gfz-potsdam.de/geofon/Pick/20230207140128.04829.1038097
gfz2023coos,CU,MTDJ,BHZ,P,2023-02-06T10:38:21.66Z,smi:org.gfz-potsdam.de/geofon/Pick/20230207140128.048358.1038098
gfz2023coos,US,DUG,BHZ,P,2023-02-06T10:38:22.01Z,smi:org.gfz-potsdam.de/geofon/Pick/20230207140128.048459.1038099
gfz2023coos,IU,MBWA,BHZ,P,2023-02-06T10:38:21.47Z,smi:org.gfz-potsdam.de/geofon/Pick/20230207140128.048553.1038100
gfz2023coos,IA,SRPI,BHZ,P,2023-02-06T10:38:26.38Z,smi:org.gfz-potsdam.de/geofon/Pick/20230207140128.048645.1038101
gfz2023coos,BL,CLDB,HHZ,P,2023-02-06T10:38:30.21Z,smi:org.gfz-potsdam.de/geofon/Pick/20230207140128.048717.1038102
gfz2023coos,IU,HKT,BHZ,P,2023-02-06T10:38:32.13Z,smi:org.gfz-potsdam.de/geofon/Pick/20230207140128.048801.1038103
gfz2023coos,AU,MORW,BHZ,P,2023-02-06T10:38:31.92Z,smi:org.gfz-potsdam.de/geofon/Pick/20230207140128.048867.1038104
gfz2023coos,IU,ANMO,BHZ,P,2023-02-06T10:38:34.57Z,smi:org.gfz-potsdam.de/geofon/Pick/20230207140128.04895.1038105
gfz2023coos,AU,MEEK,BHZ,P,2023-02-06T10:38:32.85Z,smi:org.gfz-potsdam.de/geofon/Pick/20230207140128.049057.1038106
gfz2023coos,AU,KNRA,BHZ,P,2023-02-06T10:38:36.45Z,smi:org.gfz-potsdam.de/geofon/Pick/20230207140128.04915.1038107
gfz2023coos,AU,BLDU,BHZ,P,2023-02-06T10:38:37.29Z,smi:org.gfz-potsdam.de/geofon/Pick/20230207140128.049215.1038108
gfz2023coos,BL,C2SB,HHZ,P,2023-02-06T10:38:42.36Z,smi:org.gfz-potsdam.de/geofon/Pick/20230207140128.049277.1038109
gfz2023coos,BL,FRTB,HHZ,P,2023-02-06T10:38:42.91Z,smi:org.gfz-potsdam.de/geofon/Pick/20230207140128.049339.1038110
gfz2023coos,US,MNTX,BHZ,P,2023-02-06T10:38:44.43Z,smi:org.gfz-potsdam.de/geofon/Pick/20230207140128.049435.1038111
gfz2023coos,IU,TUC,BHZ,P,2023-02-06T10:38:53.14Z,smi:org.gfz-potsdam.de/geofon/Pick/20230207140128.049532.1038112
gfz2023coos,CM,HEL,BHZ,P,2023-02-06T10:38:51.93Z,smi:org.gfz-potsdam.de/geofon/Pick/20230207140128.049604.1038113
gfz2023coos,II,PFO,BHZ,P,2023-02-06T10:38:54.13Z,smi:org.gfz-potsdam.de/geofon/Pick/20230207140128.049738.1038114
gfz2023coos,BL,AQDB,HHZ,P,2023-02-06T10:38:54.77Z,smi:org.gfz-potsdam.de/geofon/Pick/20230207140128.049856.1038115
gfz2023coos,AU,KMBL,BHZ,P,2023-02-06T10:38:55.44Z,smi:org.gfz-potsdam.de/geofon/Pick/20230207140128.049947.1038116
gfz2023coos,BL,ITAB,HHZ,P,2023-02-06T10:39:01.3Z,smi:org.gfz-potsdam.de/geofon/Pick/20230207140128.050008.1038117
gfz2023coos,CU,BBGH,BHZ,P,2023-02-06T10:37:38.02Z,smi:org.gfz-potsdam.de/geofon/Pick/20230207140139.36359.1038123
gfz2023coos,G,AIS,BHZ,P,2023-02-06T10:37:20.95Z,smi:org.gfz-potsdam.de/geofon/Pick/20230207140334.588189.1038155
gfz2023coos,US,MVCO,BHZ,P,2023-02-06T10:38:27.69Z,smi:org.gfz-potsdam.de/geofon/Pick/20230207140406.828375.1038173
gfz2023coos,IU,NWAO,BHZ,P,2023-02-06T10:38:45.23Z,smi:org.gfz-potsdam.de/geofon/Pick/20230207140406.82875.1038174
gfz2023coos,IU,SDV,BHZ,P,2023-02-06T10:38:26.93Z,smi:org.gfz-potsdam.de/geofon/Pick/20230207140416.603655.1038177
gfz2023coos,IU,TEIG,BHZ,P,2023-02-06T10:38:46.08Z,smi:org.gfz-potsdam.de/geofon/Pick/20230207140426.595633.1038180
gfz2023coos,TU,AYDN,BHZ,P,2023-02-06T10:26:38.17Z,smi:org.gfz-potsdam.de/geofon/Pick/20230331120234.44966.1902021
gfz2023coos,TU,BALY,BHZ,P,2023-02-06T10:26:43.06Z,smi:org.gfz-potsdam.de/geofon/Pick/20230331120234.450016.1902022
gfz2023coos,IC,HIA,BHZ,P,2023-02-06T10:34:41.66Z,smi:org.gfz-potsdam.de/geofon/Pick/20230331120234.451177.1902023
gfz2023coos,IC,ENH,BHZ,P,2023-02-06T10:34:48.22Z,smi:org.gfz-potsdam.de/geofon/Pick/20230331120234.451301.1902024
gfz2023coos,IC,BJT,BHZ,P,2023-02-06T10:34:51.66Z,smi:org.gfz-potsdam.de/geofon/Pick/20230331120234.451405.1902025
gfz2023coos,GE,WIN,BHZ,P,2023-02-06T10:35:18.84Z,smi:org.gfz-potsdam.de/geofon/Pick/20230331120234.451512.1902026
gfz2023coos,IA,TPTI,BHZ,P,2023-02-06T10:35:23.55Z,smi:org.gfz-potsdam.de/geofon/Pick/20230331120234.451635.1902027
gfz2023coos,IC,QIZ,BHZ,P,2023-02-06T10:35:28.71Z,smi:org.gfz-potsdam.de/geofon/Pick/20230331120234.45174.1902028
gfz2023coos,IC,MDJ,BHZ,P,2023-02-06T10:35:35.08Z,smi:org.gfz-potsdam.de/geofon/Pick/20230331120234.451841.1902029
gfz2023coos,JP,JKA,BHZ,P,2023-02-06T10:36:25.09Z,smi:org.gfz-potsdam.de/geofon/Pick/20230331120234.452212.1902030
gfz2023coos,AU,GIRL,BHZ,P,2023-02-06T10:38:08.47Z,smi:org.gfz-potsdam.de/geofon/Pick/20230331120234.45294.1902031
gfz2023coos,IU,GUMO,BHZ,P,2023-02-06T10:38:11.31Z,smi:org.gfz-potsdam.de/geofon/Pick/20230331120234.453157.1902032
gfz2023coos,CW,SOR,HHZ,P,2023-02-06T10:38:23.09Z,smi:org.gfz-potsdam.de/geofon/Pick/20230331120234.453369.1902033
gfz2023coos,GE,SAUI,BHZ,P,2023-02-06T10:38:26.76Z,smi:org.gfz-potsdam.de/geofon/Pick/20230331120234.453528.1902034
gfz2023coos,AU,FITZ,BHZ,P,2023-02-06T10:38:31.83Z,smi:org.gfz-potsdam.de/geofon/Pick/20230331120234.453645.1902035
gfz2023coos,IA,SMPI,BHZ,P,2023-02-06T10:38:35.99Z,smi:org.gfz-potsdam.de/geofon/Pick/20230331120234.45375.1902036
gfz2023coos,BL,PCMB,HHZ,P,2023-02-06T10:38:43.55Z,smi:org.gfz-potsdam.de/geofon/Pick/20230331120234.453838.1902037
gfz2023coos,CM,RUS,BHZ,P,2023-02-06T10:38:43.18Z,smi:org.gfz-potsdam.de/geofon/Pick/20230331120234.453912.1902038
gfz2023coos,IA,JAY,BHZ,P,2023-02-06T10:38:44.0000Z,smi:org.gfz-potsdam.de/geofon/Pick/20230331120234.454008.1902039
gfz2023coos,AU,KLBR,HHZ,P,2023-02-06T10:38:44.03Z,smi:org.gfz-potsdam.de/geofon/Pick/20230331120234.454076.1902040
gfz2023coos,AU,RKGY,HHZ,P,2023-02-06T10:38:50.45Z,smi:org.gfz-potsdam.de/geofon/Pick/20230331120234.45415.1902041
gfz2023coos,CU,BCIP,BHZ,P,2023-02-06T10:38:56.01Z,smi:org.gfz-potsdam.de/geofon/Pick/20230331120234.454235.1902042
gfz2023coos,GE,BOAB,BHZ,P,2023-02-06T10:39:03.75Z,smi:org.gfz-potsdam.de/geofon/Pick/20230331120234.454327.1902043
gfz2023coos,BL,PLTB,HHZ,P,2023-02-06T10:39:15.93Z,smi:org.gfz-potsdam.de/geofon/Pick/20230331120234.454404.1902044
gfz2023coos,C,GO01,BHZ,P,2023-02-06T10:39:38.53Z,smi:org.gfz-potsdam.de/geofon/Pick/20230331120234.454484.1902045
gfz2023cnwr,TU,KELT,BHZ,P,2023-02-06T01:18:27.64Z,smi:org.gfz-potsdam.de/geofon/Pick/20230206074401.110514.485516
gfz2023cnwr,TU,HAKT,BHZ,P,2023-02-06T01:18:53.22Z,smi:org.gfz-potsdam.de/geofon/Pick/20230206074401.11128.485520
gfz2023cnwr,GE,UJAP,BHZ,P,2023-02-06T01:18:55.91Z,smi:org.gfz-potsdam.de/geofon/Pick/20230206074401.111391.485521
gfz2023cnwr,TU,DIGO,BHZ,P,2023-02-06T01:19:02.38Z,smi:org.gfz-potsdam.de/geofon/Pick/20230206074401.111515.485522
gfz2023cnwr,GE,MSBI,BHZ,P,2023-02-06T01:19:04.34Z,smi:org.gfz-potsdam.de/geofon/Pick/20230206074401.111614.485523
gfz2023cnwr,TU,EPOS,BHZ,P,2023-02-06T01:19:06.41Z,smi:org.gfz-potsdam.de/geofon/Pick/20230206074401.111738.485524
gfz2023cnwr,IU,GNI,BHZ,P,2023-02-06T01:19:13.69Z,smi:org.gfz-potsdam.de/geofon/Pick/20230206074401.111848.485525
gfz2023cnwr,GE,MNAI,BHZ,P,2023-02-06T01:29:11.55Z,smi:org.gfz-potsdam.de/geofon/Pick/20230206074517.751162.485897
gfz2023cnwr,II,COCO,BHZ,P,2023-02-06T01:29:18.68Z,smi:org.gfz-potsdam.de/geofon/Pick/20230206074517.751437.485898
gfz2023cnwr,JP,JHJ2,BHZ,P,2023-02-06T01:29:43.58Z,smi:org.gfz-potsdam.de/geofon/Pick/20230206074517.751645.485899
gfz2023cnwr,GE,JAGI,BHZ,P,2023-02-06T01:30:08.73Z,smi:org.gfz-potsdam.de/geofon/Pick/20230206074517.751902.485901
gfz2023cnwr,WI,CBE,HHZ,P,2023-02-06T01:30:21.64Z,smi:org.gfz-potsdam.de/geofon/Pick/20230206074517.752216.485903
gfz2023cnwr,GE,LUWI,BHZ,P,2023-02-06T01:30:21.7Z,smi:org.gfz-potsdam.de/geofon/Pick/20230206074517.752315.485904
gfz2023cnwr,NA,SABA,BHZ,P,2023-02-06T01:30:23.43Z,smi:org.gfz-potsdam.de/geofon/Pick/20230206074517.752459.485905
gfz2023cnwr,II,KAPI,BHZ,P,2023-02-06T01:30:22.04Z,smi:org.gfz-potsdam.de/geofon/Pick/20230206074517.75255.485906
gfz2023cnwr,IA,TWSI,BHZ,P,2023-02-06T01:30:20.37Z,smi:org.gfz-potsdam.de/geofon/Pick/20230206074517.752629.485907
gfz2023cnwr,WI,BIM,BHZ,P,2023-02-06T01:30:24.41Z,smi:org.gfz-potsdam.de/geofon/Pick/20230206074517.752719.485908
gfz2023cnwr,IU,WCI,BHZ,P,2023-02-06T01:30:26.84Z,smi:org.gfz-potsdam.de/geofon/Pick/20230206074517.752814.485909
gfz2023cnwr,II,MBAR,BHZ,P,2023-02-06T01:24:53.68Z,smi:org.gfz-potsdam.de/geofon/Pick/20230206080546.301034.505090
gfz2023cnwr,GE,KMBO,BHZ,P,2023-02-06T01:24:55.51Z,smi:org.gfz-potsdam.de/geofon/Pick/20230206080546.301163.505091
gfz2023cnwr,GE,KIBK,BHZ,P,2023-02-06T01:25:05.35Z,smi:org.gfz-potsdam.de/geofon/Pick/20230206080546.301273.505092
gfz2023cnwr,PL,HSPB,HHZ,P,2023-02-06T01:25:19.35Z,smi:org.gfz-potsdam.de/geofon/Pick/20230206080546.301423.505093
gfz2023cnwr,IO,EVN,BHZ,P,2023-02-06T01:25:31.31Z,smi:org.gfz-potsdam.de/geofon/Pick/20230206080546.30158.505094
gfz2023cnwr,IN,SHL,HHZ,P,2023-02-06T01:26:10.14Z,smi:org.gfz-potsdam.de/geofon/Pick/20230206080546.301997.505097
gfz2023cnwr,DK,ILULI,BHZ,P,2023-02-06T01:27:07.96Z,smi:org.gfz-potsdam.de/geofon/Pick/20230206080546.302181.505098
gfz2023cnwr,II,SACV,BHZ,P,2023-02-06T01:27:26.24Z,smi:org.gfz-potsdam.de/geofon/Pick/20230206080546.302476.505100
gfz2023cnwr,II,ASCN,BHZ,P,2023-02-06T01:28:19.72Z,smi:org.gfz-potsdam.de/geofon/Pick/20230206080546.302785.505102
gfz2023cnwr,EI,IGLA,HHZ,P,2023-02-06T01:24:35.0000Z,smi:org.gfz-potsdam.de/geofon/Pick/20230206080811.587721.505284
gfz2023cnwr,GE,VAL,BHZ,P,2023-02-06T01:24:36.48Z,smi:org.gfz-potsdam.de/geofon/Pick/20230206080811.587857.505285
gfz2023cnwr,HE,HEF,HHZ,P,2023-02-06T01:24:01.66Z,smi:org.gfz-potsdam.de/geofon/Pick/20230206080825.211147.505288
gfz2023cnwr,GE,ACRG,BHZ,P,2023-02-06T01:25:58.95Z,smi:org.gfz-potsdam.de/geofon/Pick/20230206081545.378495.505386
gfz2023cnwr,II,UOSS,BHZ,P,2023-02-06T01:22:12.21Z,smi:org.gfz-potsdam.de/geofon/Pick/20230206081644.849384.505400
gfz2023cnwr,II,SHEL,BHZ,P,2023-02-06T01:28:24.1Z,smi:org.gfz-potsdam.de/geofon/Pick/20230206082256.496534.505900
gfz2023cnwr,IU,TSUM,BHZ,P,2023-02-06T01:27:35.29Z,smi:org.gfz-potsdam.de/geofon/Pick/20230206082433.064317.506013
gfz2023cnwr,G,RER,BHZ,P,2023-02-06T01:27:47.86Z,smi:org.gfz-potsdam.de/geofon/Pick/20230206082433.064652.506015
gfz2023cnwr,IA,TPTI,BHZ,P,2023-02-06T01:28:09.65Z,smi:org.gfz-potsdam.de/geofon/Pick/20230206082433.064931.506018
gfz2023cnwr,IA,KCSI,BHZ,P,2023-02-06T01:28:11.51Z,smi:org.gfz-potsdam.de/geofon/Pick/20230206082433.065023.506019
gfz2023cnwr,MY,KUM,BHZ,P,2023-02-06T01:28:19.62Z,smi:org.gfz-potsdam.de/geofon/Pick/20230206082433.065243.506021
gfz2023cnwr,GE,GSI,BHZ,P,2023-02-06T01:28:22.27Z,smi:org.gfz-potsdam.de/geofon/Pick/20230206082433.065324.506022
gfz2023cnwr,IA,PSI,BHZ,P,2023-02-06T01:28:21.64Z,smi:org.gfz-potsdam.de/geofon/Pick/20230206082433.065414.506023
gfz2023cnwr,IC,MDJ,BHZ,P,2023-02-06T01:28:24.52Z,smi:org.gfz-potsdam.de/geofon/Pick/20230206082433.06551.506024
gfz2023cnwr,TU,ANDN,BHZ,P,2023-02-06T01:17:45.64Z,smi:org.gfz-potsdam.de/geofon/Pick/20230208104652.990563.1155520
gfz2023cnwr,TU,KEMA,BHZ,P,2023-02-06T01:18:12.91Z,smi:org.gfz-potsdam.de/geofon/Pick/20230208104652.991022.1155521
gfz2023cnwr,GE,CSS,BHZ,P,2023-02-06T01:18:30.15Z,smi:org.gfz-potsdam.de/geofon/Pick/20230208104652.991303.1155522
gfz2023cnwr,TU,KKUL,BHZ,P,2023-02-06T01:18:33.82Z,smi:org.gfz-potsdam.de/geofon/Pick/20230208104652.991555.1155523
gfz2023cnwr,IU,ANTO,BHZ,P,2023-02-06T01:18:40.38Z,smi:org.gfz-potsdam.de/geofon/Pick/20230208104652.991744.1155524
gfz2023cnwr,GE,ISP,BHZ,P,2023-02-06T01:18:53.64Z,smi:org.gfz-potsdam.de/geofon/Pick/20230208104652.991887.1155525
gfz2023cnwr,GE,SALP,BHZ,P,2023-02-06T01:18:54.25Z,smi:org.gfz-potsdam.de/geofon/Pick/20230208104652.992028.1155526
gfz2023cnwr,TU,AYDN,BHZ,P,2023-02-06T01:19:19.59Z,smi:org.gfz-potsdam.de/geofon/Pick/20230208104652.992294.1155527
gfz2023cnwr,GE,EIL,BHZ,P,2023-02-06T01:19:27.16Z,smi:org.gfz-potsdam.de/geofon/Pick/20230208104652.992453.1155528
gfz2023cnwr,TU,BALY,BHZ,P,2023-02-06T01:19:30.59Z,smi:org.gfz-potsdam.de/geofon/Pick/20230208104652.992678.1155529
gfz2023cnwr,GE,APE,BHZ,P,2023-02-06T01:19:49.5Z,smi:org.gfz-potsdam.de/geofon/Pick/20230208104652.993199.1155532
gfz2023cnwr,HL,RDO,HHZ,P,2023-02-06T01:19:57.67Z,smi:org.gfz-potsdam.de/geofon/Pick/20230208104652.993506.1155534
gfz2023cnwr,RO,MLR,BHZ,P,2023-02-06T01:20:24.27Z,smi:org.gfz-potsdam.de/geofon/Pick/20230208104652.994432.1155539
gfz2023cnwr,AC,SRN,HHZ,P,2023-02-06T01:20:49.73Z,smi:org.gfz-potsdam.de/geofon/Pick/20230208104807.783902.1155556
gfz2023cnwr,HL,KEK,HHZ,P,2023-02-06T01:20:49.74Z,smi:org.gfz-potsdam.de/geofon/Pick/20230208104807.784576.1155558
gfz2023cnwr,RO,DRGR,BHZ,P,2023-02-06T01:20:56.27Z,smi:org.gfz-potsdam.de/geofon/Pick/20230208104807.784947.1155561
gfz2023cnwr,II,RAYN,BHZ,P,2023-02-06T01:21:11.28Z,smi:org.gfz-potsdam.de/geofon/Pick/20230208104940.130329.1155587
gfz2023cnwr,KR,BTK,BHZ,P,2023-02-06T01:23:12.07Z,smi:org.gfz-potsdam.de/geofon/Pick/20230208112334.900997.1161515
gfz2023cnwr,ES,EJON,BHZ,P,2023-02-06T01:23:13.97Z,smi:org.gfz-potsdam.de/geofon/Pick/20230208112334.901279.1161516
gfz2023cnwr,FR,SJAF,BHZ,P,2023-02-06T01:23:14.69Z,smi:org.gfz-potsdam.de/geofon/Pick/20230208112334.90139.1161517
gfz2023cnwr,DK,MUD,BHZ,P,2023-02-06T01:23:15.95Z,smi:org.gfz-potsdam.de/geofon/Pick/20230208112334.901495.1161518
gfz2023cnwr,GR,WET,BHZ,P,2023-02-06T01:22:19.55Z,smi:org.gfz-potsdam.de/geofon/Pick/20230208112834.618513.1163006
gfz2023cnwr,GR,BRG,BHZ,P,2023-02-06T01:22:22.09Z,smi:org.gfz-potsdam.de/geofon/Pick/20230208112834.618693.1163007
gfz2023cnwr,GE,PBUR,BHZ,P,2023-02-06T01:22:22.83Z,smi:org.gfz-potsdam.de/geofon/Pick/20230208112834.618874.1163008
gfz2023cnwr,MN,VSL,BHZ,P,2023-02-06T01:22:26.16Z,smi:org.gfz-potsdam.de/geofon/Pick/20230208112834.619086.1163009
gfz2023cnwr,GR,FUR,BHZ,P,2023-02-06T01:22:26.08Z,smi:org.gfz-potsdam.de/geofon/Pick/20230208112834.619248.1163010
gfz2023cnwr,BW,ROTZ,BHZ,P,2023-02-06T01:22:26.68Z,smi:org.gfz-potsdam.de/geofon/Pick/20230208112834.61937.1163011
gfz2023cnwr,GR,GRC3,BHZ,P,2023-02-06T01:22:27.07Z,smi:org.gfz-potsdam.de/geofon/Pick/20230208112834.619531.1163012
gfz2023cnwr,FR,SMPL,BHZ,P,2023-02-06T01:22:25.81Z,smi:org.gfz-potsdam.de/geofon/Pick/20230208112834.619662.1163013
gfz2023cnwr,GR,GRB5,BHZ,P,2023-02-06T01:22:26.94Z,smi:org.gfz-potsdam.de/geofon/Pick/20230208112834.619819.1163014
gfz2023cnwr,GR,GRB3,BHZ,P,2023-02-06T01:22:27.21Z,smi:org.gfz-potsdam.de/geofon/Pick/20230208112834.619973.1163015
gfz2023cnwr,GR,GRC1,BHZ,P,2023-02-06T01:22:27.37Z,smi:org.gfz-potsdam.de/geofon/Pick/20230208112834.620133.1163016
gfz2023cnwr,CH,FUORN,BHZ,P,2023-02-06T01:22:28.65Z,smi:org.gfz-potsdam.de/geofon/Pick/20230208112834.620261.1163017
gfz2023cnwr,GR,GRB2,BHZ,P,2023-02-06T01:22:27.67Z,smi:org.gfz-potsdam.de/geofon/Pick/20230208112834.620446.1163018
gfz2023cnwr,GR,GRC4,BHZ,P,2023-02-06T01:22:27.61Z,smi:org.gfz-potsdam.de/geofon/Pick/20230208112834.620617.1163019
gfz2023cnwr,GR,GRC2,BHZ,P,2023-02-06T01:22:28.07Z,smi:org.gfz-potsdam.de/geofon/Pick/20230208112834.620773.1163020
gfz2023cnwr,SX,TANN,BHZ,P,2023-02-06T01:22:28.72Z,smi:org.gfz-potsdam.de/geofon/Pick/20230208112834.621024.1163021
gfz2023cnwr,BW,MANZ,BHZ,P,2023-02-06T01:22:28.72Z,smi:org.gfz-potsdam.de/geofon/Pick/20230208112834.621198.1163022
gfz2023cnwr,GR,GRB1,BHZ,P,2023-02-06T01:22:28.2Z,smi:org.gfz-potsdam.de/geofon/Pick/20230208112834.621348.1163023
gfz2023cnwr,GR,GRB4,BHZ,P,2023-02-06T01:22:29.21Z,smi:org.gfz-potsdam.de/geofon/Pick/20230208112834.621509.1163024
gfz2023cnwr,GR,CLL,BHZ,P,2023-02-06T01:22:29.8Z,smi:org.gfz-potsdam.de/geofon/Pick/20230208112834.621667.1163025
gfz2023cnwr,GR,GRA2,BHZ,P,2023-02-06T01:22:31.47Z,smi:org.gfz-potsdam.de/geofon/Pick/20230208112834.621828.1163026
gfz2023cnwr,GE,RUE,BHZ,P,2023-02-06T01:22:31.29Z,smi:org.gfz-potsdam.de/geofon/Pick/20230208112834.621991.1163027
gfz2023cnwr,GR,UBR,BHZ,P,2023-02-06T01:22:31.59Z,smi:org.gfz-potsdam.de/geofon/Pick/20230208112834.622152.1163028
gfz2023cnwr,GE,VSU,BHZ,P,2023-02-06T01:22:30.22Z,smi:org.gfz-potsdam.de/geofon/Pick/20230208112834.622303.1163029
gfz2023cnwr,GR,GRA3,BHZ,P,2023-02-06T01:22:32.62Z,smi:org.gfz-potsdam.de/geofon/Pick/20230208112834.622463.1163030
gfz2023cnwr,OE,DAVA,BHZ,P,2023-02-06T01:22:32.22Z,smi:org.gfz-potsdam.de/geofon/Pick/20230208112834.622676.1163031
gfz2023cnwr,HL,ARG,HHZ,P,2023-02-06T01:19:19.91Z,smi:org.gfz-potsdam.de/geofon/Pick/20230208113802.73918.1164130
gfz2023cnwr,II,KIV,BHZ,P,2023-02-06T01:19:31.41Z,smi:org.gfz-potsdam.de/geofon/Pick/20230208113802.739704.1164131
gfz2023cnwr,GE,ZKR,BHZ,P,2023-02-06T01:19:43.1Z,smi:org.gfz-potsdam.de/geofon/Pick/20230208113802.739893.1164132
gfz2023cnwr,GE,THERA,BHZ,P,2023-02-06T01:19:47.78Z,smi:org.gfz-potsdam.de/geofon/Pick/20230208113802.740078.1164133
gfz2023cnwr,GE,TIRR,BHZ,P,2023-02-06T01:19:54.4Z,smi:org.gfz-potsdam.de/geofon/Pick/20230208113802.740248.1164134
gfz2023cnwr,GE,IMMV,BHZ,P,2023-02-06T01:20:05.69Z,smi:org.gfz-potsdam.de/geofon/Pick/20230208113802.740419.1164135
gfz2023cnwr,GE,GVD,BHZ,P,2023-02-06T01:20:06.7Z,smi:org.gfz-potsdam.de/geofon/Pick/20230208113802.740578.1164136
gfz2023cnwr,RO,VRI,HHZ,P,2023-02-06T01:20:22.48Z,smi:org.gfz-potsdam.de/geofon/Pick/20230208113802.740868.1164137
gfz2023cnwr,HL,ITM,HHZ,P,2023-02-06T01:20:28.2Z,smi:org.gfz-potsdam.de/geofon/Pick/20230208113802.741061.1164138
gfz2023cnwr,RO,ARR,BHZ,P,2023-02-06T01:20:32.88Z,smi:org.gfz-potsdam.de/geofon/Pick/20230208113802.741281.1164139
gfz2023cnwr,RO,LOT,BHZ,P,2023-02-06T01:20:39.76Z,smi:org.gfz-potsdam.de/geofon/Pick/20230208113802.741527.1164140
gfz2023cnwr,AC,KBN,HHZ,P,2023-02-06T01:20:44.2Z,smi:org.gfz-potsdam.de/geofon/Pick/20230208113802.741656.1164141
gfz2023cnwr,RO,DEV,BHZ,P,2023-02-06T01:20:48.54Z,smi:org.gfz-potsdam.de/geofon/Pick/20230208113802.741884.1164142
gfz2023cnwr,AC,BCI,HHZ,P,2023-02-06T01:20:55.79Z,smi:org.gfz-potsdam.de/geofon/Pick/20230208113802.742023.1164143
gfz2023cnwr,AC,VLO,HHZ,P,2023-02-06T01:20:55.97Z,smi:org.gfz-potsdam.de/geofon/Pick/20230208113802.742133.1164144
gfz2023cnwr,RO,BZS,BHZ,P,2023-02-06T01:20:57.32Z,smi:org.gfz-potsdam.de/geofon/Pick/20230208113802.742349.1164145
gfz2023cnwr,RO,BMR,BHZ,P,2023-02-06T01:20:59.33Z,smi:org.gfz-potsdam.de/geofon/Pick/20230208113802.742586.1164146
gfz2023cnwr,MN,PDG,BHZ,P,2023-02-06T01:21:03.04Z,smi:org.gfz-potsdam.de/geofon/Pick/20230208113802.742847.1164147
gfz2023cnwr,IU,KIEV,BHZ,P,2023-02-06T01:20:59.09Z,smi:org.gfz-potsdam.de/geofon/Pick/20230208113802.74305.1164148
gfz2023cnwr,HU,LTVH,HHZ,P,2023-02-06T01:21:08.55Z,smi:org.gfz-potsdam.de/geofon/Pick/20230208113802.743225.1164149
gfz2023cnwr,HU,TRPA,HHZ,P,2023-02-06T01:21:09.29Z,smi:org.gfz-potsdam.de/geofon/Pick/20230208113802.743399.1164150
gfz2023cnwr,SK,KOLS,HHZ,P,2023-02-06T01:21:18.67Z,smi:org.gfz-potsdam.de/geofon/Pick/20230208113802.743623.1164151
gfz2023cnwr,HU,BSZH,HHZ,P,2023-02-06T01:21:21.3Z,smi:org.gfz-potsdam.de/geofon/Pick/20230208113802.743787.1164152
gfz2023cnwr,HU,ABAH,HHZ,P,2023-02-06T01:21:20.67Z,smi:org.gfz-potsdam.de/geofon/Pick/20230208113802.743966.1164153
gfz2023cnwr,GE,MATE,BHZ,P,2023-02-06T01:21:23.52Z,smi:org.gfz-potsdam.de/geofon/Pick/20230208113802.744122.1164154
gfz2023cnwr,PL,KWP,HHZ,P,2023-02-06T01:21:21.41Z,smi:org.gfz-potsdam.de/geofon/Pick/20230208113802.74435.1164155
gfz2023cnwr,HU,MORH,HHZ,P,2023-02-06T01:21:24.98Z,smi:org.gfz-potsdam.de/geofon/Pick/20230208113802.744549.1164156
gfz2023cnwr,GE,PSZ,BHZ,P,2023-02-06T01:21:27.99Z,smi:org.gfz-potsdam.de/geofon/Pick/20230208113802.744706.1164157
gfz2023cnwr,SK,KECS,EHZ,P,2023-02-06T01:21:25.72Z,smi:org.gfz-potsdam.de/geofon/Pick/20230208113802.744915.1164158
gfz2023cnwr,HU,KOVH,HHZ,P,2023-02-06T01:21:28.13Z,smi:org.gfz-potsdam.de/geofon/Pick/20230208113802.745095.1164159
gfz2023cnwr,MN,BLY,BHZ,P,2023-02-06T01:21:30.31Z,smi:org.gfz-potsdam.de/geofon/Pick/20230208113802.745303.1164160
gfz2023cnwr,HU,BUD,HHZ,P,2023-02-06T01:21:29.65Z,smi:org.gfz-potsdam.de/geofon/Pick/20230208113802.745475.1164161
gfz2023cnwr,MN,CUC,HHZ,P,2023-02-06T01:21:30.32Z,smi:org.gfz-potsdam.de/geofon/Pick/20230208113802.745706.1164162
gfz2023cnwr,GE,MARCO,BHZ,P,2023-02-06T01:21:29.78Z,smi:org.gfz-potsdam.de/geofon/Pick/20230208113802.745873.1164163
gfz2023cnwr,CR,KIJV,BHZ,P,2023-02-06T01:21:32.85Z,smi:org.gfz-potsdam.de/geofon/Pick/20230208113802.746006.1164164
gfz2023cnwr,HU,CSKK,HHZ,P,2023-02-06T01:21:35.26Z,smi:org.gfz-potsdam.de/geofon/Pick/20230208113802.746174.1164165
gfz2023cnwr,HU,TIH,HHZ,P,2023-02-06T01:21:34.94Z,smi:org.gfz-potsdam.de/geofon/Pick/20230208113802.746341.1164166
gfz2023cnwr,PL,NIE,HHZ,P,2023-02-06T01:21:35.69Z,smi:org.gfz-potsdam.de/geofon/Pick/20230208113802.74658.1164167
gfz2023cnwr,HU,MPLH,HHZ,P,2023-02-06T01:21:39.07Z,smi:org.gfz-potsdam.de/geofon/Pick/20230208113802.746789.1164168
gfz2023cnwr,HU,BEHE,HHZ,P,2023-02-06T01:21:41.3Z,smi:org.gfz-potsdam.de/geofon/Pick/20230208113802.746957.1164169
gfz2023cnwr,HU,EGYH,HHZ,P,2023-02-06T01:21:40.9Z,smi:org.gfz-potsdam.de/geofon/Pick/20230208113802.747122.1164170
gfz2023cnwr,CR,ZAG,BHZ,P,2023-02-06T01:21:43.23Z,smi:org.gfz-potsdam.de/geofon/Pick/20230208113802.747251.1164171
gfz2023cnwr,II,OBN,BHZ,P,2023-02-06T01:21:40.65Z,smi:org.gfz-potsdam.de/geofon/Pick/20230208113802.74743.1164172
gfz2023cnwr,PL,OJC,BHZ,P,2023-02-06T01:21:43.39Z,smi:org.gfz-potsdam.de/geofon/Pick/20230208113802.747641.1164173
gfz2023cnwr,SK,MODS,HHZ,P,2023-02-06T01:21:48.72Z,smi:org.gfz-potsdam.de/geofon/Pick/20230208113802.747871.1164174
gfz2023cnwr,SK,ZST,HHZ,P,2023-02-06T01:21:48.36Z,smi:org.gfz-potsdam.de/geofon/Pick/20230208113802.748102.1164175
gfz2023cnwr,CZ,JAVC,BHZ,P,2023-02-06T01:21:50.09Z,smi:org.gfz-potsdam.de/geofon/Pick/20230208113802.748245.1164176
gfz2023cnwr,HU,SOP,HHZ,P,2023-02-06T01:21:48.89Z,smi:org.gfz-potsdam.de/geofon/Pick/20230208113802.748459.1164177
gfz2023cnwr,PL,BEL,HHZ,P,2023-02-06T01:21:52.1Z,smi:org.gfz-potsdam.de/geofon/Pick/20230208113802.748685.1164178
gfz2023cnwr,OE,ARSA,BHZ,P,2023-02-06T01:21:54.64Z,smi:org.gfz-potsdam.de/geofon/Pick/20230208113802.748917.1164179
gfz2023cnwr,MN,AQU,BHZ,P,2023-02-06T01:21:55.19Z,smi:org.gfz-potsdam.de/geofon/Pick/20230208113802.749109.1164180
gfz2023cnwr,GE,MORC,BHZ,P,2023-02-06T01:21:55.1Z,smi:org.gfz-potsdam.de/geofon/Pick/20230208113802.749266.1164181
gfz2023cnwr,OE,OBKA,BHZ,P,2023-02-06T01:21:57.74Z,smi:org.gfz-potsdam.de/geofon/Pick/20230208113802.749464.1164182
gfz2023cnwr,CZ,KRUC,BHZ,P,2023-02-06T01:21:58.14Z,smi:org.gfz-potsdam.de/geofon/Pick/20230208113802.749598.1164183
gfz2023cnwr,CZ,VRAC,BHZ,P,2023-02-06T01:21:58.3Z,smi:org.gfz-potsdam.de/geofon/Pick/20230208113802.749725.1164184
gfz2023cnwr,PL,SUW,HHZ,P,2023-02-06T01:21:59.12Z,smi:org.gfz-potsdam.de/geofon/Pick/20230208113802.749927.1164185
gfz2023cnwr,OX,SABO,HHZ,P,2023-02-06T01:22:01.92Z,smi:org.gfz-potsdam.de/geofon/Pick/20230208113802.750132.1164186
gfz2023cnwr,OX,DRE,HHZ,P,2023-02-06T01:22:02.81Z,smi:org.gfz-potsdam.de/geofon/Pick/20230208113802.750338.1164187
gfz2023cnwr,OX,PRED,HHZ,P,2023-02-06T01:22:04.88Z,smi:org.gfz-potsdam.de/geofon/Pick/20230208113802.750543.1164188
gfz2023cnwr,OX,ACOM,HHZ,P,2023-02-06T01:22:06.03Z,smi:org.gfz-potsdam.de/geofon/Pick/20230208113802.750793.1164189
gfz2023cnwr,OE,MOA,BHZ,P,2023-02-06T01:22:06.7Z,smi:org.gfz-potsdam.de/geofon/Pick/20230208113802.751012.1164190
gfz2023cnwr,OX,FUSE,HHZ,P,2023-02-06T01:22:08.18Z,smi:org.gfz-potsdam.de/geofon/Pick/20230208113802.751221.1164191
gfz2023cnwr,OE,KBA,BHZ,P,2023-02-06T01:22:08.81Z,smi:org.gfz-potsdam.de/geofon/Pick/20230208113802.751416.1164192
gfz2023cnwr,PL,KSP,HHZ,P,2023-02-06T01:22:08.85Z,smi:org.gfz-potsdam.de/geofon/Pick/20230208113802.751655.1164193
gfz2023cnwr,GE,PABE,BHZ,P,2023-02-06T01:22:10.29Z,smi:org.gfz-potsdam.de/geofon/Pick/20230208113802.751814.1164194
gfz2023cnwr,OX,CIMO,HHZ,P,2023-02-06T01:22:11.58Z,smi:org.gfz-potsdam.de/geofon/Pick/20230208113802.752017.1164195
gfz2023cnwr,GR,GEC2,BHZ,P,2023-02-06T01:22:14.1Z,smi:org.gfz-potsdam.de/geofon/Pick/20230208113802.75219.1164196
gfz2023cnwr,BW,RJOB,BHZ,P,2023-02-06T01:22:15.11Z,smi:org.gfz-potsdam.de/geofon/Pick/20230208113802.752311.1164197
gfz2023cnwr,CZ,PRA,BHZ,P,2023-02-06T01:22:15.42Z,smi:org.gfz-potsdam.de/geofon/Pick/20230208113802.752485.1164198
gfz2023cnwr,GR,GRA1,BHZ,P,2023-02-06T01:22:32.61Z,smi:org.gfz-potsdam.de/geofon/Pick/20230208113802.753015.1164200
gfz2023cnwr,IU,GRFO,BHZ,P,2023-02-06T01:22:32.41Z,smi:org.gfz-potsdam.de/geofon/Pick/20230208113802.753202.1164201
gfz2023cnwr,GR,MOX,BHZ,P,2023-02-06T01:22:34.7Z,smi:org.gfz-potsdam.de/geofon/Pick/20230208113802.753366.1164202
gfz2023cnwr,CH,MUGIO,BHZ,P,2023-02-06T01:22:34.31Z,smi:org.gfz-potsdam.de/geofon/Pick/20230208113802.753492.1164203
gfz2023cnwr,GE,SLIT,BHZ,P,2023-02-06T01:22:34.68Z,smi:org.gfz-potsdam.de/geofon/Pick/20230208113802.753644.1164204
gfz2023cnwr,GR,LNIZ,BHZ,P,2023-02-06T01:22:35.52Z,smi:org.gfz-potsdam.de/geofon/Pick/20230208113802.753798.1164205
gfz2023cnwr,SX,NEUB,BHZ,P,2023-02-06T01:22:36.25Z,smi:org.gfz-potsdam.de/geofon/Pick/20230208113802.754007.1164206
gfz2023cnwr,GE,PUL,BHZ,P,2023-02-06T01:22:38.63Z,smi:org.gfz-potsdam.de/geofon/Pick/20230208113802.754177.1164207
gfz2023cnwr,SX,WIMM,BHZ,P,2023-02-06T01:22:38.82Z,smi:org.gfz-potsdam.de/geofon/Pick/20230208113802.754377.1164208
gfz2023cnwr,EE,MTSE,BHZ,P,2023-02-06T01:22:40.86Z,smi:org.gfz-potsdam.de/geofon/Pick/20230208113802.754552.1164209
gfz2023cnwr,CH,BNALP,BHZ,P,2023-02-06T01:22:40.56Z,smi:org.gfz-potsdam.de/geofon/Pick/20230208113802.75468.1164210
gfz2023cnwr,GE,FALKS,BHZ,P,2023-02-06T01:22:40.98Z,smi:org.gfz-potsdam.de/geofon/Pick/20230208113802.754813.1164211
gfz2023cnwr,GE,STU,BHZ,P,2023-02-06T01:22:41.13Z,smi:org.gfz-potsdam.de/geofon/Pick/20230208113802.754964.1164212
gfz2023cnwr,FR,SAOF,BHZ,P,2023-02-06T01:22:42.73Z,smi:org.gfz-potsdam.de/geofon/Pick/20230208113802.755093.1164213
gfz2023cnwr,FR,MON,BHZ,P,2023-02-06T01:22:43.64Z,smi:org.gfz-potsdam.de/geofon/Pick/20230208113802.755218.1164214
gfz2023cnwr,EE,ARBE,BHZ,P,2023-02-06T01:22:42.0000Z,smi:org.gfz-potsdam.de/geofon/Pick/20230208113802.755341.1164215
gfz2023cnwr,CH,SLE,BHZ,P,2023-02-06T01:22:42.42Z,smi:org.gfz-potsdam.de/geofon/Pick/20230208113802.755472.1164216
gfz2023cnwr,GR,UBBA,BHZ,P,2023-02-06T01:22:41.43Z,smi:org.gfz-potsdam.de/geofon/Pick/20230208113802.755665.1164217
gfz2023cnwr,GE,FLT1,BHZ,P,2023-02-06T01:22:43.62Z,smi:org.gfz-potsdam.de/geofon/Pick/20230208113802.755812.1164218
gfz2023cnwr,FR,ISO,BHZ,P,2023-02-06T01:22:46.05Z,smi:org.gfz-potsdam.de/geofon/Pick/20230208113802.755933.1164219
gfz2023cnwr,GR,BFO,BHZ,P,2023-02-06T01:22:45.43Z,smi:org.gfz-potsdam.de/geofon/Pick/20230208113802.756083.1164220
gfz2023cnwr,GE,RGN,BHZ,P,2023-02-06T01:22:45.62Z,smi:org.gfz-potsdam.de/geofon/Pick/20230208113802.756232.1164221
gfz2023cnwr,GR,ASSE,BHZ,P,2023-02-06T01:22:46.0000Z,smi:org.gfz-potsdam.de/geofon/Pick/20230208113802.756378.1164222
gfz2023cnwr,GR,CLZ,BHZ,P,2023-02-06T01:22:46.91Z,smi:org.gfz-potsdam.de/geofon/Pick/20230208113802.756546.1164223
gfz2023cnwr,GR,GOR1,BHZ,P,2023-02-06T01:22:47.11Z,smi:org.gfz-potsdam.de/geofon/Pick/20230208113802.756715.1164224
gfz2023cnwr,GR,GTTG,BHZ,P,2023-02-06T01:22:48.02Z,smi:org.gfz-potsdam.de/geofon/Pick/20230208113802.756871.1164225
gfz2023cnwr,MN,BNI,BHZ,P,2023-02-06T01:22:50.08Z,smi:org.gfz-potsdam.de/geofon/Pick/20230208113802.757078.1164226
gfz2023cnwr,FR,OGAG,HHZ,P,2023-02-06T01:22:50.18Z,smi:org.gfz-potsdam.de/geofon/Pick/20230208113802.757257.1164227
gfz2023cnwr,CH,BOURR,BHZ,P,2023-02-06T01:22:49.83Z,smi:org.gfz-potsdam.de/geofon/Pick/20230208113802.757381.1164228
gfz2023cnwr,GR,TNS,BHZ,P,2023-02-06T01:22:51.08Z,smi:org.gfz-potsdam.de/geofon/Pick/20230208113802.757531.1164229
gfz2023cnwr,FR,OGDI,HHZ,P,2023-02-06T01:22:51.87Z,smi:org.gfz-potsdam.de/geofon/Pick/20230208113802.757665.1164230
gfz2023cnwr,G,ECH,BHZ,P,2023-02-06T01:22:52.12Z,smi:org.gfz-potsdam.de/geofon/Pick/20230208113802.757802.1164231
gfz2023cnwr,HE,MEF,HHZ,P,2023-02-06T01:22:52.81Z,smi:org.gfz-potsdam.de/geofon/Pick/20230208113802.757951.1164232
gfz2023cnwr,CH,GIMEL,BHZ,P,2023-02-06T01:22:54.02Z,smi:org.gfz-potsdam.de/geofon/Pick/20230208113802.758079.1164233
gfz2023cnwr,RD,ORIF,BHZ,P,2023-02-06T01:22:53.09Z,smi:org.gfz-potsdam.de/geofon/Pick/20230208113802.758272.1164234
gfz2023cnwr,FR,RUSF,BHZ,P,2023-02-06T01:22:56.93Z,smi:org.gfz-potsdam.de/geofon/Pick/20230208121550.793232.1166626
gfz2023cnwr,FR,ARBF,BHZ,P,2023-02-06T01:22:57.22Z,smi:org.gfz-potsdam.de/geofon/Pick/20230208121550.793499.1166627
gfz2023cnwr,DK,COP,BHZ,P,2023-02-06T01:22:58.01Z,smi:org.gfz-potsdam.de/geofon/Pick/20230208122213.855208.1166660
gfz2023cnwr,GR,BSEG,BHZ,P,2023-02-06T01:22:56.92Z,smi:org.gfz-potsdam.de/geofon/Pick/20230208122213.85556.1166661
gfz2023cnwr,GR,AHRW,BHZ,P,2023-02-06T01:22:59.82Z,smi:org.gfz-potsdam.de/geofon/Pick/20230208122213.855735.1166662
gfz2023cnwr,GR,BUG,BHZ,P,2023-02-06T01:23:01.95Z,smi:org.gfz-potsdam.de/geofon/Pick/20230208122213.8559.1166663
gfz2023cnwr,GE,WLF,BHZ,P,2023-02-06T01:23:01.05Z,smi:org.gfz-potsdam.de/geofon/Pick/20230208122213.856055.1166664
gfz2023cnwr,GE,IBBN,BHZ,P,2023-02-06T01:23:02.01Z,smi:org.gfz-potsdam.de/geofon/Pick/20230208122213.856214.1166665
gfz2023cnwr,G,SSB,BHZ,P,2023-02-06T01:23:02.28Z,smi:org.gfz-potsdam.de/geofon/Pick/20230208122213.856363.1166666
gfz2023cnwr,WM,MAHO,BHZ,P,2023-02-06T01:23:03.51Z,smi:org.gfz-potsdam.de/geofon/Pick/20230208122213.856736.1166667
gfz2023cnwr,GR,SKMB,BHZ,P,2023-02-06T01:23:05.47Z,smi:org.gfz-potsdam.de/geofon/Pick/20230208122213.856907.1166668
gfz2023cnwr,HE,RAF,HHZ,P,2023-02-06T01:23:03.92Z,smi:org.gfz-potsdam.de/geofon/Pick/20230208122213.857061.1166669
gfz2023cnwr,BE,MEM,HHZ,P,2023-02-06T01:23:03.83Z,smi:org.gfz-potsdam.de/geofon/Pick/20230208122213.857178.1166670
gfz2023cnwr,NL,WTSB,BHZ,P,2023-02-06T01:23:06.03Z,smi:org.gfz-potsdam.de/geofon/Pick/20230208122213.857395.1166671
gfz2023cnwr,NL,HGN,BHZ,P,2023-02-06T01:23:06.24Z,smi:org.gfz-potsdam.de/geofon/Pick/20230208122213.85761.1166672
gfz2023cnwr,GE,KBU,BHZ,P,2023-02-06T01:23:09.51Z,smi:org.gfz-potsdam.de/geofon/Pick/20230208122213.85777.1166673
gfz2023cnwr,BE,RCHB,HHZ,P,2023-02-06T01:23:07.1Z,smi:org.gfz-potsdam.de/geofon/Pick/20230208122213.857883.1166674
gfz2023cnwr,GE,HLG,BHZ,P,2023-02-06T01:23:09.68Z,smi:org.gfz-potsdam.de/geofon/Pick/20230208122213.858013.1166675
gfz2023cnwr,G,ATD,BHZ,P,2023-02-06T01:23:10.21Z,smi:org.gfz-potsdam.de/geofon/Pick/20230208122213.85814.1166676
gfz2023cnwr,NL,OPLO,BHZ,P,2023-02-06T01:23:10.1Z,smi:org.gfz-potsdam.de/geofon/Pick/20230208122213.858337.1166677
gfz2023cnwr,BE,UCC,HHZ,P,2023-02-06T01:23:14.71Z,smi:org.gfz-potsdam.de/geofon/Pick/20230208122213.858476.1166678
gfz2023cnwr,RD,MTLF,BHZ,P,2023-02-06T01:23:16.99Z,smi:org.gfz-potsdam.de/geofon/Pick/20230208122213.858674.1166679
gfz2023cnwr,ES,EIBI,HHZ,P,2023-02-06T01:23:25.42Z,smi:org.gfz-potsdam.de/geofon/Pick/20230208122213.858825.1166680
gfz2023cnwr,HE,OUF,HHZ,P,2023-02-06T01:23:26.4Z,smi:org.gfz-potsdam.de/geofon/Pick/20230208122213.858978.1166681
gfz2023cnwr,IU,KONO,BHZ,P,2023-02-06T01:23:31.69Z,smi:org.gfz-potsdam.de/geofon/Pick/20230208122213.859229.1166682
gfz2023cnwr,FN,OUL,BHZ,P,2023-02-06T01:23:30.88Z,smi:org.gfz-potsdam.de/geofon/Pick/20230208122213.859475.1166683
gfz2023cnwr,RD,MFF,BHZ,P,2023-02-06T01:23:32.98Z,smi:org.gfz-potsdam.de/geofon/Pick/20230208122213.859786.1166684
gfz2023cnwr,II,AAK,BHZ,P,2023-02-06T01:23:36.48Z,smi:org.gfz-potsdam.de/geofon/Pick/20230208122213.860085.1166685
gfz2023cnwr,FN,MSF,BHZ,P,2023-02-06T01:23:34.6Z,smi:org.gfz-potsdam.de/geofon/Pick/20230208122213.860256.1166686
gfz2023cnwr,HE,KU6,HHZ,P,2023-02-06T01:23:34.49Z,smi:org.gfz-potsdam.de/geofon/Pick/20230208122213.860431.1166687
gfz2023cnwr,ES,EMOS,BHZ,P,2023-02-06T01:23:37.07Z,smi:org.gfz-potsdam.de/geofon/Pick/20230208122213.860579.1166688
gfz2023cnwr,II,NIL,BHZ,P,2023-02-06T01:23:41.17Z,smi:org.gfz-potsdam.de/geofon/Pick/20230208122213.860754.1166689
gfz2023cnwr,WM,CART,BHZ,P,2023-02-06T01:23:42.79Z,smi:org.gfz-potsdam.de/geofon/Pick/20230208122213.860977.1166690
gfz2023cnwr,KR,BOOM,BHZ,P,2023-02-06T01:23:46.58Z,smi:org.gfz-potsdam.de/geofon/Pick/20230208122213.861173.1166691
gfz2023cnwr,FN,RNF,BHZ,P,2023-02-06T01:23:43.81Z,smi:org.gfz-potsdam.de/geofon/Pick/20230208122213.861303.1166692
gfz2023cnwr,ES,EMUR,BHZ,P,2023-02-06T01:23:44.47Z,smi:org.gfz-potsdam.de/geofon/Pick/20230208122213.861436.1166693
gfz2023cnwr,GB,LMK,HHZ,P,2023-02-06T01:23:46.71Z,smi:org.gfz-potsdam.de/geofon/Pick/20230208122213.861562.1166694
gfz2023cnwr,G,TAM,BHZ,P,2023-02-06T01:23:50.97Z,smi:org.gfz-potsdam.de/geofon/Pick/20230208122213.861704.1166695
gfz2023cnwr,KC,ASAI,BHZ,P,2023-02-06T01:23:51.59Z,smi:org.gfz-potsdam.de/geofon/Pick/20230208122213.861896.1166696
gfz2023cnwr,II,LVZ,BHZ,P,2023-02-06T01:23:49.59Z,smi:org.gfz-potsdam.de/geofon/Pick/20230208122213.86211.1166697
gfz2023cnwr,HE,VRF,HHZ,P,2023-02-06T01:23:50.63Z,smi:org.gfz-potsdam.de/geofon/Pick/20230208122213.862284.1166698
gfz2023cnwr,KR,KDJ,BHZ,P,2023-02-06T01:23:54.92Z,smi:org.gfz-potsdam.de/geofon/Pick/20230208122213.862481.1166699
gfz2023cnwr,GB,LBWR,HHZ,P,2023-02-06T01:23:54.09Z,smi:org.gfz-potsdam.de/geofon/Pick/20230208122213.86263.1166700
gfz2023cnwr,RD,ROSF,BHZ,P,2023-02-06T01:23:53.17Z,smi:org.gfz-potsdam.de/geofon/Pick/20230208122213.862837.1166701
gfz2023cnwr,WM,UCM,BHZ,P,2023-02-06T01:23:54.86Z,smi:org.gfz-potsdam.de/geofon/Pick/20230208122213.863149.1166702
gfz2023cnwr,KR,ANVS,BHZ,P,2023-02-06T01:23:56.67Z,smi:org.gfz-potsdam.de/geofon/Pick/20230208122213.863343.1166703
gfz2023cnwr,KC,TARG,BHZ,P,2023-02-06T01:23:59.44Z,smi:org.gfz-potsdam.de/geofon/Pick/20230208122213.863534.1166704
gfz2023cnwr,WM,CHAS,BHZ,P,2023-02-06T01:23:58.2Z,smi:org.gfz-potsdam.de/geofon/Pick/20230208122213.863746.1166705
gfz2023cnwr,KR,PRZ,BHZ,P,2023-02-06T01:24:02.43Z,smi:org.gfz-potsdam.de/geofon/Pick/20230208122213.863953.1166706
gfz2023cnwr,WM,WMELI,BHZ,P,2023-02-06T01:24:01.58Z,smi:org.gfz-potsdam.de/geofon/Pick/20230208122213.864165.1166707
gfz2023cnwr,IU,PAB,BHZ,P,2023-02-06T01:24:03.13Z,smi:org.gfz-potsdam.de/geofon/Pick/20230208122213.864357.1166708
gfz2023cnwr,GB,KESW,HHZ,P,2023-02-06T01:24:02.89Z,smi:org.gfz-potsdam.de/geofon/Pick/20230208122213.864508.1166709
gfz2023cnwr,II,KURK,BHZ,P,2023-02-06T01:24:04.81Z,smi:org.gfz-potsdam.de/geofon/Pick/20230208122213.864691.1166710
gfz2023cnwr,II,ESK,BHZ,P,2023-02-06T01:24:04.72Z,smi:org.gfz-potsdam.de/geofon/Pick/20230208122213.864858.1166711
gfz2023cnwr,GB,ESK,HHZ,P,2023-02-06T01:24:04.92Z,smi:org.gfz-potsdam.de/geofon/Pick/20230208122213.864993.1166712
gfz2023cnwr,G,WUS,BHZ,P,2023-02-06T01:24:08.4Z,smi:org.gfz-potsdam.de/geofon/Pick/20230208122213.865128.1166713
gfz2023cnwr,GB,CCA1,HHZ,P,2023-02-06T01:24:06.13Z,smi:org.gfz-potsdam.de/geofon/Pick/20230208122213.865266.1166714
gfz2023cnwr,WM,EMAL,BHZ,P,2023-02-06T01:24:07.94Z,smi:org.gfz-potsdam.de/geofon/Pick/20230208122213.865475.1166715
gfz2023cnwr,ES,ECAL,BHZ,P,2023-02-06T01:24:15.53Z,smi:org.gfz-potsdam.de/geofon/Pick/20230208122213.865645.1166716
gfz2023cnwr,WM,CEU,BHZ,P,2023-02-06T01:24:17.05Z,smi:org.gfz-potsdam.de/geofon/Pick/20230208122213.865875.1166717
gfz2023cnwr,GE,DSB,BHZ,P,2023-02-06T01:24:16.95Z,smi:org.gfz-potsdam.de/geofon/Pick/20230208122837.812964.1166763
gfz2023cnwr,EI,IWEX,BHZ,P,2023-02-06T01:24:18.47Z,smi:org.gfz-potsdam.de/geofon/Pick/20230208122837.813201.1166764
gfz2023cnwr,GE,ILTH,BHZ,P,2023-02-06T01:24:18.47Z,smi:org.gfz-potsdam.de/geofon/Pick/20230208122837.813299.1166765
gfz2023cnwr,GB,CLGH,HHZ,P,2023-02-06T01:24:18.77Z,smi:org.gfz-potsdam.de/geofon/Pick/20230208122837.813385.1166766
gfz2023cnwr,IU,MAKZ,BHZ,P,2023-02-06T01:24:22.09Z,smi:org.gfz-potsdam.de/geofon/Pick/20230208122837.813556.1166767
gfz2023cnwr,WM,IFR,BHZ,P,2023-02-06T01:24:22.78Z,smi:org.gfz-potsdam.de/geofon/Pick/20230208122837.813741.1166768
gfz2023cnwr,WM,SFS,BHZ,P,2023-02-06T01:24:19.94Z,smi:org.gfz-potsdam.de/geofon/Pick/20230208122837.813881.1166769
gfz2023cnwr,GE,MTE,BHZ,P,2023-02-06T01:24:22.77Z,smi:org.gfz-potsdam.de/geofon/Pick/20230208122837.814008.1166770
gfz2023cnwr,WM,ARNO,BHZ,P,2023-02-06T01:24:22.92Z,smi:org.gfz-potsdam.de/geofon/Pick/20230208122837.814147.1166771
gfz2023cnwr,PM,PESTR,BHZ,P,2023-02-06T01:24:25.12Z,smi:org.gfz-potsdam.de/geofon/Pick/20230208122837.814281.1166772
gfz2023cnwr,WM,EVO,BHZ,P,2023-02-06T01:24:28.67Z,smi:org.gfz-potsdam.de/geofon/Pick/20230208122837.814432.1166773
gfz2023cnwr,PM,PVAQ,BHZ,P,2023-02-06T01:24:28.94Z,smi:org.gfz-potsdam.de/geofon/Pick/20230208122837.814565.1166774
gfz2023cnwr,MN,RTC,BHZ,P,2023-02-06T01:24:31.77Z,smi:org.gfz-potsdam.de/geofon/Pick/20230208122837.814697.1166775
gfz2023cnwr,WM,AVE,BHZ,P,2023-02-06T01:24:38.09Z,smi:org.gfz-potsdam.de/geofon/Pick/20230208122837.814849.1166776
gfz2023cnwr,PM,PFVI,BHZ,P,2023-02-06T01:24:37.03Z,smi:org.gfz-potsdam.de/geofon/Pick/20230208122837.814983.1166777
gfz2023cnwr,WM,TIO,BHZ,P,2023-02-06T01:24:44.4Z,smi:org.gfz-potsdam.de/geofon/Pick/20230208122837.815119.1166778
gfz2023cnwr,ES,EFAM,HHZ,P,2023-02-06T01:25:31.82Z,smi:org.gfz-potsdam.de/geofon/Pick/20230208122837.815246.1166779
gfz2023cnwr,GE,KBS,BHZ,P,2023-02-06T01:25:35.25Z,smi:org.gfz-potsdam.de/geofon/Pick/20230208122837.81533.1166780
gfz2023cnwr,PM,PMOZ,BHZ,P,2023-02-06T01:25:42.05Z,smi:org.gfz-potsdam.de/geofon/Pick/20230208122837.815553.1166782
gfz2023cnwr,ES,EOSO,BHZ,P,2023-02-06T01:25:48.36Z,smi:org.gfz-potsdam.de/geofon/Pick/20230208122837.815636.1166783
gfz2023cnwr,GE,HMDM,BHZ,P,2023-02-06T01:25:48.53Z,smi:org.gfz-potsdam.de/geofon/Pick/20230208122837.815735.1166784
gfz2023cnwr,GE,DAG,HHZ,P,2023-02-06T01:26:00.85Z,smi:org.gfz-potsdam.de/geofon/Pick/20230208122837.815866.1166785
gfz2023cnwr,II,TLY,BHZ,P,2023-02-06T01:26:15.24Z,smi:org.gfz-potsdam.de/geofon/Pick/20230208122837.815983.1166786
gfz2023cnwr,II,CMLA,BHZ,P,2023-02-06T01:26:20.13Z,smi:org.gfz-potsdam.de/geofon/Pick/20230208122837.81609.1166787
gfz2023cnwr,GE,MALK,BHZ,P,2023-02-06T01:26:20.15Z,smi:org.gfz-potsdam.de/geofon/Pick/20230208122837.816179.1166788
gfz2023cnwr,GE,KAAM,BHZ,P,2023-02-06T01:26:25.13Z,smi:org.gfz-potsdam.de/geofon/Pick/20230208122837.816261.1166789
gfz2023cnwr,II,PALK,BHZ,P,2023-02-06T01:26:26.68Z,smi:org.gfz-potsdam.de/geofon/Pick/20230208122837.816371.1166790
gfz2023cnwr,PM,ROSA,BHZ,P,2023-02-06T01:26:33.48Z,smi:org.gfz-potsdam.de/geofon/Pick/20230208122837.816519.1166791
gfz2023cnwr,GE,HALK,BHZ,P,2023-02-06T01:26:32.85Z,smi:org.gfz-potsdam.de/geofon/Pick/20230208122837.816615.1166792
gfz2023cnwr,DK,SCO,BHZ,P,2023-02-06T01:25:53.33Z,smi:org.gfz-potsdam.de/geofon/Pick/20230223140029.272013.448946
gfz2023cnwr,GT,DBIC,BHZ,P,2023-02-06T01:26:18.16Z,smi:org.gfz-potsdam.de/geofon/Pick/20230223140029.272365.448947
gfz2023cnwr,DK,ANGG,BHZ,P,2023-02-06T01:26:33.46Z,smi:org.gfz-potsdam.de/geofon/Pick/20230223140029.27257.448948
gfz2023cnwr,IU,ULN,BHZ,P,2023-02-06T01:26:37.57Z,smi:org.gfz-potsdam.de/geofon/Pick/20230223140029.272786.448949
gfz2023cnwr,GE,SBV,BHZ,P,2023-02-06T01:26:44.13Z,smi:org.gfz-potsdam.de/geofon/Pick/20230223140029.272946.448950
gfz2023cnwr,GE,NPW,HHZ,P,2023-02-06T01:26:57.69Z,smi:org.gfz-potsdam.de/geofon/Pick/20230223140029.273084.448951
gfz2023cnwr,GE,SFJD,BHZ,P,2023-02-06T01:27:09.71Z,smi:org.gfz-potsdam.de/geofon/Pick/20230223140029.273234.448952
gfz2023cnwr,DK,KULLO,BHZ,P,2023-02-06T01:27:10.15Z,smi:org.gfz-potsdam.de/geofon/Pick/20230223140029.273362.448953
gfz2023cnwr,G,IVI,BHZ,P,2023-02-06T01:27:13.59Z,smi:org.gfz-potsdam.de/geofon/Pick/20230223140029.273504.448954
gfz2023cnwr,IU,CHTO,BHZ,P,2023-02-06T01:27:17.64Z,smi:org.gfz-potsdam.de/geofon/Pick/20230223140029.273658.448955
gfz2023cnwr,II,ABPO,BHZ,P,2023-02-06T01:27:19.84Z,smi:org.gfz-potsdam.de/geofon/Pick/20230223140029.273836.448956
gfz2023cnwr,IC,HIA,BHZ,P,2023-02-06T01:27:32.36Z,smi:org.gfz-potsdam.de/geofon/Pick/20230223140029.273991.448957
gfz2023cnwr,IU,YAK,BHZ,P,2023-02-06T01:27:33.72Z,smi:org.gfz-potsdam.de/geofon/Pick/20230223140029.274133.448958
gfz2023cnwr,IC,ENH,BHZ,P,2023-02-06T01:27:36.51Z,smi:org.gfz-potsdam.de/geofon/Pick/20230223140029.274261.448959
gfz2023cnwr,RM,SLV,BHZ,P,2023-02-06T01:27:37.88Z,smi:org.gfz-potsdam.de/geofon/Pick/20230223140029.274435.448960
gfz2023cnwr,IC,BJT,BHZ,P,2023-02-06T01:27:41.03Z,smi:org.gfz-potsdam.de/geofon/Pick/20230223140029.274559.448961
gfz2023cnwr,PL,GKP,HHZ,P,2023-02-06T01:22:17.51Z,smi:org.gfz-potsdam.de/geofon/Pick/20230223140059.676215.448966
gfz2023cnwr,FR,ESCA,BHZ,P,2023-02-06T01:22:44.19Z,smi:org.gfz-potsdam.de/geofon/Pick/20230223140225.192902.448985
gfz2023cnwr,FR,CALF,BHZ,P,2023-02-06T01:22:47.81Z,smi:org.gfz-potsdam.de/geofon/Pick/20230223140225.193127.448986
gfz2023cnwr,GX,WANN,HHZ,P,2023-02-06T01:22:35.06Z,smi:org.gfz-potsdam.de/geofon/Pick/20230223140248.161168.448990
gfz2023cnwr,GB,CWF,HHZ,P,2023-02-06T01:23:50.19Z,smi:org.gfz-potsdam.de/geofon/Pick/20230223140348.322355.449003
gfz2023cnwr,FN,SGF,BHZ,P,2023-02-06T01:23:49.9Z,smi:org.gfz-potsdam.de/geofon/Pick/20230223140348.322585.449004
gfz2023cnwr,ES,ELAN,HHZ,P,2023-02-06T01:23:53.15Z,smi:org.gfz-potsdam.de/geofon/Pick/20230223140348.322694.449005
gfz2023cnwr,HE,KIF,HHZ,P,2023-02-06T01:24:09.65Z,smi:org.gfz-potsdam.de/geofon/Pick/20230223140400.179112.449008
gfz2023cnwr,EI,IDGL,BHZ,P,2023-02-06T01:24:27.02Z,smi:org.gfz-potsdam.de/geofon/Pick/20230223140422.683744.449010
gfz2023cnwr,IC,QIZ,BHZ,P,2023-02-06T01:28:16.28Z,smi:org.gfz-potsdam.de/geofon/Pick/20230223140821.32768.449036
gfz2023cnwr,MY,IPM,BHZ,P,2023-02-06T01:28:24.6Z,smi:org.gfz-potsdam.de/geofon/Pick/20230223140821.328084.449037
gfz2023cnwr,HK,HKPS,BHZ,P,2023-02-06T01:28:28.6Z,smi:org.gfz-potsdam.de/geofon/Pick/20230223140821.328239.449038
gfz2023cnwr,IA,SBSI,BHZ,P,2023-02-06T01:28:29.58Z,smi:org.gfz-potsdam.de/geofon/Pick/20230223140821.328396.449039
gfz2023cnwr,IA,PBSI,BHZ,P,2023-02-06T01:28:32.49Z,smi:org.gfz-potsdam.de/geofon/Pick/20230223140821.328583.449040
gfz2023cnwr,RM,DLV,BHZ,P,2023-02-06T01:28:34.95Z,smi:org.gfz-potsdam.de/geofon/Pick/20230223140821.328755.449041
gfz2023cnwr,IU,INCN,BHZ,P,2023-02-06T01:28:35.52Z,smi:org.gfz-potsdam.de/geofon/Pick/20230223140821.328942.449042
gfz2023cnwr,IU,BILL,BHZ,P,2023-02-06T01:28:36.51Z,smi:org.gfz-potsdam.de/geofon/Pick/20230223140821.329087.449043
gfz2023cnwr,TW,KMNB,BHZ,P,2023-02-06T01:28:39.77Z,smi:org.gfz-potsdam.de/geofon/Pick/20230223140821.329243.449044
gfz2023cnwr,IU,MA2,BHZ,P,2023-02-06T01:28:41.55Z,smi:org.gfz-potsdam.de/geofon/Pick/20230223140821.329385.449045
gfz2023cnwr,KG,TJN,BHZ,P,2023-02-06T01:28:41.58Z,smi:org.gfz-potsdam.de/geofon/Pick/20230223140821.32954.449046
gfz2023cnwr,GE,BKNI,BHZ,P,2023-02-06T01:28:40.47Z,smi:org.gfz-potsdam.de/geofon/Pick/20230223140821.329658.449047
gfz2023cnwr,IA,SDSI,BHZ,P,2023-02-06T01:28:47.74Z,smi:org.gfz-potsdam.de/geofon/Pick/20230223140821.329826.449048
gfz2023cnwr,CN,ICQ,HHZ,P,2023-02-06T01:28:51.47Z,smi:org.gfz-potsdam.de/geofon/Pick/20230223140821.329949.449049
gfz2023cnwr,MY,KOM,BHZ,P,2023-02-06T01:28:48.26Z,smi:org.gfz-potsdam.de/geofon/Pick/20230223140821.330105.449050
gfz2023cnwr,IU,TATO,BHZ,P,2023-02-06T01:28:53.17Z,smi:org.gfz-potsdam.de/geofon/Pick/20230223140821.330263.449051
gfz2023cnwr,TW,YHNB,BHZ,P,2023-02-06T01:28:54.88Z,smi:org.gfz-potsdam.de/geofon/Pick/20230223140821.330434.449052
gfz2023cnwr,II,SUR,BHZ,P,2023-02-06T01:28:52.43Z,smi:org.gfz-potsdam.de/geofon/Pick/20230223140821.330577.449053
gfz2023cnwr,TW,SSLB,BHZ,P,2023-02-06T01:28:53.79Z,smi:org.gfz-potsdam.de/geofon/Pick/20230223140821.330735.449054
gfz2023cnwr,TW,TPUB,BHZ,P,2023-02-06T01:28:56.26Z,smi:org.gfz-potsdam.de/geofon/Pick/20230223140821.330903.449055
gfz2023cnwr,JP,JTU,BHZ,P,2023-02-06T01:28:56.98Z,smi:org.gfz-potsdam.de/geofon/Pick/20230223140821.331063.449056
gfz2023cnwr,TW,YULB,BHZ,P,2023-02-06T01:28:57.15Z,smi:org.gfz-potsdam.de/geofon/Pick/20230223140821.331217.449057
gfz2023cnwr,TW,TWGB,BHZ,P,2023-02-06T01:28:58.55Z,smi:org.gfz-potsdam.de/geofon/Pick/20230223140821.331385.449058
gfz2023cnwr,IA,DSRI,BHZ,P,2023-02-06T01:29:00.9Z,smi:org.gfz-potsdam.de/geofon/Pick/20230223140821.33153.449059
gfz2023cnwr,IU,PET,BHZ,P,2023-02-06T01:29:29.78Z,smi:org.gfz-potsdam.de/geofon/Pick/20230223140832.991911.449063
gfz2023cnwr,US,EGAK,BHZ,P,2023-02-06T01:29:35.16Z,smi:org.gfz-potsdam.de/geofon/Pick/20230223141350.197359.449101
gfz2023cnwr,IA,DBJI,BHZ,P,2023-02-06T01:29:33.89Z,smi:org.gfz-potsdam.de/geofon/Pick/20230223141350.197622.449102
gfz2023cnwr,CN,KAPO,HHZ,P,2023-02-06T01:29:35.22Z,smi:org.gfz-potsdam.de/geofon/Pick/20230223141350.197704.449103
gfz2023cnwr,IA,SKJI,BHZ,P,2023-02-06T01:29:36.2Z,smi:org.gfz-potsdam.de/geofon/Pick/20230223141350.197782.449104
gfz2023cnwr,IA,CBJI,BHZ,P,2023-02-06T01:29:33.85Z,smi:org.gfz-potsdam.de/geofon/Pick/20230223141350.197861.449105
gfz2023cnwr,IU,BBSR,BHZ,P,2023-02-06T01:29:40.77Z,smi:org.gfz-potsdam.de/geofon/Pick/20230223141350.197946.449106
gfz2023cnwr,US,BINY,BHZ,P,2023-02-06T01:29:44.92Z,smi:org.gfz-potsdam.de/geofon/Pick/20230223141350.198056.449107
gfz2023cnwr,IA,KPJI,BHZ,P,2023-02-06T01:29:45.05Z,smi:org.gfz-potsdam.de/geofon/Pick/20230223141350.198137.449108
gfz2023cnwr,II,FFC,BHZ,P,2023-02-06T01:29:53.97Z,smi:org.gfz-potsdam.de/geofon/Pick/20230223141350.198223.449109
gfz2023cnwr,CN,WHY,HHZ,P,2023-02-06T01:29:57.08Z,smi:org.gfz-potsdam.de/geofon/Pick/20230223141350.198305.449110
gfz2023cnwr,IU,SSPA,BHZ,P,2023-02-06T01:29:55.62Z,smi:org.gfz-potsdam.de/geofon/Pick/20230223141350.19839.449111
gfz2023cnwr,GE,BKB,BHZ,P,2023-02-06T01:29:58.98Z,smi:org.gfz-potsdam.de/geofon/Pick/20230223141350.198468.449112
gfz2023cnwr,IA,PWJI,BHZ,P,2023-02-06T01:29:57.98Z,smi:org.gfz-potsdam.de/geofon/Pick/20230223141350.198547.449113
gfz2023cnwr,IU,DAV,BHZ,P,2023-02-06T01:30:07.76Z,smi:org.gfz-potsdam.de/geofon/Pick/20230223141350.19866.449114
gfz2023cnwr,II,KDAK,BHZ,P,2023-02-06T01:30:11.06Z,smi:org.gfz-potsdam.de/geofon/Pick/20230223141350.198746.449115
gfz2023cnwr,G,CRZF,BHZ,P,2023-02-06T01:30:07.56Z,smi:org.gfz-potsdam.de/geofon/Pick/20230223141350.198818.449116
gfz2023cnwr,US,AGMN,BHZ,P,2023-02-06T01:30:10.26Z,smi:org.gfz-potsdam.de/geofon/Pick/20230223141350.198915.449117
gfz2023cnwr,IA,PMSI,BHZ,P,2023-02-06T01:30:11.79Z,smi:org.gfz-potsdam.de/geofon/Pick/20230223141350.199003.449118
gfz2023cnwr,IA,SMSI,BHZ,P,2023-02-06T01:30:12.32Z,smi:org.gfz-potsdam.de/geofon/Pick/20230223141350.199089.449119
gfz2023cnwr,IA,IGBI,BHZ,P,2023-02-06T01:30:13.92Z,smi:org.gfz-potsdam.de/geofon/Pick/20230223141350.199171.449120
gfz2023cnwr,CU,ANWB,BHZ,P,2023-02-06T01:30:16.74Z,smi:org.gfz-potsdam.de/geofon/Pick/20230223141350.199246.449121
gfz2023cnwr,IA,TTSI,BHZ,P,2023-02-06T01:30:13.66Z,smi:org.gfz-potsdam.de/geofon/Pick/20230223141350.199322.449122
gfz2023cnwr,WI,DSD,BHZ,P,2023-02-06T01:30:15.47Z,smi:org.gfz-potsdam.de/geofon/Pick/20230223141350.199428.449123
gfz2023cnwr,IA,SPSI,BHZ,P,2023-02-06T01:30:16.68Z,smi:org.gfz-potsdam.de/geofon/Pick/20230223141350.199526.449124
gfz2023cnwr,NA,SMRT,BHZ,P,2023-02-06T01:30:21.52Z,smi:org.gfz-potsdam.de/geofon/Pick/20230223141350.199621.449125
gfz2023cnwr,IA,TMSI,BHZ,P,2023-02-06T01:30:20.37Z,smi:org.gfz-potsdam.de/geofon/Pick/20230223141350.199717.449126
gfz2023cnwr,US,TZTN,BHZ,P,2023-02-06T01:30:25.81Z,smi:org.gfz-potsdam.de/geofon/Pick/20230223141350.19981.449127
gfz2023cnwr,IA,KKSI,BHZ,P,2023-02-06T01:30:26.03Z,smi:org.gfz-potsdam.de/geofon/Pick/20230223141350.199892.449128
gfz2023cnwr,US,ECSD,BHZ,P,2023-02-06T01:30:29.87Z,smi:org.gfz-potsdam.de/geofon/Pick/20230223141350.199987.449129
gfz2023cnwr,IU,SJG,BHZ,P,2023-02-06T01:30:30.74Z,smi:org.gfz-potsdam.de/geofon/Pick/20230223141350.200068.449130
gfz2023cnwr,CU,GRGR,BHZ,P,2023-02-06T01:30:33.47Z,smi:org.gfz-potsdam.de/geofon/Pick/20230223141350.200142.449131
gfz2023cnwr,IA,BBSI,BHZ,P,2023-02-06T01:30:32.07Z,smi:org.gfz-potsdam.de/geofon/Pick/20230223141350.200219.449132
gfz2023cnwr,GE,TNTI,BHZ,P,2023-02-06T01:30:36.02Z,smi:org.gfz-potsdam.de/geofon/Pick/20230223141350.200294.449133
gfz2023cnwr,US,GOGA,BHZ,P,2023-02-06T01:30:35.25Z,smi:org.gfz-potsdam.de/geofon/Pick/20230223141350.200391.449134
gfz2023cnwr,GE,SANI,BHZ,P,2023-02-06T01:30:34.06Z,smi:org.gfz-potsdam.de/geofon/Pick/20230223141350.200485.449135
gfz2023cnwr,IU,WVT,BHZ,P,2023-02-06T01:30:37.49Z,smi:org.gfz-potsdam.de/geofon/Pick/20230223141350.200569.449136
gfz2023cnwr,IA,AAII,BHZ,P,2023-02-06T01:30:48.31Z,smi:org.gfz-potsdam.de/geofon/Pick/20230223141350.200681.449137
gfz2023cnwr,GE,SOEI,BHZ,P,2023-02-06T01:30:49.46Z,smi:org.gfz-potsdam.de/geofon/Pick/20230223141350.20078.449138
gfz2023cnwr,BL,PMNB,HHZ,P,2023-02-06T01:31:02.54Z,smi:org.gfz-potsdam.de/geofon/Pick/20230223141350.200932.449140
gfz2023cnwr,US,HWUT,BHZ,P,2023-02-06T01:31:02.03Z,smi:org.gfz-potsdam.de/geofon/Pick/20230223141350.201022.449141
gfz2023cnwr,BL,CLDB,HHZ,P,2023-02-06T01:31:13.85Z,smi:org.gfz-potsdam.de/geofon/Pick/20230223141350.201103.449142
gfz2023cnwr,IU,CCM,BHZ,P,2023-02-06T01:30:37.95Z,smi:org.gfz-potsdam.de/geofon/Pick/20230223141459.870682.449158
gfz2023cnwr,IU,RSSD,BHZ,P,2023-02-06T01:30:42.61Z,smi:org.gfz-potsdam.de/geofon/Pick/20230223141459.87102.449159
gfz2023cnwr,CU,SDDR,BHZ,P,2023-02-06T01:30:47.1Z,smi:org.gfz-potsdam.de/geofon/Pick/20230223141459.871175.449160
gfz2023cnwr,IA,ATNI,BHZ,P,2023-02-06T01:30:48.73Z,smi:org.gfz-potsdam.de/geofon/Pick/20230223141459.871334.449161
gfz2023cnwr,GE,VOI,BHZ,P,2023-02-06T01:27:38.41Z,smi:org.gfz-potsdam.de/geofon/Pick/20230223141546.294957.449167
gfz2023cnwr,GE,LHMI,BHZ,P,2023-02-06T01:27:59.64Z,smi:org.gfz-potsdam.de/geofon/Pick/20230223141546.295229.449168
gfz2023cnwr,GT,LBTB,BHZ,P,2023-02-06T01:28:00.55Z,smi:org.gfz-potsdam.de/geofon/Pick/20230223141546.295357.449169
gfz2023cnwr,ES,EADA,BHZ,P,2023-02-06T01:24:07.04Z,smi:org.gfz-potsdam.de/geofon/Pick/20230223141636.247726.449178
gfz2023cnwr,IU,KEV,BHZ,P,2023-02-06T01:24:09.84Z,smi:org.gfz-potsdam.de/geofon/Pick/20230223141636.248058.449179
gfz2023cnwr,HE,KEV,HHZ,P,2023-02-06T01:24:10.23Z,smi:org.gfz-potsdam.de/geofon/Pick/20230223141636.248246.449180
gfz2023cnwr,CN,LLLB,HHZ,P,2023-02-06T01:30:39.88Z,smi:org.gfz-potsdam.de/geofon/Pick/20230223141647.224291.449226
gfz2023cnwr,US,MIAR,BHZ,P,2023-02-06T01:30:57.73Z,smi:org.gfz-potsdam.de/geofon/Pick/20230223141749.064979.449232
gfz2023cnwr,US,AHID,BHZ,P,2023-02-06T01:30:59.42Z,smi:org.gfz-potsdam.de/geofon/Pick/20230223141749.065286.449233
gfz2023cnwr,CW,CCCC,HHZ,P,2023-02-06T01:30:59.07Z,smi:org.gfz-potsdam.de/geofon/Pick/20230223141749.065404.449234
gfz2023cnwr,US,HLID,BHZ,P,2023-02-06T01:31:01.09Z,smi:org.gfz-potsdam.de/geofon/Pick/20230223141749.065541.449235
gfz2023cnwr,US,ISCO,BHZ,P,2023-02-06T01:31:00.36Z,smi:org.gfz-potsdam.de/geofon/Pick/20230223141749.065682.449236
gfz2023cnwr,GE,FAKI,BHZ,P,2023-02-06T01:31:01.76Z,smi:org.gfz-potsdam.de/geofon/Pick/20230223141749.065792.449237
gfz2023cnwr,BL,BSCB,HHZ,P,2023-02-06T01:31:00.79Z,smi:org.gfz-potsdam.de/geofon/Pick/20230223141749.0659.449238
gfz2023cnwr,US,DUG,BHZ,P,2023-02-06T01:31:12.11Z,smi:org.gfz-potsdam.de/geofon/Pick/20230223141749.066041.449239
gfz2023cnwr,US,MVCO,BHZ,P,2023-02-06T01:31:16.46Z,smi:org.gfz-potsdam.de/geofon/Pick/20230223141749.066182.449240
gfz2023cnwr,US,MNTX,BHZ,P,2023-02-06T01:31:34.11Z,smi:org.gfz-potsdam.de/geofon/Pick/20230223141800.611508.449244
gfz2023cnwr,AU,KNRA,BHZ,P,2023-02-06T01:31:24.13Z,smi:org.gfz-potsdam.de/geofon/Pick/20230223141808.395455.449247
gfz2023cnwr,US,NEW,BHZ,P,2023-02-06T01:30:43.48Z,smi:org.gfz-potsdam.de/geofon/Pick/20230223141830.138307.449251
gfz2023cnwr,US,WMOK,BHZ,P,2023-02-06T01:31:08.48Z,smi:org.gfz-potsdam.de/geofon/Pick/20230223141843.810226.449254
gfz2023cnwr,IA,MPSI,BHZ,P,2023-02-06T01:30:06.17Z,smi:org.gfz-potsdam.de/geofon/Pick/20230223141851.922533.449256
gfz2023cnwr,IA,MRSI,BHZ,P,2023-02-06T01:30:12.03Z,smi:org.gfz-potsdam.de/geofon/Pick/20230223141931.875495.449265
gfz2023cnwr,IA,LWLI,BHZ,P,2023-02-06T01:29:14.12Z,smi:org.gfz-potsdam.de/geofon/Pick/20230223141956.274971.449270
gfz2023cnwr,JP,JTM,BHZ,P,2023-02-06T01:29:20.01Z,smi:org.gfz-potsdam.de/geofon/Pick/20230223142008.124214.449274
gfz2023cnwr,IA,BLSI,BHZ,P,2023-02-06T01:29:23.23Z,smi:org.gfz-potsdam.de/geofon/Pick/20230223142127.164964.449288
gfz2023cnwr,G,INU,BHZ,P,2023-02-06T01:29:24.09Z,smi:org.gfz-potsdam.de/geofon/Pick/20230223142127.165207.449289
gfz2023cnwr,IU,MAJO,BHZ,P,2023-02-06T01:29:24.72Z,smi:org.gfz-potsdam.de/geofon/Pick/20230223142127.165348.449290
gfz2023cnwr,IU,HRV,BHZ,P,2023-02-06T01:29:30.57Z,smi:org.gfz-potsdam.de/geofon/Pick/20230223142127.165469.449291
gfz2023cnwr,JP,JSG,BHZ,P,2023-02-06T01:29:31.53Z,smi:org.gfz-potsdam.de/geofon/Pick/20230223142127.165611.449292
gfz2023cnwr,MY,KKM,BHZ,P,2023-02-06T01:29:31.6Z,smi:org.gfz-potsdam.de/geofon/Pick/20230223142127.165755.449293
gfz2023cnwr,IU,COLA,BHZ,P,2023-02-06T01:29:33.37Z,smi:org.gfz-potsdam.de/geofon/Pick/20230223142127.16588.449294
gfz2023cnwr,JP,JMZ,BHZ,P,2023-02-06T01:29:32.01Z,smi:org.gfz-potsdam.de/geofon/Pick/20230223142127.166037.449295
gfz2023cnwr,IA,TNGI,BHZ,P,2023-02-06T01:29:34.65Z,smi:org.gfz-potsdam.de/geofon/Pick/20230223142127.166155.449296
gfz2023cnwr,IU,YSS,BHZ,P,2023-02-06T01:29:05.16Z,smi:org.gfz-potsdam.de/geofon/Pick/20230223142138.588443.449300
gfz2023cnwr,JP,JSU,BHZ,P,2023-02-06T01:29:10.61Z,smi:org.gfz-potsdam.de/geofon/Pick/20230223142526.2805.449325
gfz2023cnwr,CN,INK,HHZ,P,2023-02-06T01:29:13.11Z,smi:org.gfz-potsdam.de/geofon/Pick/20230223142526.280717.449326
gfz2023cnwr,GE,PMBI,BHZ,P,2023-02-06T01:29:10.24Z,smi:org.gfz-potsdam.de/geofon/Pick/20230223142526.280801.449327
gfz2023cnwr,JP,JOW,BHZ,P,2023-02-06T01:29:17.09Z,smi:org.gfz-potsdam.de/geofon/Pick/20230223142526.280903.449328
gfz2023cnwr,JP,JMN,BHZ,P,2023-02-06T01:29:17.73Z,smi:org.gfz-potsdam.de/geofon/Pick/20230223142526.280997.449329
gfz2023cnwr,JP,JGF,BHZ,P,2023-02-06T01:29:24.65Z,smi:org.gfz-potsdam.de/geofon/Pick/20230223142546.121527.449333
gfz2023cnwr,IN,MNC,HHZ,P,2023-02-06T01:25:40.2Z,smi:org.gfz-potsdam.de/geofon/Pick/20230223142612.584496.449342
gfz2023cnwr,GE,WIN,BHZ,P,2023-02-06T01:27:58.02Z,smi:org.gfz-potsdam.de/geofon/Pick/20230223143518.682257.449480
gfz2023cnwr,TW,NACB,BHZ,P,2023-02-06T01:28:56.22Z,smi:org.gfz-potsdam.de/geofon/Pick/20230223143518.682776.449481
gfz2023cnwr,JP,YOJ,BHZ,P,2023-02-06T01:29:03.94Z,smi:org.gfz-potsdam.de/geofon/Pick/20230223143518.682932.449482
gfz2023cnwr,JP,JKA,BHZ,P,2023-02-06T01:29:14.27Z,smi:org.gfz-potsdam.de/geofon/Pick/20230223143518.683078.449483
gfz2023cnwr,IA,MDSI,BHZ,P,2023-02-06T01:29:11.91Z,smi:org.gfz-potsdam.de/geofon/Pick/20230223143518.683183.449484
gfz2023cnwr,II,ERM,BHZ,P,2023-02-06T01:29:24.56Z,smi:org.gfz-potsdam.de/geofon/Pick/20230223143518.683322.449485
gfz2023cnwr,IA,LEM,BHZ,P,2023-02-06T01:29:39.24Z,smi:org.gfz-potsdam.de/geofon/Pick/20230223143518.68347.449486
gfz2023cnwr,IA,CMJI,BHZ,P,2023-02-06T01:29:44.27Z,smi:org.gfz-potsdam.de/geofon/Pick/20230223143518.683588.449487
gfz2023cnwr,GE,SMRI,BHZ,P,2023-02-06T01:29:53.35Z,smi:org.gfz-potsdam.de/geofon/Pick/20230223143518.683688.449488
gfz2023cnwr,IA,YOGI,BHZ,P,2023-02-06T01:29:53.82Z,smi:org.gfz-potsdam.de/geofon/Pick/20230223143518.683794.449489
gfz2023cnwr,IA,PCJI,BHZ,P,2023-02-06T01:30:00.44Z,smi:org.gfz-potsdam.de/geofon/Pick/20230223143518.683906.449490
gfz2023cnwr,IA,BLJI,BHZ,P,2023-02-06T01:30:04.58Z,smi:org.gfz-potsdam.de/geofon/Pick/20230223143518.684015.449491
gfz2023cnwr,IA,ABJI,BHZ,P,2023-02-06T01:30:08.08Z,smi:org.gfz-potsdam.de/geofon/Pick/20230223143518.684116.449492
gfz2023cnwr,IA,BYJI,BHZ,P,2023-02-06T01:30:10.68Z,smi:org.gfz-potsdam.de/geofon/Pick/20230223143518.684211.449493
gfz2023cnwr,WI,TDBA,HHZ,P,2023-02-06T01:30:22.21Z,smi:org.gfz-potsdam.de/geofon/Pick/20230223143518.684375.449494
gfz2023cnwr,NA,SEUS,BHZ,P,2023-02-06T01:30:23.54Z,smi:org.gfz-potsdam.de/geofon/Pick/20230223143518.684526.449495
gfz2023cnwr,WI,ILAM,BHZ,P,2023-02-06T01:30:23.33Z,smi:org.gfz-potsdam.de/geofon/Pick/20230223143518.68466.449496
gfz2023cnwr,IA,MGAI,BHZ,P,2023-02-06T01:30:24.46Z,smi:org.gfz-potsdam.de/geofon/Pick/20230223143518.684768.449497
gfz2023cnwr,IA,BKSI,BHZ,P,2023-02-06T01:30:22.64Z,smi:org.gfz-potsdam.de/geofon/Pick/20230223143518.684879.449498
gfz2023cnwr,IA,LBMI,BHZ,P,2023-02-06T01:30:35.72Z,smi:org.gfz-potsdam.de/geofon/Pick/20230223143518.685007.449499
gfz2023cnwr,IA,EDFI,BHZ,P,2023-02-06T01:30:39.13Z,smi:org.gfz-potsdam.de/geofon/Pick/20230223143518.685101.449500
gfz2023cnwr,IA,BASI,BHZ,P,2023-02-06T01:30:39.36Z,smi:org.gfz-potsdam.de/geofon/Pick/20230223143518.685203.449501
gfz2023cnwr,GE,MMRI,BHZ,P,2023-02-06T01:30:41.8Z,smi:org.gfz-potsdam.de/geofon/Pick/20230223143518.685298.449502
gfz2023cnwr,IA,NLAI,BHZ,P,2023-02-06T01:30:44.52Z,smi:org.gfz-potsdam.de/geofon/Pick/20230223143518.685395.449503
gfz2023cnwr,CW,MASC,HHZ,P,2023-02-06T01:30:52.22Z,smi:org.gfz-potsdam.de/geofon/Pick/20230223143518.685478.449504
gfz2023cnwr,IU,GUMO,BHZ,P,2023-02-06T01:31:00.58Z,smi:org.gfz-potsdam.de/geofon/Pick/20230223143518.685597.449505
gfz2023cnwr,IA,SRPI,BHZ,P,2023-02-06T01:31:14.13Z,smi:org.gfz-potsdam.de/geofon/Pick/20230223143518.685735.449506
gfz2023cnwr,BL,PCMB,HHZ,P,2023-02-06T01:31:29.38Z,smi:org.gfz-potsdam.de/geofon/Pick/20230223143518.685835.449507
